customer_id,age,gender,region,education_level,employment_type,annual_income,loan_amount,loan_purpose,credit_score,repayment_history,transaction_count,spending_ratio,join_date,default_flag
CUST00001,43.0,Female,South,Secondary,Salaried,,203505.19032537736,Car,694.7652794293834,1,146,33.01417750479708,2025-07-23,1
CUST00002,41.0,Female,West,Graduate,Salaried,119122.86093476124,197656.74240594212,Other,638.308984357378,1,76,27.024798260082544,2023-06-08,1
CUST00003,41.0,Male,East,Post-Graduate,,68603.44060653963,132779.68310096033,Business,850.0,6,31,35.33754010183696,2017-02-06,1
CUST00004,27.0,Female,East,Graduate,Salaried,129773.06070970745,172829.25858560886,Home,595.1527309176754,0,132,16.60290045739577,2019-09-28,1
CUST00005,30.0,Female,North,Post-Graduate,Salaried,74947.6998451184,109098.17595394528,Home,606.0020559893447,9,110,11.675467175673985,2025-03-02,0
CUST00006,49.0,Female,North,Graduate,Self-Employed,65071.35906706404,142185.21824434647,Education,713.7232550124963,11,169,35.93788427327753,2020-06-07,0
CUST00007,34.0,Female,North,Graduate,Salaried,49384.03135818216,96008.42855319768,Home,666.5978322911461,1,75,32.15150819062752,2023-08-31,0
CUST00008,52.0,Male,West,Post-Graduate,Self-Employed,,277260.3446470823,Other,616.0670397218307,9,157,25.940007461251785,2025-06-26,0
CUST00009,60.0,Female,East,Secondary,Salaried,78123.46790765032,141953.22057450147,Business,726.8301718990525,3,71,27.90982086138345,2019-11-30,0
CUST00010,35.0,Male,East,Graduate,Salaried,108535.44644468628,277055.1112923238,Car,646.7082268215103,0,94,9.001566453357565,2020-01-23,1
CUST00011,43.0,Male,North,Secondary,Salaried,93155.53532015621,190184.13898007342,Car,646.1442618042089,3,8,52.62539810243907,2017-06-09,1
CUST00012,58.0,Male,West,Post-Graduate,Salaried,76912.204055332,104523.6738942097,Other,,11,110,17.89072406103639,2019-01-12,0
CUST00013,45.0,Male,West,Post-Graduate,Unemployed,55968.95066729123,184527.41080950253,Home,511.2703448390129,10,83,22.103672291926753,2023-08-13,0
CUST00014,29.0,Male,North,Primary,Salaried,142194.01615931472,243984.29380305737,Car,522.5396806568451,9,100,76.97158596261303,2019-10-15,0
CUST00015,36.0,Female,North,Graduate,Salaried,44789.13416529602,156562.34875090065,Home,736.9516490069446,4,97,7.127561884457647,2024-01-03,0
CUST00016,62.0,Male,North,Post-Graduate,Salaried,157253.86426862882,168891.9898329406,Other,595.8430663265997,8,78,16.985470583158722,2023-02-03,0
CUST00017,27.0,Female,South,Secondary,Salaried,54104.34569261703,123533.95614761951,Car,639.3638921432243,0,130,8.436149928098763,2023-03-02,1
CUST00018,44.0,Male,East,Graduate,Self-Employed,62852.05168184794,164728.11620752243,Education,778.9950908898342,11,20,31.300402077444044,2021-06-11,0
CUST00019,46.0,Male,South,Post-Graduate,Salaried,40942.70321068363,183312.7692278319,Business,642.9706035256332,4,151,26.698610790878984,2026-04-27,0
CUST00020,52.0,Female,South,Primary,Self-Employed,73068.94393301236,121855.6093582881,Home,633.1928948714271,1,161,5.947916558579895,2022-01-07,0
CUST00021,50.0,Male,East,Graduate,Unemployed,177227.1416642738,94878.46461005088,Home,721.6862071596231,8,120,38.80457614428043,2016-12-14,1
CUST00022,44.0,Male,North,Secondary,Salaried,134507.71716457928,309893.8968943809,Home,602.1388066757712,5,183,30.883695655102706,2018-07-30,1
CUST00023,31.0,Female,South,Post-Graduate,Unemployed,177558.1193421765,220149.08457603818,Home,746.2343383425632,1,22,19.57049629836366,2026-05-16,1
CUST00024,30.0,Male,South,Post-Graduate,Salaried,135034.49287463457,123768.84446147455,Other,720.0446335549184,2,190,37.20297727226787,2022-05-15,1
CUST00025,34.0,Male,South,Post-Graduate,Salaried,50909.15775118368,181648.47249879868,Other,796.426655624667,7,176,25.40592717558794,2018-02-22,0
CUST00026,53.0,Male,West,Graduate,Salaried,80945.10318291237,77707.78047558578,Other,,0,20,31.03418333867732,2020-10-09,0
CUST00027,62.0,Female,North,Post-Graduate,Self-Employed,61813.71364870482,60564.5194546022,Other,759.3579716961931,11,197,60.971117154024014,2020-07-28,1
CUST00028,22.0,Female,East,Post-Graduate,Unemployed,219332.6798929483,279866.0972724663,Car,694.3273685603141,2,134,42.47113948715284,2026-06-20,1
CUST00029,22.0,Female,East,Secondary,Salaried,48142.797054111,182549.30321655746,Other,543.9706893059982,9,60,47.3804080311688,2020-08-28,0
CUST00030,58.0,Female,North,Post-Graduate,Self-Employed,168757.59474755297,158918.81689731352,Car,442.3058860444275,0,83,70.2029297700254,2018-03-14,1
CUST00031,61.0,Male,East,Primary,Salaried,168682.29645969198,182833.02843654566,Education,586.1578494323736,10,107,26.215796758848164,2022-03-21,1
CUST00032,39.0,Male,North,Graduate,Salaried,295898.60413686844,816731.6233289076,Other,673.3878245876602,10,32,34.64757536328679,2022-07-15,0
CUST00033,57.0,Female,North,Secondary,Salaried,77202.57145203355,251336.4209322027,Education,684.9878346086246,7,197,41.59878514177539,2025-04-05,1
CUST00034,52.0,Male,West,Secondary,Unemployed,151356.50535929078,771985.7794937955,Other,645.2735147771948,0,9,25.589928270015644,2022-12-27,1
CUST00035,22.0,Male,West,Primary,Self-Employed,388089.4378339121,70249.7342337828,Education,645.9896507261574,4,110,31.192029465923877,2019-01-14,0
CUST00036,57.0,Male,West,Graduate,Salaried,68146.49423030925,275754.94825790904,Business,639.9205199919847,3,26,8.150328234668917,2019-03-21,1
CUST00037,30.0,Male,South,Secondary,Salaried,39299.84490769901,249708.10310800606,Education,732.4973706990686,6,121,15.073793352665726,2025-09-09,1
CUST00038,43.0,Other,North,Graduate,Salaried,31952.12537988585,216973.47364325923,Car,535.0968241373542,4,104,62.559671789102126,2021-04-12,0
CUST00039,49.0,Male,East,Primary,Salaried,151391.9150518416,108397.51946376983,Home,671.4631886027422,7,17,6.328809400911995,2016-09-27,1
CUST00040,47.0,Male,South,Secondary,Salaried,31891.980913997977,195173.20907334055,Education,,11,69,39.607699815274,2020-07-13,0
CUST00041,31.0,Male,North,Graduate,Self-Employed,78953.04346695583,113360.40143836451,Home,577.4767147954053,10,148,36.39157244279369,2022-01-02,1
CUST00042,24.0,Other,South,Graduate,Salaried,128333.53707826254,226701.83775436782,Business,744.0984451125469,0,90,54.78411899651155,2026-06-14,1
CUST00043,23.0,Male,North,Secondary,Salaried,110316.11786677326,266020.4471078735,Business,571.3389538464046,4,68,74.50512030237014,2021-03-06,1
CUST00044,58.0,Male,West,Graduate,Salaried,127422.92086175304,124028.12341249628,Car,638.838541288011,3,36,30.836993471523627,2020-10-03,0
CUST00045,52.0,Female,South,Post-Graduate,Self-Employed,112800.25892529948,286617.85178990336,Car,806.6798721503196,2,84,6.649036024292807,2019-03-20,1
CUST00046,,Female,East,Graduate,Self-Employed,212632.26303042998,172374.75603537922,Education,717.0461574465339,4,55,16.35508022622571,2026-02-20,1
CUST00047,53.0,Male,South,Secondary,Salaried,55748.74464869928,208133.8385288449,Other,613.6023749631697,9,83,14.79769227856492,2019-08-29,1
CUST00048,64.0,,East,Primary,Self-Employed,65762.35998427769,84557.18399683219,Business,620.2101553275295,2,190,33.355774725229246,2022-06-05,1
CUST00049,33.0,Male,East,Post-Graduate,Salaried,62093.98062302874,182792.56292876787,Home,551.8237681073366,7,178,6.141850969094424,2019-04-14,0
CUST00050,24.0,Male,North,Primary,Salaried,162448.30175987777,116100.07414225969,Other,754.0516193812841,2,184,42.203373607792614,2023-07-06,1
CUST00051,47.0,Male,West,Post-Graduate,Salaried,,206347.4602239993,Business,730.9081446336854,0,110,12.471255332435515,2020-04-26,1
CUST00052,35.0,Male,West,Graduate,Salaried,129409.25638320949,338941.0016634964,Education,704.9281819095825,8,67,13.155692940353767,2025-07-04,1
CUST00053,33.0,Male,West,Post-Graduate,Salaried,200806.33199335056,188105.84800122416,Business,713.746635584731,8,80,36.9439905738882,2024-08-25,0
CUST00054,,Male,West,Graduate,Unemployed,48687.396634651726,103732.68647141442,Car,588.0380312482062,5,64,12.779610265241665,2019-01-16,1
CUST00055,37.0,Female,East,Post-Graduate,Self-Employed,268427.0514803529,222622.55677011382,Home,526.167004581132,9,69,43.61252030699675,2018-09-06,1
CUST00056,29.0,Other,West,Secondary,Self-Employed,246210.7543234702,198967.02230104437,Home,694.8432340243047,0,121,9.412873752621525,2019-07-17,1
CUST00057,49.0,Female,North,Graduate,Salaried,153487.31410812883,455568.27432571666,Car,721.0846298897116,7,85,9.899450184144957,2017-08-28,0
CUST00058,28.0,Male,North,Graduate,Salaried,,1478332.7968057587,Other,778.563734650157,1,109,53.050863386050025,2024-06-15,1
CUST00059,36.0,Male,North,Graduate,Self-Employed,36535.003330823696,121450.55502262451,Car,633.9287834981257,8,132,20.328987309668342,2026-02-25,1
CUST00060,62.0,Other,South,Graduate,Salaried,72065.52965989341,239263.4709935149,Home,622.2598977135744,7,187,29.21946933268253,2021-05-25,1
CUST00061,57.0,Male,South,Post-Graduate,Salaried,635014.439245043,152689.38354127275,Education,630.8591836264435,2,189,19.98947329805721,2023-12-08,0
CUST00062,29.0,Male,South,Post-Graduate,Salaried,152190.39189364473,169418.20023893352,Other,703.659506034631,4,75,54.00660052191115,2019-07-05,1
CUST00063,31.0,Female,West,Graduate,Self-Employed,525707.7080934471,102309.92694446952,Business,627.4328573859802,8,90,49.51312514809156,2026-01-30,1
CUST00064,36.0,Female,South,Graduate,Salaried,155514.94100241238,153090.20374335564,Education,,0,158,31.52929587500346,2019-06-22,0
CUST00065,39.0,Female,South,Graduate,Salaried,224655.11576552034,165281.00232570802,Other,,8,144,69.3636279280648,2021-08-30,1
CUST00066,58.0,Male,East,Graduate,Self-Employed,149809.79574004264,152638.19511127478,Home,599.9331075813011,3,75,35.034441007182785,2018-01-07,1
CUST00067,62.0,Male,North,Secondary,Salaried,117037.60989238367,121122.3315961663,Home,761.2923188337411,3,50,21.49747483385461,2025-03-03,0
CUST00068,64.0,Other,West,Secondary,Salaried,54571.988309411965,187984.45743429806,Education,700.6471205861261,3,51,19.136420022472677,2019-04-03,0
CUST00069,56.0,Male,North,Secondary,Salaried,59390.49171054598,102566.20706000758,Other,501.3903496527748,9,83,3.7332105875348605,2019-08-19,0
CUST00070,23.0,Female,West,Secondary,Salaried,208933.50933510912,91171.96246987204,Business,608.7716642777308,11,170,44.01585421890969,2021-06-02,1
CUST00071,,Female,West,Secondary,Self-Employed,157567.5292251984,232063.9096548922,Business,488.0525201435113,8,153,28.320784133771497,2020-08-04,1
CUST00072,36.0,Female,North,Secondary,Salaried,,221654.48820757403,Car,634.2656481370559,5,146,18.012714484191854,2019-05-08,1
CUST00073,58.0,Male,North,Primary,Salaried,76822.60966893437,84643.00583710204,Education,610.1351116703571,10,134,18.502876838103436,2020-05-12,1
CUST00074,60.0,Male,West,Primary,Self-Employed,,65200.50392420772,Other,716.7883807360151,7,131,15.586011116484395,2023-03-20,1
CUST00075,57.0,Female,East,Post-Graduate,Self-Employed,51921.51595172894,98285.22378633605,Education,579.5185320835733,11,113,18.114917708663793,2023-08-25,0
CUST00076,26.0,Female,East,Graduate,Self-Employed,310783.3896782646,152641.9867875778,Business,681.0188001547592,3,123,10.398292180034517,2020-05-16,0
CUST00077,36.0,Female,West,Secondary,Salaried,45785.67999730802,289866.2206380752,Other,695.5078087574747,2,105,38.05297191031599,2023-08-08,1
CUST00078,48.0,Male,North,Graduate,Salaried,110601.3852363227,150787.6321230964,Home,670.5755881782411,0,165,50.95565437277113,2018-10-23,0
CUST00079,37.0,Male,South,Secondary,,180677.03581508022,110781.98785957095,Home,741.2098865418022,9,10,32.17672881014361,2020-02-05,1
CUST00080,57.0,Female,North,Post-Graduate,Self-Employed,,175306.8444823414,Other,815.46310806735,6,130,30.198854442435547,2023-02-13,1
CUST00081,59.0,Female,West,Graduate,Salaried,110285.33985720179,153735.97198360696,Education,658.9553554159254,3,107,27.986399327032828,2021-08-24,0
CUST00082,39.0,Female,East,Primary,Salaried,,81592.80363156371,Education,682.4143613512294,7,41,5.2751817365947336,2019-09-24,1
CUST00083,56.0,Male,South,Graduate,Salaried,99458.88216297104,654685.4034895789,Home,579.5778436934312,2,146,28.05019222585956,2023-05-23,0
CUST00084,46.0,Female,North,Post-Graduate,Unemployed,551855.6753644187,82942.365079596,Home,568.4381268781406,0,41,22.83996738255909,2018-08-15,0
CUST00085,43.0,Female,South,Post-Graduate,Salaried,36273.41724457871,562375.9005377106,Business,732.7063720266183,4,12,42.81833325931109,2017-07-08,1
CUST00086,52.0,Female,South,Graduate,Salaried,186323.0208999799,250193.7058282604,Other,722.1220404882687,1,81,21.80722390576183,2019-11-14,0
CUST00087,58.0,Male,East,Graduate,Salaried,88993.5307225906,120951.14355066276,Education,567.630410066299,2,145,37.26605477501752,2020-02-10,1
CUST00088,,Male,East,Secondary,Self-Employed,156866.76491146185,283263.6621919616,Business,545.3423565992422,5,44,29.059651295362528,2022-04-30,1
CUST00089,44.0,Female,West,Post-Graduate,Self-Employed,128641.44162597062,122512.93021464962,Education,598.1010556255528,2,111,20.53721912937987,2021-06-05,1
CUST00090,37.0,Male,South,Secondary,,63583.309251494305,278616.1197494285,Home,638.6897624452712,2,96,37.61069475141626,2018-06-27,0
CUST00091,27.0,Male,North,Post-Graduate,Self-Employed,113255.07282236948,169422.89889404376,Other,617.2698873213404,11,190,58.552782253424176,2019-05-12,0
CUST00092,36.0,Other,East,Graduate,Unemployed,32378.79878675552,117075.50822948605,Car,662.8411894665802,5,22,5.301349098992494,2018-11-12,0
CUST00093,39.0,Male,West,Graduate,Salaried,141768.18467954372,228641.4129425864,Other,723.3650009898084,4,61,32.391005230396594,2016-11-22,1
CUST00094,59.0,Female,East,Graduate,Salaried,118053.72301107769,174339.49298450004,Car,686.9683503003951,9,87,52.46098688418803,2024-08-18,0
CUST00095,34.0,Male,West,Secondary,Salaried,144812.64771043698,198617.0516335736,Business,692.8896798147299,8,170,11.439489877351381,2025-01-15,1
CUST00096,45.0,Female,South,Secondary,Self-Employed,186254.81626572396,181271.9214966718,Car,453.8770884472898,0,36,8.272098476258856,2017-03-09,1
CUST00097,34.0,Other,East,Secondary,Salaried,123077.79377260023,180323.43642017088,Car,520.8877583904734,2,198,13.591462938027812,2021-08-15,1
CUST00098,22.0,Male,South,Secondary,Self-Employed,107888.50933015796,242868.8692720703,Business,586.2834553883154,2,29,41.07760349660084,2023-01-17,1
CUST00099,57.0,Male,North,Graduate,Self-Employed,58183.611109267935,592379.896081915,Other,599.4885081472395,10,190,8.918747218441398,2026-03-15,1
CUST00100,39.0,Male,North,Secondary,Salaried,64387.033059469235,303882.3656109658,Business,717.1862267951387,5,37,62.202361977078944,2021-04-02,1
CUST00101,54.0,Male,North,Primary,Unemployed,201197.19426517704,181647.37381268747,Home,579.6878854825495,7,92,4.144961636901274,2020-12-24,1
CUST00102,59.0,Female,East,Post-Graduate,Salaried,233701.8048479135,139343.38237548855,Home,703.3542129085895,2,198,39.886426735235844,2025-02-02,0
CUST00103,64.0,Female,South,Post-Graduate,Salaried,85573.73990151838,147212.52073476437,Car,587.1915408954961,2,162,12.858227927008523,2019-10-14,0
CUST00104,27.0,Male,East,Post-Graduate,Self-Employed,101478.44073511937,86849.78991232088,Business,553.9292570085747,5,108,28.882987151403295,2019-12-10,1
CUST00105,38.0,Male,West,Post-Graduate,Self-Employed,57367.39416506917,226901.61111113805,Business,557.6440272764967,7,38,19.54727587144261,2018-06-01,0
CUST00106,25.0,Male,North,Secondary,Salaried,199516.87678756748,97981.95951948437,Business,830.6613194631377,5,106,12.374689549003934,2016-12-09,0
CUST00107,35.0,Female,South,Secondary,Self-Employed,147156.2305443412,135100.3134360218,Other,585.4108025192005,11,131,15.331801911858728,2023-06-19,0
CUST00108,51.0,Male,West,Graduate,Unemployed,316389.8585941592,227561.1679743623,Education,705.2789767088273,9,73,14.671381607801152,2022-12-24,0
CUST00109,41.0,,North,Graduate,Salaried,58279.52754827719,144543.72676113283,Education,525.344125619984,2,180,41.829118965821635,2022-04-20,1
CUST00110,29.0,Female,North,Secondary,Unemployed,78684.01184488961,127243.26487679695,Education,763.5143203342988,3,44,43.70903206149548,2022-09-12,0
CUST00111,23.0,Female,South,Post-Graduate,Salaried,113421.64822544144,89434.3089849158,Other,677.923291605097,0,183,35.726668316608595,2023-11-10,1
CUST00112,58.0,Male,North,Secondary,Salaried,145494.52305266366,297349.4620995896,Business,671.9183095034309,7,84,12.297107789087027,2022-08-07,1
CUST00113,25.0,Female,West,Secondary,Salaried,86733.84168574073,107300.55137907366,Education,683.1061858514655,3,145,38.54333723480915,2021-09-02,1
CUST00114,31.0,Male,West,Graduate,Self-Employed,58467.325909860796,121426.21660106411,Business,691.919977955628,5,35,31.212605488186103,2019-10-08,1
CUST00115,41.0,Male,East,Graduate,Self-Employed,167517.737029448,66445.363675574,Car,714.7253807075904,10,120,43.58911348486975,2017-08-10,1
CUST00116,56.0,Female,West,Graduate,Salaried,152158.98657945063,161146.54963051318,Education,602.0722065432777,2,171,8.6178503500556,2017-04-17,0
CUST00117,31.0,Female,West,Primary,Salaried,56967.461882802396,137771.60499961875,Car,597.3929364982303,10,67,42.48963788133191,2018-08-27,1
CUST00118,49.0,Male,North,Post-Graduate,Self-Employed,222629.82212560452,178247.61506797097,Other,,11,52,24.468516611160457,2026-02-04,0
CUST00119,36.0,Male,West,Secondary,Salaried,199210.87689290103,90461.91039872149,Home,704.7542208334647,10,91,24.509392907780715,2018-02-06,0
CUST00120,,Male,East,Secondary,Self-Employed,106999.3349868622,234941.16422213844,Other,,5,52,22.295148455596358,2025-12-28,1
CUST00121,22.0,,West,Post-Graduate,Self-Employed,103544.7036152804,64886.49058165916,Other,,11,65,77.76135440450838,2019-11-23,1
CUST00122,43.0,Male,West,Post-Graduate,Salaried,137645.20326997715,155423.86087433985,Other,699.4269426161534,10,144,6.803400454621341,2024-08-09,1
CUST00123,48.0,Male,South,Post-Graduate,Unemployed,58863.59857842023,172429.56988693966,Education,632.6413390867178,8,82,18.365117736418256,2020-03-01,1
CUST00124,50.0,Male,North,Post-Graduate,Salaried,100510.64160558885,167524.85433903115,Car,510.22560241753206,8,188,33.691306811165624,2017-04-17,1
CUST00125,36.0,Female,North,Graduate,Unemployed,,176112.35228017299,Education,609.717764371687,9,22,20.535891679991966,2017-09-09,1
CUST00126,31.0,Female,South,Graduate,Self-Employed,167020.75870586344,241430.2383263498,Home,789.423778704774,2,159,46.7281386660764,2021-08-16,1
CUST00127,41.0,Female,West,Primary,Self-Employed,38681.010217500734,315637.3959338867,Other,677.204772056456,2,32,5.0259966950896935,2020-09-18,1
CUST00128,43.0,Male,West,Graduate,Salaried,243300.3329041593,150571.9069098213,Business,598.8359894983926,3,84,9.366740800394279,2026-03-22,1
CUST00129,30.0,Other,North,Secondary,Self-Employed,80977.60740301754,100315.81940795522,Home,670.052126208632,11,184,4.085101683859419,2025-01-03,1
CUST00130,53.0,Female,East,Secondary,Salaried,86942.28709967503,215422.96231283684,Car,704.1315254662242,6,20,37.58968404899572,2018-05-15,0
CUST00131,38.0,Female,South,Graduate,Salaried,67735.09105855589,141475.283744975,Home,598.8747512438694,2,81,3.6854233396468135,2022-08-04,1
CUST00132,63.0,Female,North,Graduate,Salaried,83048.219477358,306296.8031605884,Education,748.8307115297517,9,190,70.96650640246506,2020-08-06,1
CUST00133,,Female,North,Primary,Salaried,231218.58721763192,120453.2142235424,Business,689.655841693092,7,141,52.23074649468074,2025-01-23,0
CUST00134,61.0,Male,South,Secondary,Salaried,22188.175838462863,105978.82147046695,Education,562.0072981462129,10,30,5.191128724986718,2023-09-21,0
CUST00135,48.0,Male,West,Graduate,Self-Employed,212389.9459235208,174887.2702740166,Other,718.5093029233899,7,32,19.91563086530683,2017-08-19,1
CUST00136,,Female,South,Primary,Self-Employed,120911.4923400059,68172.12966574715,Other,617.2309292161843,5,109,31.98500492575564,2023-02-27,1
CUST00137,55.0,Female,East,Post-Graduate,Salaried,47848.115436371256,128834.72277989917,Home,635.6695658955516,3,81,2.8630511454772285,2024-10-27,1
CUST00138,31.0,Female,East,Graduate,Self-Employed,51782.76051016793,138009.76350816296,Other,568.7225042425512,10,168,34.61708689200421,2025-12-11,1
CUST00139,51.0,Male,South,Graduate,Salaried,269907.8318879807,181722.51511542784,Other,700.5157130151864,11,13,31.837973011659944,2018-01-03,1
CUST00140,42.0,Male,West,Graduate,Self-Employed,55976.98326114439,791199.5523819678,Car,638.0907818643662,10,179,14.945871396662232,2017-10-15,1
CUST00141,42.0,Male,West,Post-Graduate,,49414.03112129872,104846.19690111945,Car,703.9005563600488,4,55,29.453805317833353,2023-12-13,1
CUST00142,55.0,Female,South,Secondary,Salaried,195318.86856202688,290238.0842595822,Education,,11,80,48.4770083954087,2019-10-30,1
CUST00143,30.0,Female,South,Graduate,Self-Employed,120949.90441728951,161663.01165998293,Education,596.7677369703937,1,126,29.96787663852169,2024-10-16,0
CUST00144,55.0,Male,South,Graduate,Salaried,56232.190358149266,250776.80312883586,Car,,5,189,32.93914159450353,2022-06-07,0
CUST00145,33.0,Male,South,Secondary,Salaried,112417.50977694041,124132.6833221722,Home,681.6825743634342,2,36,27.696947378209142,2021-08-23,1
CUST00146,42.0,Male,North,Post-Graduate,Self-Employed,53345.685924569916,158383.48931220098,Car,595.572014039781,5,199,21.149392636336568,2025-12-14,1
CUST00147,41.0,Female,East,Graduate,Salaried,191088.6697923893,181183.79074039822,Education,633.750988101887,11,61,25.21549332428678,2023-05-07,0
CUST00148,27.0,Female,East,Graduate,Salaried,1866186.6308446424,389951.42295080895,Business,608.5258410154934,4,58,10.5107936033062,2025-06-02,0
CUST00149,57.0,Female,North,Post-Graduate,Salaried,135836.02235712457,145975.03748091383,Other,685.2067139918141,1,120,4.013902731341422,2019-06-26,1
CUST00150,33.0,Male,South,Post-Graduate,,122638.54343820598,149771.42134701455,Business,511.1758042716551,11,148,33.199293405559146,2025-06-12,1
CUST00151,62.0,Female,West,Graduate,Salaried,283995.2736480199,281834.8426156681,Business,669.7626296178671,4,66,7.874365916152397,2024-04-03,1
CUST00152,52.0,Male,North,Post-Graduate,Salaried,98697.19409870608,1076834.0107963649,Other,788.5074551276646,4,88,10.3069235599335,2023-12-04,1
CUST00153,23.0,Female,North,Graduate,Self-Employed,,187646.39551703667,Car,748.8820886986958,8,60,42.176007017628585,2019-12-29,1
CUST00154,37.0,Male,South,Graduate,Self-Employed,129273.33888315198,269811.70430028153,Home,600.6677502421222,10,27,28.337773243815583,2021-01-24,1
CUST00155,22.0,Male,West,Graduate,Salaried,345113.3627502488,976295.5193952706,Business,689.5681420931987,7,21,35.02973896485699,2017-01-27,1
CUST00156,25.0,Female,North,Graduate,Salaried,53698.71248230037,1543669.2417006819,Home,674.0452378271924,11,170,7.012403282427777,2026-07-12,1
CUST00157,22.0,Female,East,Secondary,Salaried,79469.00417159381,389560.84885114094,Education,767.551365052971,11,162,24.4187118324172,2021-12-17,1
CUST00158,56.0,Male,West,Post-Graduate,Salaried,126736.78084277509,257985.59381517372,Business,449.19080621417856,6,190,43.48358208852604,2017-05-01,1
CUST00159,34.0,Female,North,Post-Graduate,Salaried,95574.09510323676,187674.908489918,Education,739.0293895148131,11,82,68.71629760349924,2018-02-08,0
CUST00160,63.0,Male,East,Primary,Self-Employed,54754.665122934806,145486.61148632,Car,628.5985861788903,2,26,26.38556932146614,2026-07-16,0
CUST00161,52.0,Male,South,Post-Graduate,Self-Employed,193515.85261173305,120311.6645406698,Business,590.5416848439666,9,112,14.404084611442153,2022-08-17,1
CUST00162,41.0,Male,East,Secondary,Self-Employed,397132.17279298056,99300.61450494043,Education,588.2558376964299,3,21,36.62406274206344,2023-08-05,0
CUST00163,28.0,Male,East,Secondary,Salaried,111043.67544859691,346213.8684468957,Education,546.0074947030976,5,19,16.79122872440416,2024-07-17,1
CUST00164,61.0,Male,East,Graduate,Self-Employed,57386.19373768981,314184.4531029675,Car,600.8705274020851,2,118,18.12963768737185,2025-11-18,0
CUST00165,54.0,Male,North,Secondary,Salaried,38972.97300357096,117177.21913258027,Home,563.6212756854884,10,52,50.62075234851777,2017-01-20,1
CUST00166,,,West,Post-Graduate,Unemployed,115241.5441726719,192691.0675285105,Home,664.4173736405855,8,164,9.06463585220678,2025-04-23,0
CUST00167,41.0,Female,South,Post-Graduate,Self-Employed,191439.3650725845,172071.1355807364,Business,697.1950105862704,7,117,17.31667807204571,2017-05-04,1
CUST00168,53.0,Male,North,Graduate,Salaried,131281.69642861464,294256.68118085124,Car,629.474127228931,5,172,24.40953112592272,2024-10-07,1
CUST00169,,Female,North,Primary,Self-Employed,98573.4954319667,197087.01272244065,Business,769.9778565004932,3,101,14.379920560771994,2024-08-13,1
CUST00170,55.0,Male,East,Secondary,Salaried,69316.41382928115,160908.41314263068,Home,606.126297163445,6,189,19.9901860459942,2018-09-17,1
CUST00171,35.0,Female,East,Graduate,Self-Employed,51261.83618920891,124139.0017799373,Car,625.2910062082726,10,190,17.369749980588665,2021-05-26,1
CUST00172,25.0,Male,North,Post-Graduate,,162893.32143316814,192997.77176530994,Other,612.1647485657261,2,95,41.88374415714198,2019-09-23,1
CUST00173,50.0,Male,East,Graduate,,170802.4616718417,136749.86246163186,Car,697.8895099131516,9,20,59.87785409229255,2019-11-28,1
CUST00174,36.0,Male,North,Secondary,Self-Employed,39048.59315996972,181741.83545888227,Car,705.965880228151,7,160,24.836081012497342,2023-11-10,0
CUST00175,38.0,Male,East,Graduate,Salaried,,156688.4096315827,Other,689.6293507176878,0,102,19.917319537334528,2019-10-06,1
CUST00176,40.0,Male,North,Graduate,Self-Employed,139308.02011752047,135097.77574766756,Education,640.0713076850025,2,115,18.14622442458785,2018-07-13,1
CUST00177,59.0,Female,East,Graduate,Salaried,228606.34527988377,100070.43961844145,Education,542.7501712737688,10,5,10.947551503206263,2019-06-17,1
CUST00178,30.0,Female,South,Secondary,Self-Employed,44122.42126356649,210469.83630500743,Education,624.4447535351594,4,45,35.67569616352524,2025-05-10,1
CUST00179,48.0,Female,West,Graduate,Self-Employed,43499.534103312304,166256.1866386063,Home,768.2511771120425,4,52,60.03292688989978,2022-06-16,1
CUST00180,36.0,,North,Graduate,Salaried,90275.23182595268,397802.300218004,Car,731.059030994799,9,163,28.5356410086136,2017-04-18,0
CUST00181,58.0,Male,South,Post-Graduate,Salaried,133475.15787014944,97132.13828364792,Other,673.5240317349376,1,168,36.407561708451745,2018-04-10,1
CUST00182,49.0,Male,North,Secondary,Salaried,290052.2893336483,222492.5943282416,Home,619.2438354305245,9,112,41.59696564948003,2023-04-03,1
CUST00183,25.0,Male,West,Graduate,Salaried,1507905.9244440352,156166.30342251275,Other,648.910521813238,7,165,33.3875207693723,2022-06-25,1
CUST00184,42.0,Male,West,Post-Graduate,Salaried,85339.37507204329,465040.2310263705,Home,619.5996608771428,4,165,45.2368737856345,2025-09-09,0
CUST00185,55.0,Male,South,Secondary,Self-Employed,,214161.55916254048,Home,,6,107,41.593776888189716,2020-10-11,1
CUST00186,40.0,Male,East,Post-Graduate,Unemployed,206488.5710055545,191442.78896327838,Home,582.8826401285268,6,132,6.810375805667366,2026-05-18,0
CUST00187,58.0,Male,West,Graduate,Self-Employed,,156365.0759354938,Other,,4,155,31.347934008013933,2023-08-14,1
CUST00188,25.0,,East,Primary,Self-Employed,262257.23993205634,114512.5236289384,Business,607.6637942672986,7,192,26.064428030101027,2023-09-07,1
CUST00189,58.0,Female,East,Secondary,Self-Employed,83230.50533214233,190174.31850054374,Home,755.6741464289594,8,34,12.676124422928215,2020-04-25,1
CUST00190,53.0,Female,North,Graduate,Self-Employed,256362.8861049609,81539.9770920231,Education,684.1420739046405,3,49,13.970307450314767,2019-08-14,0
CUST00191,,Male,North,Primary,Salaried,148354.32421578892,83437.90284813684,Car,590.0490080044106,3,84,31.389536231946312,2019-04-09,0
CUST00192,62.0,Female,West,Graduate,Unemployed,90926.1307939151,270011.3349551651,Business,625.2550069198394,7,43,18.39391703481424,2022-09-05,0
CUST00193,37.0,Other,West,Secondary,Self-Employed,72284.29588693866,67436.24624585449,Business,706.931248537866,0,49,24.961874692510655,2017-05-12,1
CUST00194,35.0,Male,East,Graduate,Salaried,80455.15871366282,138720.059488727,Other,610.0685741140752,3,82,42.24753556290305,2018-08-04,0
CUST00195,22.0,Male,South,Primary,,127642.67217557825,96320.5291669542,Business,651.7709188304965,5,85,9.58799130081746,2023-06-02,1
CUST00196,53.0,,South,Post-Graduate,Salaried,103393.1403276578,133087.84179340166,Other,608.9644664680844,3,144,24.20272352711839,2026-01-03,1
CUST00197,42.0,Female,East,Post-Graduate,Salaried,69127.86296338378,178487.28607056552,Other,790.7293718598837,5,97,14.97279019297048,2025-03-02,0
CUST00198,25.0,Female,West,Post-Graduate,Self-Employed,,266273.07142261777,Education,804.4857514361064,4,36,42.63543711003709,2023-02-15,1
CUST00199,30.0,Male,West,Graduate,Salaried,103481.30194507232,299184.82190434047,Home,767.0499162713379,8,188,16.8725418518168,2024-12-30,1
CUST00200,,Male,West,Secondary,Salaried,27522.511350461755,102798.22758058707,Business,640.0500827892934,9,28,47.585525395904334,2024-11-23,0
CUST00201,33.0,Female,East,Graduate,Unemployed,129949.4579541561,128929.24334837425,Home,,8,120,33.88894966701369,2018-08-11,1
CUST00202,51.0,Male,North,Primary,Salaried,548395.6849281029,1234621.5713221778,Home,587.6669136388696,3,17,38.441000787624354,2024-11-01,1
CUST00203,51.0,Male,North,Primary,Salaried,49414.56797970123,143629.54463709635,Home,772.8577032642485,3,152,43.04393705512759,2021-09-15,1
CUST00204,53.0,Female,West,Secondary,Salaried,35867.73384829102,104704.20956313841,Other,724.4578968560935,11,83,24.13131418195958,2026-01-06,1
CUST00205,57.0,Female,East,Graduate,Self-Employed,33646.50617423681,113788.82743175093,Home,728.3008705205872,7,60,8.618670955004212,2022-06-12,1
CUST00206,28.0,Female,North,Graduate,Unemployed,43771.206665702775,144052.06012170098,Business,630.0057650495287,9,57,10.747401323318224,2020-07-12,0
CUST00207,38.0,Female,North,Graduate,Salaried,64510.76740877796,133737.11432285813,Other,509.3682012593673,3,72,44.54267506006086,2020-11-19,0
CUST00208,22.0,Female,East,Graduate,Self-Employed,318684.0596972739,144757.4610368003,Business,527.7633912367389,1,186,15.744845222770792,2018-01-21,1
CUST00209,35.0,Male,North,Secondary,Salaried,,161020.46104644792,Other,654.6107250322008,1,38,30.80222474887386,2025-01-18,1
CUST00210,59.0,Female,North,Post-Graduate,Unemployed,109825.72428913011,160459.37413433497,Car,608.1860594906932,0,32,50.812457772478545,2019-06-19,0
CUST00211,47.0,Male,East,Graduate,Self-Employed,125528.59144726401,100937.495858059,Car,598.9838964485895,4,54,22.551222366921234,2021-07-27,1
CUST00212,48.0,Female,East,Graduate,,106792.08707758533,195764.07428986358,Car,677.6118698982899,5,134,21.791828022495256,2025-10-28,1
CUST00213,37.0,Male,East,Secondary,Salaried,94233.77326746698,172909.47574485157,Car,731.0927863887594,8,115,32.74421531264742,2017-04-03,0
CUST00214,28.0,Female,North,Graduate,Unemployed,48185.99712926784,208624.4104914291,Other,593.90183451226,4,98,17.45372124789055,2020-12-15,0
CUST00215,53.0,,East,Graduate,Self-Employed,,69062.90073239701,Home,545.5512251475058,5,158,60.302647030964465,2024-06-01,1
CUST00216,46.0,Male,North,Secondary,Salaried,291944.20557142486,176032.1841595913,Education,595.8023059617818,5,183,9.507879208487218,2023-07-02,1
CUST00217,52.0,Male,South,Primary,Self-Employed,35968.713981706525,60306.902292831444,Education,566.4828829958453,2,51,59.132571015334214,2023-11-15,0
CUST00218,37.0,Male,East,Graduate,Salaried,53400.89822331623,149076.45181426714,Car,697.426609274079,11,30,8.823065741382349,2016-09-11,1
CUST00219,62.0,Female,East,Graduate,Self-Employed,83459.25223749182,226153.25013141896,Home,649.6712996632062,3,88,70.67802077840867,2023-08-22,0
CUST00220,35.0,Female,West,Secondary,Salaried,55341.44271672122,274550.2479446145,Business,800.4391382588448,0,110,9.737656920736468,2023-02-19,1
CUST00221,,Male,East,Post-Graduate,Self-Employed,133730.16197476708,192380.41753082702,Home,708.7748095710609,3,96,37.486985055677444,2019-02-01,1
CUST00222,51.0,Male,East,Secondary,Salaried,63769.906847831095,228135.57710743247,Business,795.1084909598533,0,124,18.822047887634035,2018-09-19,1
CUST00223,28.0,Male,North,Graduate,Salaried,3618675.864783596,140154.05913435266,Education,537.6899712073907,4,79,14.738344135280371,2019-05-28,1
CUST00224,33.0,Male,South,Post-Graduate,Salaried,201658.13801304047,126173.86491323692,Home,389.77129628547067,10,126,42.964293199122906,2017-07-01,1
CUST00225,24.0,Male,South,Graduate,Salaried,112144.60329588386,625545.3331118411,Home,669.4393622748321,10,193,8.717296141224375,2021-12-16,0
CUST00226,48.0,Female,North,Graduate,Salaried,182808.01046961648,246121.39183177674,Education,659.8576192793686,7,155,48.27583797627467,2021-09-30,0
CUST00227,40.0,Male,West,Secondary,Salaried,191671.88457576776,90536.47383239842,Home,640.177166836165,7,169,43.32115957452374,2021-09-03,1
CUST00228,64.0,Male,South,Secondary,Salaried,70377.68427495168,68368.53883423953,Business,657.6637380503716,4,45,37.79111635860572,2016-11-05,1
CUST00229,58.0,Male,West,Post-Graduate,Salaried,60492.19656327766,128986.79006046036,Home,560.0779052215513,9,56,14.855995094889993,2017-06-26,0
CUST00230,63.0,Male,East,Graduate,Salaried,103454.36098612506,295355.2810289507,Business,695.054295830756,1,86,47.947506466770626,2021-09-28,1
CUST00231,28.0,Male,West,Post-Graduate,Self-Employed,165542.2411386281,166769.7799302461,Car,708.895459208187,11,181,5.253006198027943,2021-02-21,1
CUST00232,37.0,Female,East,Secondary,Salaried,107305.61307132103,53529.60202905061,Home,554.0201026397514,5,159,27.238314519320056,2018-03-20,0
CUST00233,53.0,Male,East,Secondary,Unemployed,38322.86945540423,148948.11285472065,Business,621.7090863320567,0,138,20.423402329699634,2021-05-15,1
CUST00234,29.0,Male,South,Primary,Self-Employed,,162559.47680204592,Education,626.6508920688191,6,78,32.96292687209411,2017-06-03,0
CUST00235,34.0,Male,North,Graduate,Self-Employed,94430.20619627545,48638.28759217152,Car,596.3351278271776,10,70,40.81214415609747,2023-12-19,0
CUST00236,32.0,Male,East,Secondary,,94334.34736997282,164733.29909459376,Home,557.1110087893422,3,28,15.080935371520626,2025-07-18,1
CUST00237,41.0,Male,South,Post-Graduate,Self-Employed,322392.59019162256,98058.15462613715,Business,651.000399282034,4,170,49.77104603272156,2019-01-27,0
CUST00238,39.0,Other,North,Graduate,Salaried,42976.43557417998,65005.47620299458,Home,670.8644416531439,5,32,13.417164578335877,2026-01-27,1
CUST00239,58.0,Female,East,Post-Graduate,Salaried,133699.97085493937,363034.73235287785,Business,601.1854312988564,10,160,15.257506076372632,2023-02-28,1
CUST00240,27.0,Female,North,Secondary,Salaried,2412207.7331872582,95913.20046320974,Home,562.7369121794834,0,121,44.06123493686226,2020-01-23,0
CUST00241,41.0,Male,West,Post-Graduate,Self-Employed,385721.0995463225,116582.87031331328,Car,682.8445796033099,8,118,25.389838141531257,2022-12-28,0
CUST00242,53.0,Male,West,Graduate,Salaried,77447.96311072986,115810.27340320857,Car,588.6143619811476,9,198,27.18793372718365,2019-10-06,0
CUST00243,50.0,Male,West,Graduate,Salaried,132568.88440682986,162937.07714291543,Home,625.2635589120636,3,65,11.112413433830175,2017-08-16,1
CUST00244,25.0,,South,Post-Graduate,Unemployed,138948.16297483296,393625.52947503136,Home,615.1138697473424,7,178,41.45936910104011,2017-11-19,0
CUST00245,28.0,Female,North,Graduate,Self-Employed,1110003.950094656,89492.18346675894,Other,749.6566931335728,4,73,25.154649747577906,2025-11-28,0
CUST00246,64.0,Male,West,Graduate,Salaried,930314.4927856802,139608.62384211444,Home,592.2855628757105,10,118,12.599008660891947,2025-07-19,1
CUST00247,41.0,Male,South,Secondary,Salaried,128230.567835353,172893.476232929,Home,788.0421263207188,7,79,41.231879266069896,2023-01-10,1
CUST00248,55.0,Male,West,Primary,Self-Employed,21604.401560637332,105409.0870659698,Car,710.1841550513205,0,175,11.384706839470397,2022-05-19,0
CUST00249,57.0,Female,West,Post-Graduate,Salaried,148633.92669217932,138490.47057236044,Home,795.6718940631482,7,63,41.543675102212504,2026-06-05,0
CUST00250,28.0,Female,West,Graduate,Salaried,106479.39190810574,219092.63349789614,Education,703.1711063663739,10,134,3.395953158524765,2019-04-23,1
CUST00251,54.0,Male,South,Graduate,Salaried,86380.31230040157,111540.99903514987,Home,632.3164441838263,10,19,25.825528907671497,2019-12-28,1
CUST00252,36.0,Male,South,Graduate,Unemployed,337094.0725563641,137403.72178559125,Other,576.6106936678244,3,109,67.54185018289107,2024-12-13,0
CUST00253,53.0,Female,West,Secondary,Self-Employed,65843.73674822693,131179.64997190627,Business,621.5670887380581,1,169,29.23185874888206,2020-11-20,0
CUST00254,43.0,Male,South,Secondary,Self-Employed,77509.39288867092,154522.75707127855,Car,768.9824820178582,10,152,9.420476682316494,2022-03-07,0
CUST00255,61.0,,North,Graduate,Self-Employed,326091.0713560004,1470359.3710682956,Education,646.1648966124092,5,102,23.2785880865129,2021-12-28,1
CUST00256,50.0,Male,East,Graduate,Salaried,59919.85612619988,218224.6649048342,Business,702.8735509724087,1,39,15.034660472137828,2020-06-18,1
CUST00257,46.0,Female,West,Secondary,Salaried,70964.20189695027,428813.4054590991,Education,666.5577076052793,4,166,33.19797054907192,2016-10-28,1
CUST00258,26.0,Male,East,Graduate,Salaried,,43077.744941758196,Car,669.9728942807393,1,35,15.962923513222172,2016-11-25,0
CUST00259,35.0,,East,Primary,Salaried,163479.14199374034,149687.3898015862,Other,673.0527747171932,2,131,31.226583978008236,2021-10-12,1
CUST00260,56.0,Female,North,Graduate,Salaried,111824.00209055844,82271.65888563398,Car,689.6273189465962,10,23,44.88795940904336,2024-05-17,0
CUST00261,23.0,Male,East,Secondary,Self-Employed,45452.57672912156,134230.66768756896,Education,584.8714007127352,5,28,24.16754714192602,2022-02-22,1
CUST00262,46.0,Male,West,Graduate,Self-Employed,71732.47566044093,252820.15505391892,Education,628.0076583275044,0,88,15.575661836575334,2026-07-21,1
CUST00263,37.0,Male,North,Secondary,Self-Employed,68568.41877992432,296231.4226382671,Car,674.7450666413072,5,171,25.462485314293172,2017-05-17,1
CUST00264,37.0,Male,East,Graduate,Salaried,94246.34953784118,303263.4832808239,Home,663.0789778000158,2,96,39.98739638024344,2025-01-09,0
CUST00265,32.0,Female,West,Primary,Self-Employed,127453.4138415902,301838.15962284483,Car,613.1036317110213,6,186,41.63350936602757,2017-12-05,0
CUST00266,56.0,Male,East,Primary,,,149198.43302597658,Other,683.3280731808884,1,171,41.26013301391979,2019-02-09,1
CUST00267,44.0,Male,East,Secondary,Salaried,34009.4242009404,327507.14065732976,Car,588.3086914754225,5,149,22.230386035669426,2025-03-03,0
CUST00268,26.0,Female,East,Graduate,Self-Employed,186906.65358888553,361647.36901504005,Business,552.1595064850984,7,151,20.210554573368732,2017-07-30,1
CUST00269,56.0,Female,South,Graduate,Salaried,114868.27402901748,174451.18288942077,Home,673.5988614311315,0,122,46.996871859201825,2026-01-08,0
CUST00270,50.0,Female,South,Secondary,Salaried,226549.60998568876,293202.3607940827,Business,554.1206609983394,10,180,30.39231524760021,2017-09-04,0
CUST00271,26.0,Male,West,Graduate,Salaried,128864.79028966863,166145.38698830185,Car,672.4099201935708,10,167,39.41774589734196,2018-10-03,1
CUST00272,24.0,Male,West,Post-Graduate,Salaried,191146.1838271491,329429.0415299386,Home,,8,164,59.75943525180516,2023-03-14,1
CUST00273,27.0,Female,West,Graduate,Salaried,130604.26952034356,150116.71662166488,Business,592.0009728674561,4,179,18.642650327975872,2026-02-24,1
CUST00274,44.0,Male,West,Primary,Self-Employed,221402.02680782287,119999.12848987167,Business,623.7938469560708,4,51,51.53807611424077,2018-09-09,0
CUST00275,23.0,Female,East,Graduate,Unemployed,135043.25069241517,92967.41039523264,Home,521.4691860305871,11,196,5.618909073111792,2019-01-30,1
CUST00276,39.0,Female,East,Secondary,Self-Employed,93083.37278865992,149221.264996375,Home,620.1862181701462,4,178,47.1509615372814,2020-04-28,0
CUST00277,51.0,Female,West,Secondary,Self-Employed,385949.12230829295,169769.02184910537,Education,744.8015710361929,5,107,38.797144093509985,2025-07-27,0
CUST00278,59.0,Male,East,Post-Graduate,Salaried,168286.35027726545,101424.87638707603,Home,548.3753018493155,1,125,32.59027728997422,2016-10-24,1
CUST00279,26.0,Male,East,Secondary,Self-Employed,139280.707288001,143622.81050399283,Car,622.3701403582919,5,167,53.66213216088783,2017-07-06,0
CUST00280,32.0,Female,West,Graduate,Salaried,45899.860190114705,125082.06805452364,Other,786.211573549776,10,98,36.547898967661084,2025-10-15,1
CUST00281,22.0,Male,West,Graduate,Salaried,45570.48055021192,94988.60602727799,Education,565.0511309591385,3,149,25.834667198728,2026-03-17,1
CUST00282,31.0,Male,South,Graduate,Salaried,117668.81316602459,273195.3349034096,Home,761.7778681387098,7,46,18.51022572192372,2023-03-08,1
CUST00283,62.0,Female,South,Graduate,Salaried,107722.38836581534,298328.8861007439,Other,,10,115,7.159692236894764,2018-04-03,1
CUST00284,47.0,Female,North,Primary,Salaried,68290.53533013132,272587.88071918016,Education,658.1529668706332,8,33,28.37349767764871,2017-09-01,1
CUST00285,54.0,Male,East,Secondary,Salaried,107429.44868211183,156048.49521559564,Car,753.3185785127507,8,128,3.0396540925930986,2023-12-28,0
CUST00286,48.0,Male,North,Graduate,Salaried,256062.3265271713,160943.49140648867,Other,611.1921648559185,7,21,39.2907840947582,2024-06-14,1
CUST00287,33.0,Male,South,Primary,Unemployed,149827.73574014963,95646.39858340517,Home,700.4820538722788,2,18,11.87646813212447,2018-05-13,1
CUST00288,23.0,Female,East,Secondary,Salaried,49781.31013856898,200248.91518662375,Home,720.767768538047,9,156,37.848809511924756,2025-04-10,1
CUST00289,22.0,Female,South,Primary,Salaried,92327.25866582501,177161.29239677745,Car,597.9348794206346,10,189,24.543220114118885,2018-01-20,0
CUST00290,22.0,Male,East,Primary,Salaried,60901.927989957716,674666.4491146716,Education,589.0855866320964,10,54,46.52470733023034,2022-09-15,1
CUST00291,54.0,Male,North,Secondary,Self-Employed,78227.7755987919,280281.905496616,Other,,3,61,7.66092694240153,2024-10-15,1
CUST00292,43.0,Female,North,Secondary,Salaried,77020.78508837163,190540.95994763632,Car,634.2147727071008,0,193,22.412089292740177,2022-05-11,1
CUST00293,33.0,Male,West,Graduate,Salaried,74117.92244835585,159403.7139301804,Education,563.6841616727049,8,108,31.07622581436636,2021-01-27,1
CUST00294,60.0,,South,Graduate,Salaried,46486.57205287199,268512.64009814686,Business,598.6719601065574,4,43,20.752717906493064,2020-01-05,1
CUST00295,,Other,North,Post-Graduate,Salaried,91437.15558545009,102963.58539111662,Business,372.64766745022735,5,187,22.279424621920295,2017-02-10,1
CUST00296,42.0,Male,East,Secondary,,70518.85627217889,287741.82209514634,Education,623.2581853364475,2,100,38.059583744855516,2017-08-23,1
CUST00297,41.0,Female,West,Secondary,Salaried,17023.1725491359,94506.9116424975,Home,721.5515344241054,10,40,12.725747782556587,2018-05-06,0
CUST00298,57.0,Male,North,Secondary,Salaried,338332.0926371914,122913.73801832765,Home,516.6648692180361,9,118,19.940635350034853,2019-02-03,0
CUST00299,47.0,Male,East,Graduate,Salaried,189711.88253646545,64919.949925226494,Business,612.9484374765173,7,41,51.15197253188626,2019-09-25,1
CUST00300,52.0,Female,North,Graduate,Salaried,78764.64952054789,221247.68765186306,Home,845.3866246274578,6,18,28.601412341540478,2023-06-29,1
CUST00301,22.0,Male,North,Primary,Self-Employed,99836.7299182659,184418.79556400626,Home,648.1951966933173,0,159,10.028122412451781,2024-06-23,1
CUST00302,59.0,Other,East,Post-Graduate,Salaried,48874.32036470323,122916.24747839596,Education,758.5435494246376,9,127,66.73432176742485,2020-09-26,1
CUST00303,35.0,Female,East,Primary,Salaried,273056.4219674725,102276.02906702661,Education,569.0467742647043,11,87,21.927688100727952,2018-03-10,1
CUST00304,47.0,Male,East,Graduate,Salaried,308159.63306546846,324279.5117152355,Home,685.905472461778,4,163,25.877916834701907,2020-12-06,0
CUST00305,63.0,Male,East,Graduate,Unemployed,108446.93315250882,1217901.1579835843,Education,555.4225415966649,9,77,62.52497587976844,2024-07-12,1
CUST00306,28.0,Male,West,Post-Graduate,Salaried,182429.3742167241,110896.46671588563,Other,682.0851691955427,8,106,3.23531017045897,2024-12-11,1
CUST00307,33.0,Male,East,Graduate,Salaried,,425477.13203764876,Business,717.3798587807827,11,85,25.325194201438826,2021-12-12,1
CUST00308,45.0,Male,South,Post-Graduate,Self-Employed,44265.671090342665,117180.23990641769,Other,698.398067642374,10,87,59.69323207913993,2023-06-18,1
CUST00309,40.0,Male,West,Secondary,Salaried,77103.65609701037,287595.00468960806,Other,622.4050139414786,11,48,1.7082749259269088,2022-02-02,0
CUST00310,30.0,Male,South,Post-Graduate,Salaried,106847.38427091939,91537.56541504482,Home,671.9946852814313,5,72,8.003746781794412,2021-09-23,1
CUST00311,56.0,Female,South,Primary,Salaried,75152.25254775521,136288.17883362927,Home,,7,52,28.089936600992253,2017-11-18,1
CUST00312,25.0,Female,North,Post-Graduate,Self-Employed,,209220.8376753407,Other,703.2791724364122,9,61,29.730468935588977,2018-04-10,1
CUST00313,63.0,Female,North,Graduate,,934479.864181751,158115.57393328633,Other,640.098644143473,0,79,14.657918754870034,2017-10-28,0
CUST00314,53.0,Male,West,Post-Graduate,Self-Employed,94039.75536717474,183851.10752071984,Car,724.4911040188188,9,26,40.9463424195691,2022-12-15,1
CUST00315,,Male,West,Graduate,Unemployed,101860.0503045813,124316.0729655976,Car,764.7684319436846,10,136,14.181114095373745,2025-07-07,1
CUST00316,49.0,Female,East,Graduate,Salaried,52241.7341988849,73211.07044121623,Business,624.5706042636,6,50,13.25414391379613,2024-10-11,1
CUST00317,49.0,Male,South,Graduate,Salaried,,338672.27968304034,Other,653.7151782353568,2,191,34.44420881211604,2019-06-10,1
CUST00318,61.0,Male,North,Graduate,Salaried,45672.39930911504,128166.54260821681,Education,577.614817295063,8,166,21.549284817730893,2017-10-10,0
CUST00319,50.0,Female,North,Primary,Salaried,177493.51105836747,188058.09833469024,Car,677.2205859059414,5,15,14.410535621579967,2018-01-13,1
CUST00320,63.0,Female,South,Primary,Salaried,27906.414028867952,231186.20471586374,Home,677.7310182224635,4,35,43.58588120814235,2022-10-12,1
CUST00321,26.0,Male,East,Secondary,Unemployed,197235.59482241233,189923.96790938248,Other,654.6389108026962,7,143,19.235727673330576,2023-04-04,1
CUST00322,26.0,Male,East,Secondary,Self-Employed,,114199.74765560463,Education,,7,124,10.289932840027928,2022-09-30,1
CUST00323,58.0,Female,East,Post-Graduate,Self-Employed,82346.5341429878,290652.15309852804,Education,,11,60,19.04657759332956,2020-07-13,1
CUST00324,62.0,Female,South,Secondary,Salaried,20704.73604034504,210415.53391449194,Education,419.0621756749219,11,42,27.819542521843875,2019-12-01,1
CUST00325,49.0,Female,West,Post-Graduate,Self-Employed,79476.2618378205,179761.60316316606,Home,610.2674497632423,2,25,5.274181703537225,2022-12-23,1
CUST00326,62.0,Female,East,Secondary,Unemployed,94986.44756795073,177689.40720117473,Car,622.5021057526336,1,114,33.814675954201306,2019-05-09,1
CUST00327,30.0,Female,East,Secondary,Self-Employed,53832.953005725125,377426.5171355258,Education,766.5530090363441,1,98,26.264740348927667,2017-11-28,1
CUST00328,50.0,Male,East,Graduate,Salaried,72465.72451292655,112980.3162872943,Car,688.0231047454864,4,142,18.958890944313442,2022-04-19,1
CUST00329,35.0,Male,South,Graduate,Self-Employed,247240.57249595932,200311.2957422466,Business,,9,158,41.621714350597095,2021-10-09,1
CUST00330,59.0,Female,North,Graduate,Salaried,147113.00286009,124952.03894284036,Home,750.78849527225,11,140,15.805369561363431,2017-07-06,0
CUST00331,61.0,Female,South,Graduate,Salaried,56684.80879736433,61811.6475166171,Car,635.6034638557376,6,12,30.619928482658338,2020-07-01,1
CUST00332,55.0,Female,West,Graduate,Salaried,37852.053016101636,61000.219259593825,Car,702.1861228662585,7,192,22.100948926709414,2018-10-25,1
CUST00333,58.0,Male,North,Secondary,Self-Employed,,97995.98745832314,Education,607.5387289477314,9,76,2.758535551508797,2023-11-05,1
CUST00334,63.0,Male,North,Post-Graduate,Self-Employed,86848.97176466108,117099.3989750244,Education,565.7354939323629,7,123,53.69502213534969,2019-01-08,1
CUST00335,35.0,Female,North,Post-Graduate,Salaried,132948.81884378707,482373.92712226015,Home,793.533358984239,11,38,6.249207466671704,2020-10-10,1
CUST00336,39.0,Female,North,Graduate,Salaried,71597.10881533794,230774.01419931315,Car,679.5225383811304,7,148,49.664692118720374,2023-01-15,0
CUST00337,,Female,West,Secondary,Salaried,134174.9393760034,241390.56694440162,Other,701.5730075899681,9,109,56.01778037479068,2022-03-18,1
CUST00338,55.0,Female,East,Graduate,Salaried,315240.9115393882,118356.99847114872,Education,563.5860252187733,11,145,25.59162953907526,2025-11-01,0
CUST00339,49.0,Female,South,Primary,Salaried,1610226.9768929654,167822.74041148552,Education,690.828211668951,10,91,30.48426524874241,2017-04-13,1
CUST00340,57.0,Female,North,Primary,Salaried,95908.21272224982,515594.81428933213,Business,792.2586197497471,2,154,13.318749124137828,2021-06-18,1
CUST00341,58.0,Female,South,Secondary,Self-Employed,88442.66052717624,88680.1329652041,Home,627.8039945292484,10,159,20.88738912502645,2025-05-29,1
CUST00342,44.0,Female,South,Graduate,Salaried,79697.70903361496,204458.31574164942,Car,549.5360447057117,1,68,18.025936663920774,2020-03-06,1
CUST00343,63.0,Female,North,Post-Graduate,Salaried,200462.91528941473,364268.9995561035,Car,664.7180954923289,3,6,4.21555332226711,2022-09-02,1
CUST00344,38.0,Male,South,Graduate,Salaried,67752.1811574222,263806.60127418186,Car,567.1282475831764,0,113,38.663938988199874,2021-03-19,1
CUST00345,32.0,Male,South,Graduate,,101430.95760818796,400620.4730854853,Education,525.3761042823182,2,30,32.103352202411145,2019-01-07,1
CUST00346,,Female,East,Graduate,Self-Employed,101795.2519581933,181032.64050357073,Home,591.2187444207372,10,87,21.45847308629632,2022-12-30,1
CUST00347,,Male,East,Secondary,Self-Employed,73052.19643717595,220075.62419178218,Car,610.5921764179197,8,111,18.184410502783432,2024-04-22,1
CUST00348,36.0,Male,North,Secondary,Salaried,43326.54052079711,171937.65057059305,Other,571.0200164359234,6,73,28.64000119952676,2019-11-10,1
CUST00349,25.0,Male,South,Post-Graduate,Salaried,119824.64988896885,212494.79641113844,Business,756.1173425710848,6,101,38.2908393904147,2018-03-06,1
CUST00350,,Male,East,Primary,Salaried,95167.86553408181,102990.99063760648,Business,801.168800371158,0,34,42.488256705170066,2024-12-31,1
CUST00351,51.0,Male,East,Post-Graduate,Self-Employed,133271.58020350852,241874.48280060882,Car,699.4470412965945,6,12,48.53284534068068,2020-02-23,1
CUST00352,31.0,Male,West,Graduate,Unemployed,71670.88062534569,188551.0660075875,Education,680.7356393682448,9,42,8.975684956749921,2023-04-02,0
CUST00353,44.0,Female,East,Graduate,Self-Employed,205354.4479092768,167934.5641035661,Business,638.6361509831111,6,193,40.912725852203494,2025-10-15,1
CUST00354,,Male,North,Graduate,Self-Employed,58333.72807839785,389724.6795398046,Business,,3,85,20.0814187509053,2021-10-15,1
CUST00355,57.0,Male,North,Graduate,Self-Employed,275742.89492263,142529.9312433358,Business,778.2328184858908,6,112,47.154001986526936,2018-09-07,1
CUST00356,26.0,Male,East,Post-Graduate,Salaried,34593.39663398229,297720.6820285849,Business,644.9717202327724,7,69,15.660116849193791,2022-10-22,0
CUST00357,58.0,Female,North,Post-Graduate,Unemployed,128137.86565913481,312900.11542661116,Car,,2,71,10.176325124539167,2025-09-15,1
CUST00358,64.0,Male,East,Graduate,Salaried,131302.40927535793,249639.2593803187,Home,731.1805299202563,9,178,14.49859368713775,2025-07-12,0
CUST00359,40.0,Female,West,Secondary,,61246.73122547214,100453.49515714352,Home,644.1132648095669,1,94,43.830664665505964,2026-03-12,0
CUST00360,58.0,Female,East,Graduate,Salaried,1273425.9892712054,194763.08470633184,Education,728.1835394473183,6,99,11.4183958024522,2023-06-11,0
CUST00361,29.0,Female,South,Post-Graduate,Salaried,212715.570351907,433322.3340871727,Other,617.2201034771565,4,76,4.809606642893039,2018-03-22,1
CUST00362,28.0,Male,East,Secondary,Salaried,,65560.14421897335,Home,731.4109540362939,4,47,53.46623713304456,2024-02-05,1
CUST00363,61.0,Female,South,Graduate,Salaried,133471.98498410938,148178.1807877112,Other,728.3813773553092,4,191,12.048826447551491,2025-11-21,1
CUST00364,34.0,Male,East,Graduate,Salaried,22115.577596044677,291022.0335151258,Home,755.9862737592074,6,50,46.400900951908085,2025-09-21,1
CUST00365,58.0,Female,West,Graduate,Salaried,55304.0331968429,153635.73157847743,Home,593.2460128325206,8,129,47.94011512220575,2023-02-04,0
CUST00366,48.0,Female,South,Secondary,Salaried,262367.0663768512,244004.97867842266,Education,643.3568450896807,10,167,9.171733168201547,2025-01-16,0
CUST00367,39.0,Male,West,Graduate,Salaried,69628.60685885882,329257.53816430265,Business,805.8216063148999,7,43,30.285496158509336,2019-10-22,1
CUST00368,45.0,Male,West,Post-Graduate,Salaried,48809.09860835101,182773.5331292012,Education,630.2870336716438,5,55,24.349246828773033,2021-02-14,0
CUST00369,62.0,Male,North,Secondary,Salaried,,209922.82883588594,Home,714.8820638425981,6,8,22.360518615635776,2017-10-21,0
CUST00370,23.0,Female,North,Secondary,Self-Employed,341377.3705579209,170405.3801944673,Business,,8,125,79.14225730120393,2022-10-14,1
CUST00371,37.0,Male,North,Post-Graduate,Self-Employed,,1511094.0496975495,Business,502.07670433060304,10,84,44.34723591758304,2018-10-21,1
CUST00372,35.0,Female,North,Secondary,Self-Employed,52533.90517641407,465701.99714833143,Business,627.635548962274,5,81,17.340115317151167,2022-07-02,1
CUST00373,38.0,Male,North,Post-Graduate,Self-Employed,,157633.14633236176,Other,,0,183,54.691504440628606,2026-01-13,1
CUST00374,27.0,Female,East,Graduate,Salaried,300926.5235494269,136410.36087859483,Home,506.0897072580883,3,137,38.77569484568002,2024-07-03,1
CUST00375,56.0,Female,North,Secondary,Self-Employed,92775.81452141258,273998.281789658,Car,613.5223025615566,7,59,30.789571704415902,2025-01-29,1
CUST00376,38.0,Female,South,Post-Graduate,Salaried,46937.320228664335,106781.3787335665,Education,572.2894978356748,6,24,0.7263757171461416,2025-06-17,1
CUST00377,59.0,Female,West,Graduate,Salaried,347147.86812509585,119687.4776196697,Other,718.6148374680675,2,156,13.82591955456103,2024-08-06,0
CUST00378,,Male,North,Graduate,Self-Employed,256957.3598289599,120069.65996211235,Education,,9,168,24.30689510667672,2022-04-15,1
CUST00379,27.0,Male,West,Secondary,Salaried,148355.7215156373,143209.33769799126,Car,,2,38,15.654616733559127,2025-04-18,0
CUST00380,59.0,,South,Graduate,Self-Employed,60630.817999514555,146371.07232327905,Business,705.1917930606356,10,126,8.897941878799754,2025-11-15,1
CUST00381,42.0,Male,North,Secondary,Self-Employed,95854.08780435745,230856.08687856104,Car,565.6942735818369,2,113,38.934270464765206,2021-02-21,0
CUST00382,56.0,Male,East,Secondary,Self-Employed,89660.35269297846,137148.44829435178,Education,732.1135563897582,11,130,18.090948105377258,2017-10-21,1
CUST00383,44.0,Male,East,Post-Graduate,Unemployed,120392.29114466181,235562.54348675004,Car,697.7583738814009,0,58,58.827874941042055,2021-06-15,1
CUST00384,33.0,Male,West,Secondary,Salaried,235767.36654643784,250719.5724804037,Home,646.8985900167461,9,166,26.197895080252604,2019-11-01,0
CUST00385,50.0,Male,East,Graduate,Salaried,167317.79124439237,117388.52047987016,Car,592.2834493939307,0,149,22.42030494700105,2016-12-20,0
CUST00386,48.0,Female,West,Secondary,Salaried,,248041.91162322366,Home,693.8130625605987,5,137,35.0996683752917,2025-03-23,1
CUST00387,27.0,Male,South,Graduate,Salaried,225459.96199042333,259551.19399082556,Car,,0,93,29.12894413015327,2020-11-12,1
CUST00388,42.0,,North,Secondary,Self-Employed,119119.12049859516,67476.30523541883,Home,594.8607590187852,4,150,63.117322127680296,2016-09-20,1
CUST00389,28.0,Male,West,Post-Graduate,Self-Employed,149080.16755440898,188478.73662121562,Home,542.5395924723061,3,187,20.354163130636245,2026-02-04,1
CUST00390,,Female,West,Graduate,Self-Employed,237975.85919783183,126348.0836682777,Car,581.9528783330293,4,57,21.59979620249407,2018-01-20,1
CUST00391,62.0,Male,West,Secondary,Salaried,50668.10253634491,312241.5887784952,Other,609.736171549022,6,54,26.06677378364492,2020-09-18,1
CUST00392,37.0,Female,South,Primary,Salaried,96616.484513152,125705.46967605893,Business,742.998982735318,5,76,35.50972705502943,2022-07-05,0
CUST00393,26.0,,South,Secondary,Salaried,71763.21294306577,83304.54782014572,Business,718.8607159805792,11,177,18.631706801907033,2024-03-06,0
CUST00394,36.0,Male,West,Graduate,Salaried,38533.54134562998,160346.37397337484,Business,613.994597254874,8,145,23.215525781562977,2023-11-11,1
CUST00395,42.0,Female,South,Secondary,Self-Employed,121543.31576260623,103934.25844937435,Home,617.1044832246085,5,20,36.867580729451795,2022-06-22,1
CUST00396,25.0,Other,West,Post-Graduate,Salaried,445491.7160302044,248896.55124390396,Business,,8,17,11.418207608876486,2017-07-20,0
CUST00397,26.0,Female,West,Graduate,Salaried,32726.923059917557,108629.00703197256,Home,671.3877399540211,3,24,49.56278575478545,2017-02-01,1
CUST00398,28.0,Female,South,Secondary,Salaried,96822.20460455483,161336.37907328174,Other,670.2731807899439,0,70,27.926987108559615,2025-02-02,1
CUST00399,56.0,Male,West,Graduate,Self-Employed,144976.32918041782,352535.0093409376,Car,593.7299675604545,0,51,10.740830137964005,2023-06-20,1
CUST00400,57.0,Female,West,Graduate,Self-Employed,1062815.4331583462,281887.77539103926,Car,,9,151,20.128193260791193,2017-10-14,1
CUST00401,36.0,Male,North,Secondary,Salaried,,206678.47455084568,Home,650.340933377527,6,177,39.19981834692072,2018-07-23,1
CUST00402,49.0,Male,West,Secondary,Salaried,45273.18447181717,152697.04566794672,Home,642.7046602421032,2,169,11.459161428395008,2021-06-02,0
CUST00403,23.0,Other,East,Primary,Salaried,113512.93177581081,197096.3999944261,Other,708.725432948469,1,126,26.754864032487557,2023-05-30,0
CUST00404,26.0,Male,West,Graduate,Salaried,62689.02138679942,229691.40655207328,Business,711.2283071532839,5,58,9.843169945417332,2025-09-27,1
CUST00405,28.0,Female,South,Graduate,Self-Employed,26530.412010944357,99379.2698812701,Other,576.4833732240371,5,10,4.991888613218734,2017-11-10,1
CUST00406,43.0,Female,West,Graduate,Self-Employed,202147.99008092098,249114.67758167413,Car,609.9828387399298,6,18,22.569289164655395,2025-10-08,1
CUST00407,52.0,Female,South,Post-Graduate,Salaried,175436.33488851698,93821.84281543398,Car,595.0101173423762,4,136,7.2207681367183305,2024-07-24,1
CUST00408,53.0,Other,North,Post-Graduate,,101823.5391876913,216690.6344244232,Business,761.0820612888172,7,90,40.34507328608111,2017-03-25,1
CUST00409,29.0,Male,West,Graduate,Unemployed,113260.39338161529,93578.39355446798,Car,830.2792423812672,6,187,8.552324103808056,2023-11-30,1
CUST00410,62.0,Male,North,Post-Graduate,Salaried,188074.00493559433,434259.7436292758,Home,612.9102899890471,1,166,52.76420666290272,2021-04-27,0
CUST00411,63.0,Male,South,Secondary,Self-Employed,112939.0751200591,238391.79877464147,Car,636.6323803554494,0,31,57.37700878871005,2024-10-24,0
CUST00412,,Male,West,Secondary,Salaried,169805.76990158932,74756.19474089183,Education,717.3851864957865,8,11,11.365311988711943,2019-12-15,1
CUST00413,22.0,Male,West,Secondary,Salaried,82578.99913940577,162679.40245529427,Business,593.4231136616222,4,135,10.647411080764439,2019-08-12,1
CUST00414,61.0,Male,East,Primary,Salaried,216899.68469907643,125403.1439148112,Business,719.1926662065981,11,179,27.42113886057109,2021-09-04,1
CUST00415,40.0,Female,East,Graduate,Salaried,119667.39146081907,118200.37246712948,Business,648.330458955023,10,6,32.93806685668704,2018-11-12,1
CUST00416,59.0,Female,South,Post-Graduate,Unemployed,110905.21162675337,175176.9286865745,Education,510.5008237640029,4,84,19.690408189431718,2018-12-21,1
CUST00417,63.0,Male,South,Primary,Salaried,,102334.60097125445,Other,545.9653135702645,11,157,43.640676155339456,2018-02-10,1
CUST00418,58.0,Female,South,Secondary,Salaried,117262.8778376001,238168.30878583033,Home,622.9716746199367,9,64,12.108326863623995,2018-05-23,1
CUST00419,28.0,Male,East,Graduate,Salaried,,231498.12277208435,Business,747.8358843832676,3,28,15.645745314117907,2017-10-02,1
CUST00420,60.0,Male,West,Post-Graduate,Salaried,67307.72974455681,194019.19713830962,Car,578.5972321288817,1,19,44.3811330085629,2025-09-11,0
CUST00421,46.0,Female,West,Secondary,Salaried,60522.75100566144,161175.2781158816,Home,607.2719518953628,4,99,14.10699842130818,2022-09-25,0
CUST00422,43.0,Female,West,Graduate,Salaried,52065.56354921951,226366.15972784883,Car,,1,146,29.453840091389228,2019-03-15,1
CUST00423,48.0,Female,North,Primary,Self-Employed,353225.8177790484,241758.06001250277,Home,516.4988035151193,11,186,17.864919484986505,2023-06-11,1
CUST00424,62.0,Male,South,Secondary,Salaried,219433.26583678788,204323.30941918763,Home,673.8842624846118,6,138,25.841635973423415,2019-01-31,0
CUST00425,59.0,Female,North,Post-Graduate,Salaried,312456.4883819873,84462.50511415816,Car,526.5007931120718,10,85,74.17286179171847,2018-04-17,1
CUST00426,60.0,Female,East,Post-Graduate,Unemployed,47394.57209046409,109733.16697208087,Car,695.3747367569429,8,22,16.62061448569709,2025-12-23,1
CUST00427,36.0,Female,South,Primary,Salaried,103027.60592047029,142339.38771167002,Home,585.2977534210085,8,24,39.59829973711974,2021-03-01,1
CUST00428,23.0,Female,West,Post-Graduate,Unemployed,45428.522010060035,77816.17170320688,Business,574.6360687828147,10,119,19.193068422531585,2021-06-28,1
CUST00429,29.0,Female,South,Graduate,Salaried,65028.64042020371,182043.6125350297,Car,,5,194,56.52281175188521,2020-01-05,1
CUST00430,64.0,Female,North,Post-Graduate,Self-Employed,56904.16465405085,329556.3396739579,Education,713.5192407600853,0,44,20.53864616227934,2021-05-29,1
CUST00431,27.0,Female,North,Graduate,Self-Employed,207679.31286425074,304323.08126796474,Education,680.100788484575,5,43,39.410998242031845,2020-07-27,0
CUST00432,41.0,Other,West,Graduate,Self-Employed,77828.43977206715,235581.70430723927,Home,666.6114799880285,4,184,7.392480436454201,2022-01-16,0
CUST00433,48.0,Female,East,Graduate,,187405.05076603507,234182.4911107419,Other,667.7441767533785,3,36,22.032996958202514,2020-05-10,1
CUST00434,44.0,Male,North,Graduate,Salaried,141842.49541378315,492696.06676678534,Home,680.5857510209329,11,128,44.309092290139176,2025-11-19,1
CUST00435,61.0,Female,North,Secondary,Unemployed,3932430.9079282507,248185.546329192,Home,685.8428956838803,5,112,53.61623473597367,2021-07-28,0
CUST00436,38.0,Male,East,Primary,Salaried,,258543.13961409192,Business,,5,31,25.709791500658923,2025-03-04,0
CUST00437,34.0,Male,North,Secondary,Salaried,2101422.4633071017,79264.26319994435,Business,702.3602359024592,5,114,27.90049178600554,2022-10-16,0
CUST00438,,Female,West,Graduate,Salaried,196391.32860860424,316921.50286956434,Other,586.144781985504,1,184,26.21672892208705,2026-01-22,0
CUST00439,41.0,Female,East,Secondary,Salaried,55048.65432101168,198639.85200744143,Other,737.31146108971,6,101,43.52457603472743,2017-04-04,1
CUST00440,63.0,Female,North,Graduate,Salaried,,156389.94696087216,Other,712.5954919030786,3,195,31.94680593685647,2019-05-02,1
CUST00441,46.0,Male,North,Post-Graduate,Salaried,120775.28845852464,138161.8271981598,Other,824.4720803667766,11,78,26.115527604796196,2018-09-17,0
CUST00442,43.0,Male,West,Primary,Salaried,86121.4892472528,123710.85184630236,Other,,8,195,28.46226510378223,2024-12-29,1
CUST00443,38.0,Male,South,Graduate,Self-Employed,60212.70814764585,305098.03774824215,Home,722.7279749238072,9,21,33.130660885440264,2025-12-01,0
CUST00444,61.0,Other,South,Graduate,Self-Employed,,160463.30006451055,Home,525.1569369589917,1,53,22.915594185139604,2023-07-18,1
CUST00445,32.0,Other,West,Post-Graduate,Salaried,337691.2371694528,126015.56632500922,Education,725.3357393844578,4,85,14.812965960966421,2018-10-25,0
CUST00446,46.0,Female,West,Secondary,Salaried,98756.22229637529,110660.98279605749,Education,744.1164817891411,3,120,32.59043712343745,2024-07-07,1
CUST00447,26.0,Female,West,Graduate,Salaried,157830.66565351843,177246.97841612282,Car,770.3777034710761,8,27,40.661985862427045,2017-11-26,1
CUST00448,42.0,Female,West,Post-Graduate,Salaried,,135970.76085508388,Home,659.63730818732,3,102,24.05867530959992,2020-08-24,1
CUST00449,47.0,Female,South,Post-Graduate,Salaried,61826.554292457484,121312.14623371106,Other,622.6485299113592,7,76,8.407769239056732,2019-10-12,0
CUST00450,37.0,Male,North,Graduate,Salaried,188941.15295825686,81545.95581666552,Car,562.8388179778703,7,145,40.707807571460705,2026-05-11,1
CUST00451,61.0,,West,Graduate,Salaried,43925.674693787085,262939.35093384597,Business,570.1571230506369,5,155,29.57251566345398,2021-06-08,1
CUST00452,42.0,Female,East,Graduate,Unemployed,76946.96822894232,151901.62134235422,Home,647.9514660355427,5,61,23.61184340024365,2021-01-29,1
CUST00453,,Female,South,Post-Graduate,Salaried,100751.91092668893,94596.9649446706,Education,509.88496022369344,10,194,39.68348699518038,2017-07-21,0
CUST00454,25.0,Male,West,Graduate,Salaried,105537.70496735096,142113.58757637214,Home,588.5425113534961,7,186,13.220870900235942,2017-09-29,1
CUST00455,59.0,Female,North,Primary,Salaried,88658.21978636004,214178.70764776386,Home,657.1617640608521,11,152,40.334084995298504,2026-02-03,1
CUST00456,29.0,Male,South,Post-Graduate,Salaried,125177.9831384775,165118.79042221644,Home,655.3762762168169,11,90,13.5863779971311,2023-08-13,0
CUST00457,30.0,Male,North,Graduate,Salaried,149598.96910519066,179063.69757294975,Home,572.4484997303337,9,184,13.465139637544732,2021-02-24,0
CUST00458,38.0,Female,South,Graduate,Self-Employed,153396.68036179047,166254.35089874244,Business,551.2909351633091,8,27,1.544282188739145,2023-08-20,1
CUST00459,62.0,Female,North,Secondary,Salaried,54639.79349149535,85954.39224046239,Education,563.2390034891187,4,109,14.051778729741715,2025-10-03,0
CUST00460,34.0,Female,North,Graduate,Salaried,83241.96954289427,261516.92198882418,Home,632.3318272956104,10,167,29.97868641008978,2022-06-02,1
CUST00461,30.0,Male,North,Secondary,Unemployed,202168.68802563858,69277.60133048314,Business,820.3837714466613,0,71,14.041945257499755,2019-12-14,0
CUST00462,27.0,Male,East,Graduate,Self-Employed,168853.76315639765,205000.62098390172,Car,734.8271268853817,0,38,45.45736248076888,2024-08-24,1
CUST00463,48.0,Female,East,Secondary,Self-Employed,43316.30184266733,221413.09874158478,Home,667.1355523107393,1,37,12.083614873595657,2022-02-14,1
CUST00464,63.0,Female,East,Graduate,Salaried,121891.66534099026,145812.6923773563,Business,694.3112612274962,9,50,23.436304771439215,2016-11-08,0
CUST00465,58.0,Male,West,Post-Graduate,Self-Employed,30123.619691535878,194213.09477718166,Other,731.2691899104113,9,85,34.787458281959815,2018-06-16,1
CUST00466,60.0,Female,South,Primary,Salaried,101535.2127795483,141695.0178732354,Car,704.0494920743192,4,177,34.23662762451973,2022-04-25,1
CUST00467,64.0,Male,South,Post-Graduate,Salaried,308248.0854716674,195388.9764203176,Education,625.3432021258194,3,151,52.53065703672194,2026-08-24,1
CUST00468,45.0,Female,West,Graduate,Salaried,55896.90940213345,267389.3919468951,Home,582.3529434742769,0,91,23.285348886758573,2025-01-28,1
CUST00469,30.0,Female,North,Post-Graduate,Salaried,59838.597370231284,109528.1405785925,Home,639.978066341957,3,19,61.7615693887606,2020-06-02,1
CUST00470,63.0,Male,West,Graduate,Salaried,156125.87766162696,227972.98851119418,Business,730.3393333529536,3,127,20.53165031952698,2020-10-27,0
CUST00471,32.0,Male,North,Graduate,Salaried,39117.26039423284,379344.10510910104,Education,628.3687059644607,9,125,13.168749857704867,2022-05-30,1
CUST00472,56.0,Female,West,Graduate,Unemployed,67531.33437222424,185773.3444254437,Other,561.625949668988,3,82,31.67041608408801,2018-08-26,0
CUST00473,50.0,Female,North,Post-Graduate,Unemployed,141190.40981099114,126556.97585807694,Car,512.1241605780542,0,70,18.452405223454853,2019-01-26,0
CUST00474,29.0,Female,West,Graduate,Self-Employed,67469.33594766483,504647.9919389486,Education,640.3175390657431,8,43,20.331075400445034,2024-09-13,0
CUST00475,38.0,Female,East,Secondary,Salaried,85683.71024296807,170135.9529266786,Home,567.9486205969727,2,22,33.38216071364024,2019-11-14,1
CUST00476,28.0,Female,West,Graduate,Self-Employed,154277.9965123875,182730.00354547333,Business,615.0787290898986,3,191,13.138044795976208,2022-03-24,1
CUST00477,33.0,Other,North,Post-Graduate,Salaried,127125.19281966919,184644.40232520585,Other,766.4986023082657,4,164,6.324390760614179,2017-09-30,1
CUST00478,36.0,Male,East,Graduate,Self-Employed,,203603.8888258735,Business,645.6920231002448,6,25,12.87162977978753,2023-09-02,1
CUST00479,,Male,West,Graduate,,80541.40124972962,137387.75387836935,Car,589.9631380200977,5,172,64.87924838370803,2026-03-24,1
CUST00480,45.0,,East,Graduate,Self-Employed,123258.20592001654,178973.92974839607,Education,674.7001024793495,4,31,31.96944417569556,2024-05-10,1
CUST00481,58.0,Male,East,Post-Graduate,Salaried,91652.57894559976,261997.92731968808,Business,803.67637336642,7,6,15.171463273501185,2023-10-27,1
CUST00482,,Female,East,Secondary,Self-Employed,129921.19664146175,135036.37821538444,Business,640.3443001274379,0,101,35.074171301507015,2021-12-26,1
CUST00483,32.0,Male,South,Graduate,Unemployed,73265.1832255237,131926.86716921348,Home,461.5578957878423,6,43,42.278712720924524,2025-05-26,1
CUST00484,56.0,Female,East,Primary,Salaried,88473.52337860539,140639.86630017922,Business,702.0061261220784,11,60,9.196537367485474,2024-07-20,1
CUST00485,38.0,Female,East,Secondary,Salaried,54503.77936908775,94005.97198673959,Other,677.714404874147,5,111,38.5361987177955,2026-01-31,1
CUST00486,48.0,Female,West,Secondary,Unemployed,96663.9137070335,115679.67976137357,Education,657.209788439658,10,131,32.31882665235935,2021-10-27,0
CUST00487,24.0,Male,North,Secondary,Salaried,60681.82336189283,113347.0962645826,Car,632.4658193071226,4,17,33.88875698100011,2026-04-30,1
CUST00488,23.0,Male,South,Graduate,Self-Employed,50593.183355336536,162712.2753578571,Business,585.4182260092175,6,130,16.292247510403442,2016-09-05,0
CUST00489,25.0,Male,West,Secondary,Salaried,115288.92970866585,247229.62209127125,Other,771.1979379147085,2,188,17.839875646104772,2020-11-03,0
CUST00490,39.0,Male,West,Graduate,Salaried,112155.75630997567,336669.5109364506,Car,502.93525322327616,0,198,48.49163003593945,2016-12-14,1
CUST00491,41.0,Male,South,Secondary,Salaried,157901.11173445583,167475.82786772598,Other,625.2831135350608,8,60,25.705148111661515,2025-04-07,1
CUST00492,42.0,Female,East,Secondary,Salaried,76215.84489056213,204481.92734412517,Business,623.4127862731301,1,32,23.79862410580946,2017-08-14,1
CUST00493,35.0,Female,South,Secondary,Self-Employed,126100.14957348292,183817.17030437398,Business,718.2753441917755,9,68,22.074923776985923,2020-09-15,1
CUST00494,29.0,Female,North,Primary,Salaried,137376.21600193734,57141.19118782044,Education,,2,75,47.166351014795104,2022-08-28,0
CUST00495,,,South,Graduate,Salaried,128909.2934799757,91679.54271242097,Home,631.8612951978006,7,196,32.83249737616272,2022-01-09,1
CUST00496,47.0,Male,South,Graduate,Salaried,60150.66579897564,238144.31765479592,Other,665.4372681814949,11,188,25.783822714252803,2025-04-05,1
CUST00497,40.0,Female,East,Graduate,Salaried,107971.01488190595,250006.59736590044,Home,672.2389451581791,9,173,17.969070586194164,2026-04-03,1
CUST00498,63.0,Female,North,Graduate,Self-Employed,,247163.17191980698,Home,734.2660991527667,8,123,2.461492471074006,2022-04-13,1
CUST00499,49.0,,West,Secondary,Unemployed,99141.8646991857,148909.49849937204,Car,732.6184357890452,2,104,25.051157957171498,2018-09-29,1
CUST00500,50.0,Female,West,Post-Graduate,Salaried,28229.234518071215,60028.982707440904,Car,606.9269164400855,5,45,6.609157336065342,2024-06-21,1
CUST00501,,Male,East,Graduate,Self-Employed,108694.20658296168,97317.83078696643,Other,685.0321121149049,6,8,26.901662430214863,2021-05-20,0
CUST00502,64.0,Female,East,Graduate,Self-Employed,372323.5910817794,105055.71181866566,Home,680.6601433978291,0,189,9.065240914107422,2026-06-03,0
CUST00503,49.0,Other,South,Primary,Salaried,79536.90754365537,222878.99716076645,Education,640.7272042520104,6,162,21.849935232173827,2021-12-29,0
CUST00504,62.0,Male,West,Secondary,Unemployed,63777.37236422629,136123.03866475038,Home,679.9025387225728,3,92,26.056103739150032,2019-09-19,1
CUST00505,47.0,Female,East,Secondary,Salaried,123501.5685558796,378965.42540738836,Car,651.615020950098,4,88,57.06834092833037,2025-10-22,1
CUST00506,26.0,Female,North,Secondary,Salaried,119065.24822957831,339021.6229800588,Home,662.6312479291589,7,50,36.03162846392685,2017-11-25,1
CUST00507,36.0,Other,West,Graduate,Self-Employed,201922.87554600442,375813.8511718238,Business,541.519495063,3,188,36.28613250039044,2020-09-29,0
CUST00508,30.0,Male,West,Graduate,Salaried,46410.41185435192,102923.72955724945,Business,576.5630902345097,3,163,21.715952423828224,2020-03-18,0
CUST00509,53.0,Female,West,Graduate,Self-Employed,153097.1783775722,208031.6698673307,Education,715.4204407658553,7,92,29.424962138518712,2024-01-14,1
CUST00510,47.0,Male,East,Graduate,Self-Employed,140681.42793217202,128186.0438900946,Other,553.1529698544705,4,11,26.639412300629097,2025-07-27,0
CUST00511,58.0,Male,East,Post-Graduate,Salaried,90645.54571825388,191747.73542423212,Home,687.6087367356555,5,81,8.92920808299338,2020-10-03,1
CUST00512,36.0,Male,South,Graduate,Self-Employed,120959.66123259901,108792.00515012901,Business,643.4859215179639,11,186,23.90066155672906,2024-05-01,1
CUST00513,62.0,Other,West,Post-Graduate,Salaried,183079.26661803704,300462.48516280454,Other,732.4523783463865,10,140,21.07292273575339,2022-04-06,1
CUST00514,25.0,Female,West,Primary,Salaried,166606.3674574241,109813.00293895409,Business,701.9040433677349,4,187,21.642005292509804,2025-06-12,1
CUST00515,57.0,Female,North,Secondary,Self-Employed,49721.28613039327,61474.66930104851,Other,613.7376663634532,0,176,54.72493869283011,2026-07-28,1
CUST00516,41.0,Female,North,Primary,Unemployed,161473.2724128606,449949.3986014999,Other,632.140132170276,6,145,37.87117287415269,2021-10-21,1
CUST00517,48.0,Male,South,Graduate,Salaried,94957.70272668956,203058.2859633065,Business,491.1569748351932,5,97,58.338804214745835,2017-12-31,0
CUST00518,42.0,Male,West,Post-Graduate,Salaried,103127.81897817474,95362.11086385652,Car,639.5681507845817,1,24,42.75510844694913,2024-07-01,1
CUST00519,43.0,Male,West,Secondary,Self-Employed,103147.80046333333,150071.0972521309,Other,548.3881005916647,10,82,31.560135513143,2017-01-13,1
CUST00520,,Male,North,Post-Graduate,Self-Employed,90206.26917831728,121975.0082891187,Home,632.5034913593155,6,164,23.702370423108583,2023-03-22,0
CUST00521,52.0,Male,East,Primary,Self-Employed,201798.40807925028,163222.68668516993,Business,598.9665412835304,5,192,9.35545927190486,2020-12-20,0
CUST00522,38.0,Male,South,Post-Graduate,Salaried,93879.67837945402,243139.4480357781,Car,579.8696638488416,4,182,23.71957867006162,2019-08-03,0
CUST00523,28.0,Male,West,Secondary,Salaried,50426.51076307831,224782.72466021017,Business,745.0179609696171,7,31,23.81574409369454,2020-02-04,1
CUST00524,40.0,Male,West,Secondary,Salaried,77954.61570676918,184769.52383078134,Education,,4,124,38.87193407943008,2022-03-08,1
CUST00525,49.0,Male,West,Graduate,Self-Employed,109887.98745399302,163182.83799770952,Home,572.9547909270524,10,29,27.476277477775934,2017-05-10,1
CUST00526,,Male,South,Secondary,Salaried,206391.24015475888,279102.77963761135,Education,,1,56,7.494848643164599,2025-01-01,1
CUST00527,48.0,Other,South,Secondary,Salaried,141755.18663940337,62147.811978947175,Other,611.5105552903527,5,25,52.443030349751254,2021-06-14,0
CUST00528,34.0,Female,South,Secondary,Unemployed,,111919.33340986943,Other,579.8577190822765,11,22,1.7684521390555517,2017-05-09,1
CUST00529,23.0,Other,North,Post-Graduate,Salaried,438499.4997651685,99774.56632441335,Education,621.2681206154966,0,43,42.7297983792294,2020-02-10,1
CUST00530,43.0,Male,West,Graduate,Unemployed,,269178.1983072337,Education,674.1723453455091,4,19,19.59848805217326,2022-05-12,1
CUST00531,41.0,Male,West,Secondary,Self-Employed,212189.37703256166,112471.33769944556,Other,703.5887006423172,5,57,55.10786365892353,2020-11-15,1
CUST00532,64.0,Female,West,Graduate,Self-Employed,90126.66419750031,85564.2045780427,Car,699.7046365928202,6,42,18.501098363461562,2018-08-24,1
CUST00533,26.0,Male,West,Graduate,,135946.34255408138,214199.6435849226,Home,497.3437937335149,1,180,19.765247293061023,2019-03-22,1
CUST00534,27.0,Male,East,Secondary,Salaried,163355.01258303336,103324.12899099095,Business,680.415671480915,0,56,19.327038782484642,2023-12-01,0
CUST00535,56.0,Male,West,Graduate,Self-Employed,205031.0739859276,136576.0332595995,Education,,5,76,10.651836267262906,2019-01-17,1
CUST00536,22.0,Male,West,Secondary,Self-Employed,,535294.2905524321,Home,597.008068503106,2,32,34.12863492955961,2018-06-03,0
CUST00537,56.0,Male,West,Secondary,Self-Employed,166594.53416505997,1929961.8979310836,Business,783.4147365045711,4,148,22.759080133553603,2020-08-17,0
CUST00538,24.0,Male,North,Graduate,Salaried,,1171647.2680269808,Business,737.013298545167,11,122,16.72511938341364,2022-05-21,1
CUST00539,57.0,,South,Secondary,Self-Employed,70049.14701063112,153190.25690308804,Education,635.3580493487165,10,148,35.74195759479862,2020-11-05,1
CUST00540,28.0,Male,North,Graduate,Self-Employed,120519.21818330364,256207.7180556715,Car,602.3225355785414,1,39,46.00899890488855,2020-05-01,1
CUST00541,50.0,Male,West,Graduate,Self-Employed,172797.7031667452,226711.87452978521,Car,782.1155568754367,0,149,20.491693772307745,2019-10-03,1
CUST00542,36.0,Female,East,Secondary,Self-Employed,86367.573664102,169024.63368376982,Home,648.4789009712437,0,103,12.006405910052106,2025-06-23,1
CUST00543,32.0,Male,North,Graduate,Self-Employed,187044.75138560953,171404.23122815156,Home,656.8029646128325,10,56,18.478701943532343,2025-06-27,1
CUST00544,39.0,Male,East,Secondary,Self-Employed,235995.97936926415,77658.45896871909,Other,655.7965277700679,3,144,27.922134192977122,2025-03-31,1
CUST00545,25.0,Female,East,Post-Graduate,,56965.86162627914,69912.1494481164,Car,834.2483576972785,9,87,14.89831737621103,2024-07-06,1
CUST00546,45.0,Male,South,Graduate,Salaried,59745.40587535457,148983.20524725586,Home,632.6787788714369,1,52,25.493194568047834,2022-12-08,0
CUST00547,32.0,Male,North,Post-Graduate,Salaried,90741.94289476062,118581.6945280827,Other,648.1086418560947,0,26,45.772923982615396,2019-05-21,1
CUST00548,27.0,Male,East,Graduate,Salaried,118725.28820483555,218172.10813979508,Business,583.5149869600913,5,127,37.300603948280134,2017-05-08,1
CUST00549,39.0,Male,East,Primary,Salaried,72060.3896610131,179618.39863697786,Home,618.8400446189088,3,131,24.1933614254779,2024-02-05,0
CUST00550,36.0,Female,West,Graduate,Salaried,,110593.08054763709,Other,567.4886244570802,9,181,19.434148790406404,2020-06-23,1
CUST00551,24.0,Female,East,Post-Graduate,Salaried,127317.61092818991,176592.34678032223,Car,585.1413397573502,11,56,22.538161838423264,2019-02-16,0
CUST00552,38.0,Male,West,Graduate,Salaried,,132043.09257878005,Business,505.2038673753816,6,83,27.479236427628468,2017-09-09,0
CUST00553,54.0,Female,East,Post-Graduate,Self-Employed,41708.25232454534,457394.1125846062,Home,720.5219656783015,10,133,17.965687441951214,2025-05-14,1
CUST00554,55.0,Male,East,Post-Graduate,Unemployed,44824.51641572359,197426.40273244987,Car,662.5397070068731,5,70,14.543779363131645,2025-05-01,1
CUST00555,51.0,Male,West,Secondary,Salaried,116845.23380931957,74585.13521493375,Business,669.1287433824656,4,68,14.975303248587164,2022-11-23,1
CUST00556,40.0,Female,South,Secondary,,27458.81773474326,404439.5457754928,Education,645.8049354773705,9,12,31.137887688689347,2022-05-22,1
CUST00557,30.0,,North,Graduate,Salaried,181240.9147215613,118589.76911291068,Car,655.7412814013874,11,29,17.980173862363586,2021-01-01,1
CUST00558,61.0,,North,Graduate,Salaried,89779.11845816066,99970.60828418004,Education,779.531125700035,11,198,47.443769691309306,2019-07-23,1
CUST00559,52.0,Male,West,Post-Graduate,Salaried,690972.8297280447,475367.4325851934,Home,588.4981766532208,11,98,23.556579929859726,2017-01-05,1
CUST00560,48.0,Male,East,Post-Graduate,Salaried,394253.6450727227,193477.8527633026,Other,672.2685438623346,11,183,37.713332225068996,2024-08-31,0
CUST00561,46.0,Male,East,Secondary,Self-Employed,,231048.51835141602,Home,671.8392914260007,1,185,20.49967441940197,2026-04-30,1
CUST00562,28.0,Female,North,Secondary,Self-Employed,92614.203877879,234809.55444118768,Car,741.3591382716606,4,19,38.87199808577723,2025-03-17,1
CUST00563,28.0,Male,North,Graduate,Salaried,179395.63700816728,146826.24236358097,Education,685.0923850043001,8,182,25.10035520791301,2026-08-25,1
CUST00564,,Male,North,Secondary,Salaried,274279.6721128616,122246.8163543536,Education,689.113507586188,8,126,9.525520581795448,2019-04-30,1
CUST00565,64.0,Male,South,Post-Graduate,Salaried,36944.88792070138,132636.98939293594,Business,549.3384343568115,1,79,11.750358289075633,2025-05-17,1
CUST00566,57.0,Female,East,Graduate,Salaried,33798.60203779398,363826.7746846444,Home,585.2878118636015,6,108,27.72455747006247,2018-01-10,0
CUST00567,,Female,South,Graduate,Salaried,67967.1049696804,180212.8221271122,Home,,9,42,17.18089038494982,2025-01-14,1
CUST00568,23.0,Female,South,Primary,Salaried,140034.2829606941,313783.1809518122,Car,451.93025620095557,3,172,5.119282750384223,2022-01-16,1
CUST00569,55.0,Female,West,Graduate,Self-Employed,133002.62639032045,156651.27513703768,Education,681.775946888611,2,198,23.842844222876007,2019-06-14,1
CUST00570,38.0,Female,South,Graduate,Unemployed,187561.65049527198,111558.92563626592,Car,629.0696928073589,10,119,73.56938824172977,2021-07-12,1
CUST00571,45.0,Male,East,Graduate,Salaried,48058.845309430006,79133.51459448496,Car,681.9257350863754,0,43,34.46936748519134,2024-08-28,0
CUST00572,30.0,Male,West,Secondary,Unemployed,24595.374658223784,225032.83245811056,Education,652.8391424428401,2,112,12.7254045138601,2019-10-13,1
CUST00573,22.0,Female,South,Graduate,Salaried,,379666.6991072016,Car,669.2349052162888,10,21,46.11456899657432,2024-07-13,1
CUST00574,63.0,Other,East,Post-Graduate,Salaried,60058.972663479755,104507.43496815757,Education,757.0492329417361,8,139,47.130970328355716,2022-03-23,0
CUST00575,49.0,Female,West,Secondary,,29404.62580825245,210383.27901364941,Car,650.5836071420763,8,122,27.954511209525855,2022-08-06,1
CUST00576,36.0,Male,West,Primary,Self-Employed,107692.82574219604,81813.05792284895,Other,703.5191374483061,6,43,27.208385710156758,2020-02-29,1
CUST00577,42.0,Male,North,Primary,Unemployed,1588801.483387319,123272.38048052303,Car,625.8205051172739,2,39,10.96782394313307,2017-02-14,0
CUST00578,36.0,,West,Graduate,Self-Employed,91744.76625313725,186086.7780753091,Car,,2,55,13.71812301336208,2026-05-06,0
CUST00579,44.0,Female,South,Graduate,Salaried,75003.56826778532,68586.63414298109,Other,550.8289876224176,3,51,41.01418308682222,2021-03-16,1
CUST00580,23.0,Male,South,Graduate,Self-Employed,89714.04925621847,161294.69485314493,Home,502.99550388000375,6,40,27.909489287860325,2020-01-29,0
CUST00581,,Male,South,Secondary,Salaried,79035.33757880935,107114.0853103705,Education,818.5328377331549,6,68,46.28738983785971,2024-10-22,1
CUST00582,30.0,Female,West,Secondary,Self-Employed,43965.99322553621,220219.40258833673,Business,796.9043321850595,11,99,6.811675300622808,2022-07-17,0
CUST00583,23.0,Male,South,Graduate,Salaried,64292.071243078964,149836.45509803414,Other,494.3588402842897,11,109,31.81871574188498,2022-07-20,0
CUST00584,23.0,Female,South,Graduate,Salaried,134964.61919145504,260333.6898809243,Home,647.1109339218979,1,17,14.27074329416523,2019-06-25,1
CUST00585,,Male,East,Post-Graduate,Salaried,119731.51317107209,141520.64077484704,Car,661.9933074462914,11,150,42.470814015575726,2022-09-23,0
CUST00586,38.0,Male,North,Secondary,Self-Employed,109189.03045955906,82356.30038488418,Home,707.8377265574711,4,153,18.747246624360287,2021-10-07,1
CUST00587,62.0,Male,North,Graduate,Salaried,54334.29611588033,77382.81136144316,Other,789.1367117240986,6,116,2.842536315242263,2021-03-22,1
CUST00588,29.0,Female,North,Graduate,Self-Employed,88530.11917150876,62661.04541029209,Car,565.0871798384705,6,69,31.44921084794702,2025-01-20,1
CUST00589,,Male,North,Graduate,Salaried,26735.858869025553,223346.33475042274,Home,569.3854539587642,5,12,32.817031745183144,2022-01-10,1
CUST00590,55.0,Male,North,Graduate,Self-Employed,109873.61155616786,584706.5986519734,Business,649.9063059047029,9,52,65.35021069625077,2024-10-10,1
CUST00591,26.0,Other,North,Graduate,,232655.6226171219,202322.66806175292,Education,572.9137572891623,9,89,30.057359651654476,2023-01-30,1
CUST00592,50.0,Male,East,Post-Graduate,Self-Employed,40762.618239024276,375503.63891898154,Education,432.8690577191622,11,47,4.777631449471995,2017-03-12,1
CUST00593,49.0,Female,North,Secondary,Salaried,69455.62899968121,286870.6354015034,Other,631.8207948180087,7,185,47.45810123808488,2022-08-02,0
CUST00594,37.0,Female,South,Secondary,Salaried,120266.34059093142,125596.79247402518,Car,718.6035125725352,2,89,21.19473025938957,2021-07-14,1
CUST00595,35.0,Male,West,Graduate,Salaried,2093380.274503091,306403.4542648319,Car,648.3626091569079,0,159,15.60687623173739,2018-01-03,0
CUST00596,23.0,Female,South,Graduate,Self-Employed,75437.91131503928,128118.72527904673,Education,699.9236207319842,2,23,37.54710239687405,2021-04-29,1
CUST00597,61.0,Male,East,Secondary,Salaried,65163.17595784414,129397.72312116758,Home,688.4804963163401,10,27,25.34853003520312,2020-06-22,1
CUST00598,25.0,Female,North,Primary,,30292.217628101334,146635.30092584997,Car,567.8411499686425,1,119,19.464470594497314,2024-01-31,0
CUST00599,62.0,Male,North,Primary,Salaried,105036.46741800707,150151.63896000243,Business,655.4417235503245,1,54,18.299127087537244,2020-07-30,1
CUST00600,52.0,Female,North,Post-Graduate,,336127.43036566797,226541.7948469143,Business,527.9871480768792,1,183,12.521596639393909,2026-04-30,1
CUST00601,47.0,Male,North,Secondary,Self-Employed,116589.56759781063,116373.09349929658,Car,609.0471470811837,4,47,52.863042905690904,2026-03-30,1
CUST00602,48.0,Female,South,Secondary,Salaried,97404.97949376276,253863.34497007568,Car,654.0362547561546,0,103,17.75103180684654,2026-05-23,1
CUST00603,55.0,Male,North,Secondary,Self-Employed,119760.52303697594,252047.29854382674,Education,649.9077866969542,9,108,46.30452550928736,2024-03-30,1
CUST00604,52.0,Male,North,Secondary,Salaried,98060.97888154151,193200.10924722906,Other,546.7252098551543,3,120,50.12707004246917,2016-12-26,0
CUST00605,32.0,Male,North,Primary,Salaried,60608.55760211504,429254.7971290677,Education,562.8803611035557,9,55,33.34659053244904,2025-11-12,1
CUST00606,,Male,South,Graduate,Salaried,161776.00130641297,309804.373590316,Other,673.2767703726316,4,110,15.194116146214762,2020-09-24,1
CUST00607,33.0,Female,North,Primary,Salaried,113035.46679223642,277857.7705707198,Business,716.1914748242641,1,116,18.348012115355928,2022-10-08,1
CUST00608,56.0,Male,South,Post-Graduate,Salaried,99764.52629431414,168228.20290245165,Other,633.4426005208082,4,173,43.859933060381394,2022-04-01,1
CUST00609,55.0,Female,East,Secondary,Self-Employed,54983.05817787148,194052.31543978106,Education,629.4378656597423,9,76,5.993116490234429,2018-12-05,1
CUST00610,34.0,Other,East,Graduate,Salaried,215799.44482385495,211483.80058236138,Car,724.5020800002337,3,143,4.030222102805482,2022-02-28,1
CUST00611,48.0,Female,North,Post-Graduate,Self-Employed,147093.19540116997,163835.91485298678,Other,588.2347108778189,7,84,12.645117810239098,2024-07-08,1
CUST00612,,Male,West,Graduate,Salaried,70844.84602431896,134890.0484770521,Education,788.1623652883294,0,184,42.24194086988315,2017-12-28,1
CUST00613,42.0,Male,East,Graduate,Salaried,180068.91400931813,48880.97930674608,Business,542.3781836280201,11,155,63.91543571916729,2020-07-20,0
CUST00614,62.0,Female,North,Secondary,,73237.10694387551,233020.73140163932,Other,733.8797065191035,4,53,32.76788680991415,2019-06-25,0
CUST00615,32.0,,West,Secondary,Salaried,61746.82921910525,273956.224618824,Business,693.1334275322446,10,170,53.40361752102806,2023-06-22,1
CUST00616,43.0,Male,West,Graduate,Salaried,62578.56770343382,91075.1776005049,Business,842.8096417916154,11,51,31.648696319552883,2025-09-28,1
CUST00617,42.0,Female,North,Post-Graduate,Salaried,34110.4431850513,220264.48875540326,Home,560.3064543694313,9,76,47.512610611829636,2026-04-27,1
CUST00618,,Female,South,Graduate,,130996.44026322638,121083.62006830754,Other,463.27817131192234,0,11,21.411320214797044,2024-09-15,0
CUST00619,24.0,Female,West,Graduate,Self-Employed,32902.801101647965,135501.15033139713,Education,749.9557093836313,9,70,35.89741663408477,2019-03-14,1
CUST00620,28.0,Male,East,Graduate,Salaried,47237.04432956526,313445.3380864122,Other,532.2933194144173,9,81,40.00690993666633,2023-08-06,0
CUST00621,35.0,Female,North,Graduate,Self-Employed,28414.282269512118,99179.12175009854,Other,699.262119371047,3,66,17.71902114211273,2022-04-24,1
CUST00622,36.0,Male,North,Primary,Self-Employed,,99104.101371597,Business,744.5720864501806,7,161,12.51503881670946,2016-10-02,0
CUST00623,30.0,Male,South,Graduate,Salaried,90202.07622820685,401280.9894916336,Business,680.3808611774202,0,42,28.024628605465356,2019-12-05,1
CUST00624,64.0,Female,South,Post-Graduate,Unemployed,,151330.5279989689,Business,668.5744709201755,10,129,7.005588854185129,2019-08-18,0
CUST00625,28.0,Male,East,Secondary,Salaried,52809.86995535953,303541.250618185,Business,682.0752027845556,1,88,25.02506688189201,2025-03-07,0
CUST00626,33.0,Male,South,Graduate,Unemployed,48857.33246957031,73177.88736138828,Education,716.9937514697076,0,165,42.334129177139445,2024-10-26,1
CUST00627,40.0,Male,South,Secondary,Salaried,130433.90705833562,76168.12638102457,Car,696.9654787810414,10,33,60.58116159194468,2026-07-13,0
CUST00628,48.0,Female,East,Graduate,Self-Employed,70945.61247320494,103107.534019672,Home,552.6732954567076,6,118,15.171407389464948,2016-11-15,1
CUST00629,39.0,Female,North,Primary,Salaried,119349.92375383902,127933.97784339206,Business,795.9999777479347,1,83,44.57565102870697,2022-08-31,1
CUST00630,34.0,Female,South,Graduate,Salaried,58037.857279792406,80688.9325454055,Business,654.0886427901521,0,27,6.0022378096669975,2025-02-02,0
CUST00631,64.0,Female,East,Graduate,Self-Employed,110044.2289871409,195760.6930108984,Home,691.4673269183604,11,110,62.44661644440433,2017-02-16,1
CUST00632,22.0,Male,West,Secondary,Self-Employed,215769.6801980708,202257.53383301248,Business,706.879121402149,5,135,15.52136263796822,2026-03-01,1
CUST00633,59.0,Male,East,Graduate,,140322.6201678565,103873.44489101559,Car,742.4742241505028,5,105,40.153694804736936,2018-09-09,1
CUST00634,42.0,,East,Graduate,Salaried,77076.34545728056,108087.96337598759,Other,734.1685457979709,9,177,11.918930762973687,2020-08-01,1
CUST00635,55.0,Male,North,Post-Graduate,Self-Employed,115187.83033534477,115451.90127991808,Home,660.5389461157994,1,12,18.249768128181607,2025-11-18,0
CUST00636,34.0,Male,South,Secondary,Self-Employed,854426.6928024136,90903.80155275155,Education,655.3973187667832,0,90,28.52983048526913,2017-01-18,0
CUST00637,62.0,Female,East,Secondary,Unemployed,99183.61525362573,38262.33037342999,Home,682.6888786375117,9,121,29.12447793097951,2025-02-28,0
CUST00638,44.0,,North,Secondary,Self-Employed,81196.98287201831,155979.496816051,Car,738.0048804762773,2,33,31.915076322821363,2024-03-07,1
CUST00639,22.0,Male,South,Post-Graduate,Unemployed,89446.7608533775,131239.7593814545,Education,560.9902652133693,9,6,34.107550113584296,2018-12-07,1
CUST00640,44.0,Male,South,Post-Graduate,,112112.26472300003,138126.75783587017,Other,701.5276337793567,4,117,19.738334086870715,2022-07-28,0
CUST00641,,Male,North,Graduate,Salaried,54392.67539207952,98134.88996868893,Business,579.0941916003202,5,182,12.67807874348196,2026-08-22,1
CUST00642,53.0,Female,South,Post-Graduate,Salaried,,244079.37276025864,Home,798.0970820001176,2,69,8.025293285420737,2020-01-01,0
CUST00643,29.0,Male,North,Graduate,Self-Employed,42910.61317608185,547269.0333157289,Education,679.3851334387582,8,112,74.30061288624272,2025-01-15,1
CUST00644,47.0,Male,South,Graduate,Self-Employed,37791.4186992902,107254.2616847786,Home,616.7177940279305,10,24,26.557490721121983,2018-03-04,0
CUST00645,35.0,Female,North,Primary,Salaried,47554.43741584733,327698.1107491662,Other,684.2973281335117,4,184,4.914074903700301,2022-02-04,0
CUST00646,45.0,Male,West,Graduate,Salaried,108627.24220768463,195501.80792708005,Home,650.7361326149162,1,41,51.355836985321645,2021-03-09,1
CUST00647,50.0,Male,East,Secondary,Unemployed,57775.927617557885,165662.84469470067,Education,637.1850430134058,9,76,35.03509281555539,2024-08-12,0
CUST00648,25.0,Male,East,Post-Graduate,Salaried,134345.3064968915,137027.73529353036,Car,505.26197948737996,5,31,44.086338357155576,2017-01-16,1
CUST00649,39.0,Female,West,Graduate,Salaried,100793.40937038655,156121.77097107368,Education,568.0645597457828,11,179,12.39330381124557,2020-02-19,1
CUST00650,35.0,Other,South,Graduate,Salaried,30299.832757784694,289177.3205478014,Home,638.7637520413989,7,127,33.3230982621781,2021-06-09,1
CUST00651,,Female,North,Primary,Salaried,146237.2161791949,92130.33327339377,Other,514.9316688255677,10,138,36.66155742399653,2022-01-03,1
CUST00652,62.0,Male,East,Secondary,Salaried,160569.02434934396,141845.91395431655,Business,603.0258962113903,5,192,39.393979347663816,2018-10-30,1
CUST00653,24.0,Female,East,Secondary,Salaried,54376.2303411723,303914.01771271625,Business,610.0100189770379,3,49,79.68472260416823,2022-11-28,1
CUST00654,51.0,Male,East,Secondary,,127021.91704857771,266161.1807074466,Other,587.6445898609654,5,176,67.35999653534887,2019-02-25,1
CUST00655,57.0,,South,Primary,Self-Employed,59047.71102597104,92846.8862108455,Home,711.7883850931712,7,87,6.470213240360205,2017-02-06,1
CUST00656,44.0,Male,North,Post-Graduate,Salaried,104673.6010448948,148554.0376763635,Other,579.586454512149,7,150,39.17978937156955,2018-04-09,1
CUST00657,,Male,South,Graduate,Self-Employed,46226.15099703118,234217.1426085876,Home,657.0727049661251,9,124,12.445421046301888,2018-02-08,1
CUST00658,61.0,Male,South,Secondary,Self-Employed,33662.378524354994,226775.10072835305,Education,621.746883280754,1,69,10.360153273399572,2022-01-13,1
CUST00659,31.0,Female,East,Secondary,Salaried,78457.29054591604,265021.7721424604,Car,640.4962189494292,7,29,10.023246637744517,2016-08-27,1
CUST00660,33.0,Female,East,Graduate,Self-Employed,91652.78427463972,197233.37358609147,Home,778.5120602120905,5,31,5.015599189091167,2023-11-23,1
CUST00661,62.0,Male,South,Graduate,Salaried,77760.75775132424,214481.0297398373,Business,664.374908146654,1,139,22.046964564547174,2018-04-21,0
CUST00662,29.0,Male,West,Graduate,Self-Employed,,193183.9670365197,Business,,0,176,18.626569791868945,2018-05-02,0
CUST00663,53.0,Male,East,Post-Graduate,Salaried,77657.27879744982,358565.46798459144,Car,588.7666330229546,5,110,43.39776023646527,2016-12-07,0
CUST00664,38.0,Male,North,Graduate,Self-Employed,116026.84335476048,131807.05270571192,Home,700.091974183651,6,161,27.001518673500108,2026-05-12,0
CUST00665,,Female,North,Post-Graduate,Self-Employed,96092.27261832912,166724.09201347097,Car,696.7175925478267,9,48,54.391371058284385,2026-05-13,0
CUST00666,35.0,Male,North,Post-Graduate,Salaried,110139.23514016788,97979.69906944994,Education,689.0086933630969,4,111,38.64879202273905,2018-12-08,1
CUST00667,58.0,Female,North,Secondary,,66034.3856296974,88786.43129719619,Car,553.2658545693879,9,40,11.296185739637272,2026-03-06,0
CUST00668,30.0,Male,North,Post-Graduate,Self-Employed,199392.54503593492,191468.4554487463,Education,603.1802225625526,7,151,47.000120196378774,2026-03-27,1
CUST00669,47.0,Male,North,Secondary,Self-Employed,48741.982339389375,113312.73790345438,Business,764.6864050854633,10,10,28.91228632614371,2017-05-04,0
CUST00670,45.0,Male,South,Post-Graduate,Salaried,132261.48357183265,158127.5395217127,Education,594.9804427450184,11,157,27.672242706327353,2017-06-05,0
CUST00671,44.0,Male,North,Secondary,Self-Employed,200613.34059753883,365446.31093008124,Home,775.5990420603705,8,163,16.359988303960275,2022-09-03,1
CUST00672,,Male,West,Post-Graduate,Salaried,131734.63742886274,355034.00449724024,Home,606.2882738359674,3,13,43.53189454890449,2021-05-28,1
CUST00673,60.0,Female,North,Post-Graduate,Self-Employed,87420.53285657865,494856.14806414844,Home,661.8572923242258,6,169,9.80605097577999,2017-03-23,1
CUST00674,,Male,East,Post-Graduate,Salaried,,369101.24209057074,Home,635.0264612594028,7,159,6.979793553285893,2017-02-09,1
CUST00675,39.0,Female,South,Graduate,Self-Employed,,541181.0153692702,Other,582.4155774254668,5,17,3.5831728145660997,2024-06-28,1
CUST00676,37.0,Male,West,Secondary,Salaried,42033.199312705605,202453.36321762286,Education,583.5672816344253,1,45,12.998581291161088,2017-02-26,0
CUST00677,50.0,Male,North,Primary,Salaried,55156.255417579865,103620.42155902876,Home,593.6605594808212,6,132,19.418709903932655,2018-11-10,1
CUST00678,32.0,Male,South,Graduate,Salaried,77766.44669335031,98696.39651256464,Car,661.845142515966,8,70,19.970815676467897,2018-01-10,0
CUST00679,23.0,Female,West,Secondary,Salaried,207438.92842885063,327147.13529833616,Car,721.2334019196217,4,89,32.79636990617553,2016-09-25,1
CUST00680,35.0,Male,West,Graduate,Salaried,,167010.71506479083,Other,656.6525322171196,1,28,68.61956860974271,2023-04-09,1
CUST00681,25.0,Female,West,Secondary,Salaried,55225.08375460415,173349.6198109024,Education,647.3297410763561,3,48,61.89701373104327,2018-10-06,1
CUST00682,60.0,Male,South,Post-Graduate,Self-Employed,81945.96755254488,123681.4337318342,Education,746.8302444273837,2,110,40.44516664776185,2024-06-05,0
CUST00683,55.0,Female,North,Graduate,Salaried,,131322.71291009922,Education,653.3070541573051,3,102,9.604364805147588,2018-11-05,1
CUST00684,60.0,Male,East,Post-Graduate,Salaried,64481.04635635957,197181.44903370878,Other,606.5709115910922,9,64,62.99735596390102,2020-07-28,0
CUST00685,30.0,Female,West,Secondary,Salaried,177607.92568231234,96027.34320412426,Education,570.180713709056,6,13,15.751796523853933,2022-10-12,0
CUST00686,61.0,Female,East,Post-Graduate,Salaried,43345.32453126163,185084.77325311708,Education,751.6357826926894,9,134,8.821085402579461,2024-04-03,1
CUST00687,62.0,Female,East,Post-Graduate,Salaried,259177.52055374655,346466.0446484104,Home,623.6481991870157,7,60,43.84887232949015,2019-08-03,1
CUST00688,28.0,Male,South,Graduate,,162257.16828942977,56004.20628734893,Education,603.7140964500906,0,162,55.93250929507909,2017-09-10,0
CUST00689,38.0,Male,West,Graduate,Salaried,189950.16026970532,75308.18157660594,Home,596.7965421141819,7,26,36.63460676347234,2019-12-17,1
CUST00690,44.0,,North,Graduate,Salaried,74774.80627966371,228160.58512698615,Home,747.1352444390183,4,85,14.506021773004102,2020-04-23,1
CUST00691,32.0,Female,South,Secondary,Salaried,90222.63063613436,321896.0469453354,Education,604.162080538542,11,104,27.695437918639115,2017-07-17,0
CUST00692,43.0,Male,South,Graduate,Salaried,41777.3209924705,127395.74654299459,Car,729.2370206140075,6,17,43.40419006831794,2019-03-22,1
CUST00693,39.0,Female,East,Secondary,Salaried,,59926.83572113748,Business,631.5673671672424,10,75,17.90262210997544,2024-08-07,0
CUST00694,49.0,Male,North,Secondary,Salaried,132746.01350855487,333021.41858538846,Car,553.3295735178461,10,20,10.93387831307629,2022-06-13,1
CUST00695,37.0,Male,North,Secondary,Unemployed,214837.63527975633,108495.87404914064,Education,623.4006644944079,0,49,38.10396162212674,2019-06-26,0
CUST00696,63.0,Male,East,Primary,Salaried,50802.75731350713,135859.5388635345,Education,647.3765492441647,1,69,15.447303479393556,2021-06-30,1
CUST00697,25.0,Other,South,Primary,Self-Employed,,190903.32673753722,Car,640.7863365782921,0,143,48.61440843303739,2018-08-08,1
CUST00698,57.0,Female,East,Secondary,Salaried,90149.12007079078,116632.5080804188,Education,638.8013037699092,4,74,29.22914441476454,2023-09-25,1
CUST00699,43.0,Female,North,Post-Graduate,Self-Employed,42724.443326814675,105023.05079439895,Home,,5,152,52.023229682313975,2021-08-25,0
CUST00700,,Male,South,Graduate,,140759.71195177824,105989.98671909932,Other,587.1992032237897,9,103,43.34623410019707,2022-08-05,1
CUST00701,42.0,Female,East,Post-Graduate,Salaried,63933.95017732477,412076.49577903975,Education,650.8590051019355,8,195,31.670345282948098,2025-08-29,1
CUST00702,,Female,North,Graduate,Unemployed,87795.52316321532,290630.15541030694,Education,693.2758736582341,7,105,28.179884430471663,2021-04-27,1
CUST00703,62.0,Male,South,Secondary,Salaried,75269.5068946199,216914.527037225,Car,532.992339152023,6,109,29.38046582628187,2022-11-14,1
CUST00704,37.0,Female,North,Graduate,Salaried,614756.7804125597,54545.11231377198,Home,753.9249774441765,11,144,11.391536118918138,2016-12-12,0
CUST00705,,Female,North,Graduate,Self-Employed,98299.38096521024,217313.42548757262,Car,,4,194,51.743898658703735,2019-04-14,1
CUST00706,30.0,Female,West,Secondary,Self-Employed,86736.8631453748,211525.3448731863,Car,656.0198859813079,2,98,31.559507092690215,2020-06-14,1
CUST00707,56.0,Female,South,Graduate,Salaried,78974.89298598704,85899.51225560729,Education,687.286954837874,8,46,41.99808164275314,2017-02-19,1
CUST00708,55.0,Male,West,Secondary,Salaried,63762.65970999861,185230.27629300609,Home,601.7317752083981,4,87,35.106998500975955,2020-02-28,1
CUST00709,30.0,Male,South,Graduate,Salaried,119576.8813984374,2202685.354818275,Education,479.9332183223535,2,190,23.548429658335177,2022-09-22,0
CUST00710,34.0,Other,East,Graduate,Salaried,266244.5060117897,216356.53682059844,Education,642.2620719926362,2,137,8.307485392694703,2025-11-02,0
CUST00711,27.0,Male,West,Secondary,Self-Employed,107358.86064782755,115834.21874714295,Education,663.5756739682747,2,109,18.94344718302734,2017-02-05,0
CUST00712,25.0,Female,East,Primary,Salaried,179453.4153914636,163837.82105860385,Education,558.102501233904,5,159,42.63908814254071,2021-12-25,1
CUST00713,49.0,Female,South,Graduate,Salaried,42867.39724050628,234492.40202577692,Other,583.5893271535632,0,32,12.899991567875515,2017-11-01,1
CUST00714,32.0,Female,South,Graduate,Salaried,108516.42940384662,167665.4689768158,Business,727.0169676851027,10,30,16.51349004207813,2020-03-06,1
CUST00715,55.0,Other,South,Primary,Salaried,51102.004816273,304718.12396691606,Home,659.4145407761421,3,120,6.376384841014167,2020-05-18,1
CUST00716,56.0,Male,West,Post-Graduate,Salaried,40694.37044181364,198360.38438574952,Other,529.3058408589887,7,53,18.241140087399117,2020-02-24,1
CUST00717,26.0,Male,West,Primary,Self-Employed,63346.64062433979,237153.1307180159,Business,685.9863934204105,2,153,34.01717034721911,2017-12-10,1
CUST00718,60.0,Male,West,Graduate,Unemployed,201821.63689390876,245413.62308106327,Business,575.5584934417305,4,5,10.903634276822588,2019-11-13,0
CUST00719,32.0,Male,North,Post-Graduate,Self-Employed,174557.5031351639,95478.7175111613,Business,588.0190053738681,1,96,4.658885603748895,2025-11-11,1
CUST00720,33.0,Male,East,Secondary,Salaried,114210.99308173753,166873.78340920396,Other,665.8125914144639,1,62,14.122359760638355,2020-04-04,1
CUST00721,64.0,Male,West,Secondary,Self-Employed,39355.05326661498,137836.4013255925,Home,658.3592022095308,10,83,21.870872006762003,2022-03-16,1
CUST00722,40.0,Female,North,Secondary,Self-Employed,877486.3706346801,274285.00181712327,Car,,6,187,13.728152658097665,2018-04-13,0
CUST00723,34.0,Female,North,Secondary,Self-Employed,118304.84512002704,205174.5836704125,Business,609.6632500334517,9,85,34.1004381047683,2017-10-16,1
CUST00724,25.0,,East,Secondary,Salaried,109679.93677070069,148137.1435002026,Car,629.9360769020044,2,30,34.82194284393344,2020-08-02,1
CUST00725,35.0,Male,East,Graduate,Salaried,32654.039551379556,85739.9621137917,Car,587.5525205541894,4,157,5.557344460500812,2017-05-05,1
CUST00726,23.0,Female,West,Primary,Salaried,57861.603476607204,73243.57677381534,Education,737.1209801422034,2,81,1.6106789167766353,2021-07-27,1
CUST00727,29.0,Male,North,Graduate,Salaried,949925.1153332707,190074.48677459313,Car,524.4645040793228,5,165,26.340821371900468,2021-01-19,1
CUST00728,43.0,Male,West,Post-Graduate,Salaried,136185.68245693183,113708.52573262868,Education,630.729712434134,9,76,55.67352254403113,2025-01-27,1
CUST00729,34.0,Male,North,Post-Graduate,Salaried,26431.805223820535,227081.26637508973,Home,533.247594129716,2,73,7.6882254505243175,2025-04-15,1
CUST00730,42.0,Female,North,Graduate,Salaried,89565.5120502007,71569.89956798243,Home,724.8801397822817,7,10,22.925635297133958,2020-03-15,1
CUST00731,42.0,Male,North,Secondary,Self-Employed,107562.70533415546,360943.09709113743,Education,630.6151732810421,1,27,25.29818143154895,2017-08-26,1
CUST00732,49.0,Other,West,Graduate,Salaried,164352.23747898394,226824.5397562123,Home,565.466512569511,2,162,28.33112423395101,2017-07-21,1
CUST00733,54.0,Male,East,Graduate,Salaried,149599.13322309538,171029.70690530658,Business,704.8038101009348,7,58,4.970127550955027,2021-08-20,1
CUST00734,50.0,Male,East,Graduate,,140020.31403078057,377576.87457648653,Home,466.6455458608848,7,91,18.00665036793619,2017-06-06,1
CUST00735,58.0,Male,South,Secondary,Unemployed,61085.860091448456,261505.07435826602,Education,672.470722011119,0,15,25.477293296294345,2024-10-20,1
CUST00736,43.0,Male,West,Post-Graduate,Self-Employed,,128347.7146705836,Business,742.1031350830198,7,163,36.894793295675484,2021-10-09,1
CUST00737,47.0,Female,South,Graduate,Unemployed,77976.93413827836,169191.7819415283,Car,664.3634846290223,9,138,41.75469375490078,2021-07-30,1
CUST00738,32.0,Female,West,Secondary,Salaried,180048.0601604131,60953.274028348314,Car,609.4791642572734,1,15,18.066449150761606,2020-10-14,0
CUST00739,32.0,Female,South,Secondary,Unemployed,227765.69283275423,277089.3109138822,Car,550.6254430552502,11,81,39.12929924657881,2018-09-08,1
CUST00740,55.0,Female,South,Graduate,Salaried,1511955.7272486517,140368.1876210439,Education,736.6011708338006,6,16,20.502627452979173,2025-03-30,0
CUST00741,40.0,Female,South,Post-Graduate,Salaried,127721.12992497663,60559.86006230312,Car,724.1937486113841,5,198,38.43849851858675,2017-05-01,0
CUST00742,58.0,Female,South,Graduate,Salaried,123968.62508107258,90136.52238033032,Home,598.3710535287183,1,57,27.058517901745294,2022-09-20,1
CUST00743,35.0,Female,East,Graduate,Salaried,70709.0431124569,251564.83391454414,Car,600.5089989112378,4,103,24.72992033577751,2023-01-08,1
CUST00744,50.0,Male,East,Primary,Salaried,91305.27339238621,364725.8875878091,Other,744.941368018132,6,40,42.90487298942557,2023-07-06,1
CUST00745,40.0,Male,North,Graduate,Self-Employed,268724.43155439117,164425.48362223603,Other,692.5290517430835,7,149,33.66238427875718,2025-05-08,1
CUST00746,58.0,Male,West,Graduate,Self-Employed,560761.1237846044,99605.66595006753,Car,507.07325282314036,2,32,54.73356872710563,2025-03-10,0
CUST00747,42.0,Female,South,Primary,Salaried,,79987.4603032321,Car,,0,154,15.245742108426564,2022-02-13,1
CUST00748,45.0,Male,East,Secondary,Salaried,81371.72291521636,330151.62878182105,Other,631.3954841777736,6,106,18.11045917017166,2023-11-25,1
CUST00749,47.0,Male,West,Graduate,Self-Employed,218656.93319880444,203767.29057566545,Car,669.8107578103684,4,11,13.75311267474608,2017-06-02,1
CUST00750,,Female,East,Secondary,Self-Employed,42442.73329079496,137989.12955244572,Business,650.4836812748244,4,19,7.774929943479132,2023-10-06,1
CUST00751,33.0,Female,North,Graduate,,140300.59692280547,122499.73025472251,Other,608.9831070582225,6,143,26.755577332579268,2026-05-05,1
CUST00752,40.0,Female,West,Secondary,Self-Employed,63445.586907057805,227729.73200473623,Education,664.2687721887903,0,28,24.407179297677718,2024-11-12,1
CUST00753,51.0,Male,East,Primary,Salaried,42228.03790960872,224618.62589554285,Other,614.1777869722624,7,199,19.86950141259034,2022-10-23,1
CUST00754,36.0,Female,South,Secondary,Salaried,112546.35108817146,103954.4179674122,Home,850.0,11,34,8.466265303513138,2021-02-26,0
CUST00755,24.0,Male,North,Post-Graduate,Unemployed,180896.9974058706,91932.85517793796,Business,659.8182320810829,9,70,40.30554976194281,2024-06-07,0
CUST00756,34.0,Male,West,Post-Graduate,Salaried,59458.57537281813,94282.29056921026,Education,,4,65,22.862384735943593,2024-03-12,1
CUST00757,30.0,Male,East,Post-Graduate,Salaried,40158.54098797502,128783.4653452297,Car,797.424604664925,7,82,49.17958143634181,2020-12-20,0
CUST00758,34.0,Male,East,Graduate,Self-Employed,93423.02754303331,115278.62155170126,Home,540.8525285244557,9,45,11.75384802629038,2018-02-28,0
CUST00759,37.0,Male,West,Secondary,Self-Employed,93670.52048165933,365508.93691789056,Home,641.2021700733214,9,86,20.49926017282553,2022-09-21,0
CUST00760,35.0,Female,West,Graduate,Salaried,137172.12135871753,126514.18166253154,Business,574.0317530396582,4,55,34.56138133137987,2018-03-25,1
CUST00761,29.0,Male,North,Graduate,Salaried,174513.3885364584,87130.89228545572,Education,700.8008045208071,11,176,50.01871542332979,2026-01-24,0
CUST00762,40.0,Female,South,Post-Graduate,Salaried,95258.62987399948,89612.60586729403,Home,610.4520414257494,6,99,32.46600737657139,2022-07-12,0
CUST00763,53.0,Male,North,Primary,Self-Employed,300529.7377250447,148451.59128672793,Education,696.4074988159798,9,17,52.55209734981457,2019-05-31,0
CUST00764,56.0,Male,East,Graduate,Salaried,112931.96612880567,65443.20449424668,Education,690.6440798747634,2,94,71.16062899224455,2019-10-19,1
CUST00765,44.0,Male,North,Secondary,Salaried,80189.19799132652,157935.12762887796,Home,712.4297809592059,1,144,44.270759438356414,2026-05-27,1
CUST00766,42.0,Male,East,Secondary,Unemployed,37536.14387895813,83441.014643625,Education,691.9615034017565,5,86,19.466455526350398,2019-06-23,0
CUST00767,,Female,West,Graduate,Salaried,84322.52323239301,290484.4087305155,Business,632.0768484915986,4,13,62.4941384551761,2020-01-25,1
CUST00768,35.0,,West,Graduate,Salaried,80673.69435290527,172522.1951341533,Home,538.187783458481,8,52,17.31051511973776,2025-12-27,1
CUST00769,37.0,Male,South,Secondary,Salaried,175638.44613616818,470011.19886100816,Business,730.7267952810611,9,53,22.226920248424545,2024-07-21,1
CUST00770,45.0,Male,West,Secondary,Self-Employed,130286.37280856837,145204.69422868334,Business,762.7221939732126,3,57,49.62997707141022,2024-06-16,1
CUST00771,53.0,Male,North,Graduate,Salaried,48648.610546957374,34000.41750272686,Education,574.9705350966717,10,188,28.62991375383747,2022-10-31,1
CUST00772,32.0,Female,West,Graduate,Salaried,109464.17785582606,337337.9750775567,Education,708.8701889290151,2,44,28.481567937678225,2019-12-31,0
CUST00773,32.0,Male,North,Post-Graduate,Self-Employed,147697.080667154,209182.33758497617,Home,556.3709801931531,8,111,8.372146487100624,2024-10-05,1
CUST00774,25.0,Female,South,Post-Graduate,Salaried,246919.7874328039,226036.99046392628,Car,666.2745739809518,7,28,21.9038634354384,2026-07-29,1
CUST00775,47.0,Female,West,Graduate,Salaried,168131.616035575,98588.3328137073,Home,682.7536388966664,5,112,34.73037876157885,2024-11-11,1
CUST00776,26.0,Female,North,Secondary,Salaried,155827.98110254048,159305.01425416826,Business,615.9024180956261,0,37,20.1928988943972,2017-01-05,1
CUST00777,57.0,Female,North,Graduate,Salaried,102339.56141366082,178658.32065963442,Education,657.6057149514461,9,27,25.52384019590394,2022-05-19,1
CUST00778,54.0,Female,East,Graduate,Salaried,124615.36636010928,144507.93394150952,Business,717.8562537197772,11,81,50.047562816025405,2021-12-14,1
CUST00779,35.0,Female,East,Secondary,Salaried,208919.21819638615,68378.8323653956,Other,641.2466795799191,10,58,44.07464892692659,2021-01-06,0
CUST00780,53.0,Female,East,Post-Graduate,Salaried,44370.65300427389,649751.9957919228,Other,595.9889996351842,0,57,8.678495509203081,2018-04-07,1
CUST00781,28.0,Male,East,Primary,Salaried,800443.7150174506,247190.51124905143,Business,552.0976629782128,11,53,20.28667824694035,2022-04-01,1
CUST00782,31.0,Male,East,Post-Graduate,Self-Employed,62097.35973954159,200845.65841764276,Car,618.7388506996472,5,82,28.850545106033216,2025-06-05,1
CUST00783,23.0,Male,South,Graduate,Unemployed,123932.44171481865,313935.4939503646,Car,556.0222735032729,2,84,61.32410977968061,2016-10-29,1
CUST00784,31.0,Female,South,Graduate,Self-Employed,206516.02791448418,224604.44358267487,Home,619.8092782688448,2,181,40.13297362846464,2019-01-10,0
CUST00785,56.0,Female,North,Graduate,Self-Employed,68996.80153690308,116006.15858858904,Home,612.7806029256329,5,106,18.94808144101669,2020-12-13,1
CUST00786,42.0,Male,West,Post-Graduate,Salaried,23524.962714427962,304032.95493632887,Home,714.3283975970016,2,126,18.926546210747908,2026-08-09,1
CUST00787,61.0,Female,East,Graduate,,77085.27480010322,249224.1579693646,Education,655.8780012968249,10,192,3.0525144480643402,2022-12-10,0
CUST00788,63.0,Male,South,Graduate,Salaried,170771.93625744758,118226.44517124028,Car,850.0,9,107,84.49393803434533,2023-11-25,1
CUST00789,29.0,Male,South,Primary,Unemployed,136295.13745956533,241592.41124567928,Business,488.91286107938924,5,94,18.922916363178736,2024-09-25,1
CUST00790,39.0,Other,West,Graduate,Unemployed,127632.68239083482,144309.41431643232,Other,675.0697145375024,4,94,16.052965071719072,2023-01-10,1
CUST00791,30.0,,North,Secondary,Self-Employed,83450.09094263538,180635.97547880956,Car,613.8754971600391,3,197,38.612473548671,2022-01-20,1
CUST00792,62.0,Male,East,Graduate,Unemployed,45824.83895108019,219657.59651853112,Car,573.5167503612444,7,164,35.892958207003794,2021-06-10,1
CUST00793,51.0,Female,East,Graduate,Salaried,134480.78333378214,322625.9400117532,Car,647.6184404339064,1,125,4.820166890094002,2023-09-10,1
CUST00794,25.0,Female,East,Graduate,Salaried,59840.0778716897,117830.45019736828,Home,641.6306454111232,11,153,52.63555174915216,2018-06-22,1
CUST00795,56.0,Male,North,Primary,Salaried,366025.41140010225,195336.91000439966,Education,736.2250253876825,10,150,15.92057388481888,2016-12-03,1
CUST00796,35.0,Female,West,Primary,,139010.4410852085,445905.8513611552,Business,657.3006757442402,6,64,22.28967038497635,2022-02-27,1
CUST00797,35.0,Male,West,Graduate,Salaried,69675.98703122667,149040.93101272325,Home,594.5758729824985,3,126,64.63903300210974,2025-11-29,0
CUST00798,58.0,Male,East,Primary,Self-Employed,68402.78721698915,179562.45926232715,Education,676.7368450960256,1,145,5.417940231829003,2024-06-09,0
CUST00799,41.0,Male,East,Primary,Unemployed,93361.4199297047,445572.4938022618,Car,631.6278749030786,6,156,29.37539594143235,2020-01-06,1
CUST00800,50.0,Female,West,Primary,Salaried,,223851.6279114922,Education,559.9617163903434,0,34,26.824101766422647,2020-10-17,0
CUST00801,44.0,,East,Post-Graduate,,,77886.65130869586,Home,630.1163704389779,3,134,8.311427672945456,2018-03-25,0
CUST00802,42.0,Female,North,Graduate,Unemployed,110398.26552157624,109344.76748908233,Car,668.4753661925351,8,87,15.809285358717004,2017-12-01,1
CUST00803,,Female,East,Secondary,Unemployed,63641.49391582323,229759.77996831055,Home,655.7825944185718,3,115,24.901885002751882,2021-06-06,1
CUST00804,53.0,Other,East,Secondary,Unemployed,306896.062647301,201088.91530840885,Business,676.4250443705506,11,112,23.42165415543505,2023-07-31,0
CUST00805,62.0,Male,South,Secondary,Salaried,101679.90778124356,176537.73585286128,Car,607.8811832794247,2,115,22.00510159535976,2021-07-05,0
CUST00806,28.0,Other,East,Graduate,Unemployed,156577.09783529644,3836433.178969333,Education,675.4089569147154,9,29,10.362922978395586,2023-09-17,0
CUST00807,34.0,Male,West,Graduate,Self-Employed,68532.5501140737,119522.08224229098,Home,,9,54,49.6233396048682,2022-02-11,1
CUST00808,44.0,Male,West,Secondary,Salaried,122745.62170710116,156810.45912606755,Other,660.2583507018835,1,18,53.985829192835986,2019-05-20,1
CUST00809,29.0,Male,South,Secondary,Salaried,118974.6821821032,60988.76191497994,Education,,2,138,11.518794313357231,2023-10-25,0
CUST00810,33.0,Male,North,Primary,Self-Employed,31767.861870851306,290782.2384083593,Education,824.0874568188772,0,80,17.138231627702805,2022-12-12,1
CUST00811,57.0,Female,West,Graduate,Salaried,330765.54042202944,109160.4229572242,Car,738.8100995040055,9,88,19.018838788975625,2023-08-26,1
CUST00812,37.0,Male,West,Graduate,Self-Employed,214140.29783495597,276113.8016126849,Education,673.6313405542905,7,91,32.38853886802373,2016-11-20,1
CUST00813,47.0,Male,North,Secondary,Self-Employed,,261977.8050797162,Home,585.9834178521427,0,162,27.35038876920478,2025-05-01,0
CUST00814,50.0,,West,Primary,Salaried,50951.942102016044,526785.9770564977,Other,626.6134000194829,2,34,50.93217486631369,2024-01-05,1
CUST00815,50.0,Male,West,Primary,Salaried,121605.43804537306,225176.0429260218,Business,779.2630520918672,2,170,13.979616367904931,2020-02-21,1
CUST00816,27.0,Female,East,Post-Graduate,Self-Employed,103986.73476467798,136210.48986632843,Other,604.9650029733197,1,62,48.54521835042943,2020-02-21,1
CUST00817,58.0,Male,East,Secondary,Salaried,122198.4167159739,204191.07569238776,Home,,4,98,36.961868677751006,2021-12-03,0
CUST00818,54.0,Female,South,Graduate,Salaried,110740.66968440056,111343.3084446833,Car,632.2877339508473,9,45,18.312667796411986,2019-09-08,0
CUST00819,52.0,Female,North,Graduate,Salaried,133752.2642495497,190914.3331269055,Home,679.4309821726813,2,98,47.59607164569466,2018-10-02,1
CUST00820,62.0,Male,South,Secondary,Salaried,235245.1450046978,147200.18575943695,Education,615.0682818171655,2,61,31.415867943547855,2023-03-30,0
CUST00821,39.0,Male,West,Secondary,,138810.0766936613,157130.3155141963,Car,664.1486406518604,7,168,12.49713200345534,2021-03-23,1
CUST00822,59.0,,North,Secondary,Salaried,,103861.83196508975,Business,616.8546484278701,3,68,39.708009393169,2020-04-07,0
CUST00823,52.0,Female,South,Graduate,Self-Employed,223582.93804007338,189136.26817446586,Business,755.1608559625386,3,102,23.224285245722793,2020-03-30,1
CUST00824,37.0,Male,South,Graduate,Salaried,264175.4482482248,245761.05281391,Home,595.0977900452805,2,20,64.57106694868895,2022-04-09,1
CUST00825,61.0,Male,East,Graduate,Salaried,654242.9474290079,71250.10719807394,Education,,10,92,14.718122068317014,2020-08-05,1
CUST00826,58.0,Male,West,Graduate,,50307.204681540294,115347.39424588655,Business,603.1891314941067,0,82,28.988014218870088,2020-08-17,1
CUST00827,35.0,Male,South,Primary,Self-Employed,114202.58456780112,177020.98867136845,Other,581.7002937695406,7,94,16.714025259162817,2025-05-29,1
CUST00828,60.0,Male,South,Post-Graduate,Salaried,,50329.24906302206,Car,593.9365802808062,0,76,23.5484022858574,2022-04-24,1
CUST00829,25.0,Female,East,Graduate,Salaried,137570.18384488544,388532.5452569897,Other,513.0851418372197,6,18,5.108687080073301,2017-10-06,1
CUST00830,,Male,South,Secondary,Salaried,71045.78597715496,114055.97238586814,Business,685.0878757107446,4,35,11.002388440177612,2025-10-08,1
CUST00831,54.0,Male,North,Post-Graduate,,313034.12116734526,101819.43114999418,Business,556.8819112381517,3,70,6.691859599557652,2025-08-13,1
CUST00832,57.0,Female,South,Graduate,Self-Employed,620211.6755822997,146726.98027926628,Home,621.3664377925915,3,116,31.336135701878455,2019-01-26,0
CUST00833,51.0,Female,North,Graduate,Salaried,35828.185862694736,174326.70269461384,Home,710.929727807901,7,72,25.633812377564674,2019-08-18,0
CUST00834,35.0,Male,North,Graduate,Salaried,74402.27182062806,111498.18046212592,Car,708.3482143795708,10,197,30.680859921207688,2021-10-18,1
CUST00835,,Male,South,Post-Graduate,Salaried,,265722.2403519702,Home,535.4672867202187,10,59,29.64079056711756,2018-05-26,0
CUST00836,49.0,Male,South,Graduate,Unemployed,154919.30891514855,198759.98489510606,Education,674.843486394475,5,127,38.15736795386159,2016-11-11,1
CUST00837,28.0,Female,West,Secondary,Unemployed,28593.942459124966,107085.09237077393,Car,741.2395185846605,11,172,6.859946837079906,2023-11-13,1
CUST00838,63.0,Male,South,Secondary,Salaried,100415.77031043044,125341.51884925945,Education,599.0525671848109,0,157,4.590971880206608,2026-04-19,0
CUST00839,31.0,Female,East,Post-Graduate,Self-Employed,28376.39475923891,76237.98831800868,Home,691.0858662401463,9,29,28.318662427060982,2022-05-08,0
CUST00840,,Female,East,Secondary,Salaried,814562.477191423,86970.9602974952,Car,558.5376315364368,7,135,13.119173497149639,2017-04-22,1
CUST00841,59.0,Male,North,Secondary,Salaried,264613.8555648549,197560.30610989925,Business,,1,73,17.27127120638288,2023-12-12,1
CUST00842,34.0,Male,East,Graduate,Self-Employed,122564.0138918848,107642.16542903459,Other,660.5017089063726,5,106,39.981815065279946,2025-12-27,1
CUST00843,42.0,Male,North,Graduate,Unemployed,,401170.6699237497,Business,702.8917564660362,8,122,22.7532182911388,2022-07-18,1
CUST00844,54.0,Male,West,Graduate,Unemployed,96884.79843114802,168629.89131637118,Education,697.9316869510965,0,30,39.09923542014916,2024-03-14,1
CUST00845,61.0,Male,North,Post-Graduate,Salaried,99788.68940150425,662005.9541929313,Business,541.7213112359078,5,44,50.42881717594425,2019-11-20,0
CUST00846,49.0,Female,South,Secondary,,131081.97993814986,91888.05824434286,Business,660.9242592595353,7,42,28.52315842956066,2018-09-17,1
CUST00847,44.0,Other,North,Secondary,Self-Employed,43472.54994016207,275539.10718079156,Other,766.2330915419097,9,170,57.39087701953813,2023-10-18,0
CUST00848,53.0,Female,West,Secondary,Salaried,140862.61945818295,156645.91185101005,Other,475.17529425740565,1,11,16.177789168944496,2020-05-01,1
CUST00849,26.0,Female,East,Post-Graduate,Salaried,19484.314203697726,267265.38987173943,Business,727.3540891089652,4,162,13.511355526215851,2026-03-13,0
CUST00850,47.0,Male,East,Graduate,Salaried,67647.74289423939,135503.94184163967,Other,778.136407970327,5,124,23.675500359878008,2023-09-13,1
CUST00851,60.0,Male,North,Secondary,Self-Employed,73646.779550222,122993.15147609058,Business,531.2291583612159,4,151,16.4526487976559,2017-09-09,1
CUST00852,47.0,Male,East,Post-Graduate,Salaried,144349.98708813306,284851.61812597036,Car,596.3440743082017,2,39,25.304279493077193,2025-04-12,1
CUST00853,24.0,Female,North,Post-Graduate,Salaried,100065.32599172727,105948.80783497925,Business,691.4194657560425,3,165,54.575335927352356,2020-12-24,1
CUST00854,45.0,Female,West,Post-Graduate,Unemployed,42474.62711981714,207840.67231791953,Home,579.1099907349087,6,165,10.367119612142682,2026-02-13,0
CUST00855,55.0,Female,North,Post-Graduate,Salaried,54666.37728241148,146401.51001983858,Other,759.166334691629,3,82,25.665080034543426,2018-05-31,1
CUST00856,55.0,Male,North,Secondary,Salaried,111213.60558846693,252549.28750484588,Other,734.7117012604857,8,42,44.947111403560896,2019-06-28,0
CUST00857,41.0,Male,North,Graduate,Salaried,94142.00331356132,404029.02311959537,Education,539.2029408365505,10,142,31.717300942278648,2025-03-06,1
CUST00858,51.0,Female,South,Graduate,Salaried,69739.73596408645,1070196.3562106367,Education,590.555352005519,11,189,18.76220487689337,2021-02-10,0
CUST00859,63.0,Male,East,Post-Graduate,Salaried,73976.27600758505,123800.77887394952,Home,711.5869457468017,9,32,19.411155245459646,2025-12-08,0
CUST00860,41.0,Female,North,Graduate,Salaried,149896.56945856768,227045.15434892356,Other,708.4527522197862,1,104,44.382760479835795,2021-07-31,0
CUST00861,62.0,Female,West,Graduate,Self-Employed,72358.22841510936,94750.10227830205,Other,827.4752028242431,4,42,19.9953157956209,2022-06-02,1
CUST00862,39.0,Female,South,Graduate,Salaried,93633.66378077485,365211.79659682047,Education,579.6094235640414,7,148,21.90782166390574,2020-05-17,1
CUST00863,59.0,Male,East,Secondary,Unemployed,362928.8007587495,335377.2427608408,Education,766.7374271577593,4,128,27.095287403753343,2018-12-06,1
CUST00864,41.0,Male,South,Graduate,Salaried,420153.5467142735,98759.23332521156,Business,576.8868844189144,9,153,30.430918730473095,2022-01-27,0
CUST00865,27.0,Male,South,Post-Graduate,Salaried,32496.717429749202,73750.09706203187,Other,690.0256745964697,11,96,5.521369227753374,2023-07-14,1
CUST00866,63.0,Male,East,Post-Graduate,Salaried,157968.953976045,91099.84880362748,Other,721.3873953247587,7,101,21.624185958007526,2017-05-05,1
CUST00867,,Male,North,Primary,Salaried,,91795.19011922047,Business,410.4879925706854,7,10,5.105229024388399,2025-02-14,1
CUST00868,62.0,Female,North,Secondary,Self-Employed,,243015.44553556968,Other,722.8965038466226,8,173,11.393632634739781,2018-09-12,1
CUST00869,62.0,Female,West,Secondary,Salaried,61778.22117236964,353127.74626622593,Home,760.765575283951,9,131,21.124391565946947,2019-02-21,1
CUST00870,24.0,Male,West,Graduate,Salaried,84467.31345899543,241605.88575370598,Education,737.6705402778994,5,19,33.06023200701377,2024-07-25,0
CUST00871,64.0,Male,South,Post-Graduate,Self-Employed,257589.59163639403,144625.64028460887,Education,,11,112,28.59935464951984,2022-03-04,1
CUST00872,40.0,Male,South,Secondary,Unemployed,159735.89516595847,193155.18911413793,Education,727.2141826804713,3,135,5.622644969889527,2023-12-22,1
CUST00873,31.0,Male,East,Graduate,Self-Employed,165600.59387560096,105357.11814633198,Car,607.0235918917988,11,47,47.729448704370455,2025-09-05,1
CUST00874,26.0,Female,South,Post-Graduate,Salaried,42203.72501070747,281701.70961929054,Home,,10,51,19.879907714284993,2018-02-19,1
CUST00875,43.0,Male,North,Graduate,Self-Employed,49479.204940068266,201998.28171610905,Home,602.4826975555668,2,103,33.46154179043382,2023-04-29,1
CUST00876,30.0,Male,North,Graduate,Salaried,17971.68610592239,239569.51182995344,Business,656.5934339956783,11,18,14.63059665156274,2024-11-23,1
CUST00877,54.0,Male,East,Graduate,Salaried,60740.83631966942,113123.12984063823,Car,716.5426618720988,4,198,31.526103068491363,2026-01-12,1
CUST00878,36.0,Female,East,Graduate,Salaried,175259.3072374185,149597.16690848384,Other,685.8464659317368,5,161,51.23492200305838,2020-10-03,1
CUST00879,45.0,Female,North,Secondary,Salaried,134614.16244931798,233873.7151911525,Home,758.0905593480131,2,136,27.80673788599246,2023-12-17,1
CUST00880,51.0,Male,North,Graduate,Salaried,86430.16641957303,334956.6668526634,Car,849.0939756671014,1,158,15.751119537879967,2020-06-20,1
CUST00881,57.0,Male,North,Graduate,Salaried,97403.73440108223,120084.40148918667,Car,559.0108846438881,6,119,14.25346737889799,2026-05-11,1
CUST00882,60.0,Female,East,Post-Graduate,Self-Employed,652948.6495703689,1923520.1854894904,Home,623.733110495225,10,144,22.84727323906531,2022-07-29,1
CUST00883,27.0,Other,North,Graduate,Salaried,111619.97824511306,114001.18267841237,Business,675.3102690049848,4,6,27.690742329652135,2023-08-22,0
CUST00884,36.0,Male,North,Graduate,Salaried,156299.1327372827,469112.02886181005,Car,612.9447245354608,8,149,8.575462345408377,2020-03-30,1
CUST00885,59.0,Female,West,Secondary,Salaried,,132268.29092969015,Education,643.9434985201681,2,39,17.656126281407047,2017-10-25,1
CUST00886,60.0,Female,North,Graduate,Unemployed,118159.2550622911,224527.30105331365,Car,,7,14,52.80604060827005,2025-02-09,1
CUST00887,43.0,,East,Primary,Salaried,172725.8479463812,176805.37098820542,Other,701.4326665093414,5,116,19.45413159564688,2023-08-02,1
CUST00888,24.0,,North,Secondary,Salaried,76952.20752362751,598781.2154312439,Home,669.7866184244707,3,175,3.137966560534934,2024-02-11,0
CUST00889,,Female,North,Graduate,Self-Employed,150304.77834310694,182581.2948424536,Other,661.8184402611384,11,25,13.945957206559079,2016-12-03,0
CUST00890,,Male,North,Post-Graduate,Self-Employed,534342.6969444439,125802.93938360219,Business,632.0903892405107,11,19,24.627141082518058,2017-06-25,1
CUST00891,52.0,Female,East,Primary,Salaried,92725.08547858748,224078.84517813494,Education,762.3618271558174,8,167,17.7797786867308,2017-09-08,0
CUST00892,23.0,Male,West,Graduate,Self-Employed,124989.40216412632,221598.04982496556,Home,783.0711069274398,4,116,39.94584897869793,2017-06-03,1
CUST00893,,Female,West,Post-Graduate,Self-Employed,63396.61512491663,150431.79455465733,Car,731.5051202886776,9,130,39.431139706661504,2021-11-15,0
CUST00894,30.0,Male,South,Secondary,Self-Employed,110056.6703994053,94147.41409284362,Education,558.0498729707236,5,89,2.1722598336025425,2020-08-02,1
CUST00895,43.0,Female,East,Graduate,Salaried,130113.57150240379,124991.44442035297,Car,629.0231655972423,8,89,25.49449489445414,2024-08-06,1
CUST00896,40.0,Female,North,Graduate,Self-Employed,110957.81956570079,252900.0104737028,Business,665.9732767818308,6,192,11.520296752830749,2023-08-08,1
CUST00897,58.0,Male,South,Graduate,Salaried,53539.919213573325,67932.88604681878,Home,574.7444377662212,11,176,10.406166189156638,2017-08-24,0
CUST00898,31.0,Female,West,Secondary,Salaried,111727.37853813022,143771.00220842115,Business,656.3266963783143,4,9,59.35636271771894,2017-04-22,1
CUST00899,42.0,Male,North,Secondary,Salaried,237356.2754392114,267649.06994111516,Business,651.7777434027395,1,121,15.600480925979324,2022-07-13,0
CUST00900,38.0,Female,North,Graduate,Salaried,129208.34508794267,155321.41445199755,Business,736.7310539669785,3,150,11.394598492701503,2023-11-21,0
CUST00901,24.0,Male,North,Graduate,Salaried,,482557.3581913479,Business,610.1367648257094,1,153,32.2041647534774,2023-07-01,1
CUST00902,28.0,Male,North,Primary,Self-Employed,85630.15841326483,68028.01467625135,Car,743.0642310618956,2,76,48.08339098593076,2025-12-29,1
CUST00903,62.0,Female,North,Graduate,Salaried,154807.88006490815,100641.10640259102,Other,573.4105571064491,9,78,9.447467377958224,2025-05-18,0
CUST00904,58.0,Male,East,Primary,Salaried,116723.2121474632,51158.45720039416,Car,584.5728641870917,11,55,12.348497921390434,2024-04-01,1
CUST00905,57.0,Female,South,Graduate,Salaried,55795.78245045505,441019.90231323906,Education,619.651015381441,2,173,29.42400230616854,2021-07-16,0
CUST00906,24.0,Male,West,Secondary,Salaried,,101468.77803976958,Business,653.8297509331846,3,28,63.151987514167985,2019-11-19,1
CUST00907,34.0,Male,West,Post-Graduate,Unemployed,54446.94400190473,60266.96232744599,Education,456.6790078877922,5,156,30.351356543129558,2024-06-06,0
CUST00908,62.0,Male,South,Secondary,,67526.25978572259,119855.28585209143,Car,,11,42,56.56975822865379,2023-01-08,1
CUST00909,51.0,Female,South,Secondary,Salaried,110591.33110309344,648902.0031420398,Business,786.7474025396601,2,48,64.20299221182523,2025-05-09,0
CUST00910,44.0,Male,South,Secondary,Salaried,117988.98646247886,120283.59856017865,Car,,9,189,32.83843144650637,2017-12-20,1
CUST00911,,Male,East,Secondary,Salaried,48361.55800173703,166144.74171645404,Business,633.146405855587,0,191,37.67705822363964,2020-03-10,1
CUST00912,51.0,Male,South,Post-Graduate,Salaried,185793.5635067197,243399.77911167606,Car,563.2327134184326,0,166,18.452661377260853,2018-02-03,1
CUST00913,50.0,Male,East,Post-Graduate,Self-Employed,139135.5291561491,149143.6970544263,Home,,8,79,41.9572940660775,2016-08-29,0
CUST00914,29.0,Other,South,Secondary,,64677.12988495734,164825.9503319078,Other,518.5581100227746,8,99,14.158665825360389,2017-08-24,1
CUST00915,,Other,East,Graduate,Salaried,39239.89045977783,121686.38368663206,Other,639.5328099994498,4,27,12.68491719144591,2017-08-12,1
CUST00916,54.0,Male,South,Graduate,,90495.667222834,76431.55293108198,Business,818.5528014761014,8,128,45.09169341674394,2025-02-09,1
CUST00917,41.0,Female,South,Post-Graduate,Self-Employed,75541.22190087168,64649.12686349319,Home,432.63412874948745,10,90,16.76802152975113,2019-04-05,1
CUST00918,50.0,Male,West,Graduate,Self-Employed,105649.70958837023,135639.66274407122,Education,706.017431138805,6,47,31.12703131543445,2025-09-12,1
CUST00919,50.0,Female,West,Secondary,Salaried,79390.18327897327,169790.37879538396,Home,595.7827670091247,8,44,39.07657741344332,2018-01-20,0
CUST00920,42.0,Female,North,Graduate,Salaried,29599.888800137804,130704.2922290128,Business,623.1604032777326,11,51,17.31158236047595,2021-03-20,1
CUST00921,22.0,Female,West,Graduate,Salaried,78197.41244280829,65863.28963365678,Home,574.984089076479,6,173,9.949405575423457,2017-11-30,1
CUST00922,55.0,Male,South,Primary,Self-Employed,82176.81894950615,179997.8250302534,Education,540.6048966810476,8,179,3.6005996836174115,2025-02-11,0
CUST00923,,Female,West,Graduate,Self-Employed,144378.93493739818,367563.893156349,Business,660.0509790937857,1,24,13.91470264482049,2026-05-07,1
CUST00924,35.0,Male,West,Secondary,,64930.98367947456,153687.5221749375,Other,671.0242789175735,10,113,65.10126073390347,2016-11-05,1
CUST00925,58.0,Other,South,Graduate,Salaried,270277.5854258712,121812.06817082915,Home,703.4672046975433,10,197,14.102922059165786,2022-12-25,1
CUST00926,56.0,Male,North,Primary,Unemployed,,157905.64970536027,Other,515.1805035113448,7,72,4.467658056046122,2021-02-11,1
CUST00927,45.0,Female,South,Graduate,Self-Employed,,93695.93439759844,Other,719.917786678247,6,28,55.82407707059252,2025-07-07,0
CUST00928,22.0,Female,East,Graduate,Unemployed,86284.79013714122,90721.57095653379,Car,721.3446043404147,5,40,11.62049364582947,2020-07-23,1
CUST00929,27.0,Female,East,Graduate,Self-Employed,165338.6251373923,203965.68421560907,Education,683.9594949145178,4,49,38.65551419436775,2021-03-08,1
CUST00930,25.0,Male,South,Primary,Salaried,103557.35475614936,267041.8761282899,Home,616.3230706345231,3,134,4.990729557129281,2016-08-26,0
CUST00931,,Female,North,Graduate,,195581.67021124414,151213.92331472112,Other,674.6744693751156,6,32,34.23308861589597,2021-10-12,1
CUST00932,22.0,Male,West,Graduate,Self-Employed,78243.63954027298,60664.71315873129,Other,637.1640754551743,2,158,52.81057611267155,2021-05-10,0
CUST00933,,Female,West,Graduate,Salaried,,194205.94813190796,Education,727.4813063988005,7,27,12.131372237284966,2024-04-07,0
CUST00934,52.0,Male,East,Graduate,Salaried,231492.45781911328,457572.71235061163,Other,620.6764561658573,1,168,10.24993495472728,2017-07-25,1
CUST00935,57.0,Male,North,Graduate,,,144069.47367296056,Other,658.6419544061334,0,95,31.506405032759233,2019-03-10,1
CUST00936,30.0,Male,South,Post-Graduate,Salaried,112750.76972541,148906.98262465844,Other,510.9342396023087,10,138,21.00626037915715,2018-03-05,1
CUST00937,62.0,Male,North,Secondary,Self-Employed,,105206.80199503773,Other,674.4239831352177,1,167,39.09156062663104,2025-07-03,1
CUST00938,44.0,Male,West,Post-Graduate,Salaried,53147.52703976069,207042.01008907447,Car,590.0356439276211,8,107,49.47037883983461,2026-01-29,1
CUST00939,52.0,Male,North,Graduate,Unemployed,141109.9338944604,116367.46533197138,Car,690.9972973888456,4,42,27.84648130919117,2017-08-09,0
CUST00940,,Male,East,Primary,Salaried,,271237.7302830816,Business,713.0739916198268,10,167,52.52811563715021,2021-11-25,1
CUST00941,42.0,Female,South,Primary,Salaried,91189.80537208362,117149.91598256648,Home,601.2021646324279,7,98,44.28309521790087,2018-08-09,1
CUST00942,24.0,Female,East,Secondary,Self-Employed,103091.00071393442,193086.9209385952,Education,652.4950641974174,2,57,10.51226205039511,2021-05-21,1
CUST00943,47.0,Male,East,Graduate,Salaried,40129.49516259372,159026.777181607,Business,663.9595929082607,6,42,24.24827303379749,2018-03-26,1
CUST00944,27.0,Male,West,Graduate,Self-Employed,61864.25166443109,354178.32550887146,Car,679.4450985546657,1,191,9.731858362921995,2018-09-03,1
CUST00945,41.0,Male,North,Graduate,Self-Employed,222046.8635054232,199733.58711106997,Car,713.1886260515132,7,47,38.41995748467242,2017-11-11,1
CUST00946,,Male,North,Graduate,Salaried,167999.23640233633,325625.6408543012,Car,702.720894109077,6,107,33.80427433829219,2020-02-05,1
CUST00947,62.0,Female,North,Graduate,Salaried,95074.51709697071,171838.73871379794,Business,619.6087754201494,11,118,24.237833015593203,2026-07-02,0
CUST00948,44.0,Female,West,Secondary,Salaried,114219.12997688165,149436.9508992181,Car,777.8657543323284,4,8,18.21250741571031,2019-07-28,0
CUST00949,36.0,Male,West,Secondary,Salaried,,159676.41102268937,Business,710.1589980896641,11,9,17.116276299390954,2018-04-16,1
CUST00950,52.0,Male,East,Graduate,,222782.23117461795,110668.59671911501,Car,762.4115513801621,10,72,15.300228479065995,2023-06-06,1
CUST00951,25.0,Male,East,Primary,Self-Employed,87534.51514116727,212316.7180435084,Other,677.7365378697535,3,127,28.36844180288076,2019-03-07,1
CUST00952,32.0,Female,East,Secondary,Self-Employed,113448.61195601415,115245.60545599663,Other,682.4644364222833,0,177,11.521873962180516,2020-06-06,1
CUST00953,23.0,Other,North,Graduate,Self-Employed,196342.9367262142,172168.94649299714,Home,640.6247158876365,4,84,19.926032687927073,2020-11-30,1
CUST00954,37.0,Male,West,Graduate,Salaried,61918.67497749942,249596.52253575934,Car,614.4980417249843,11,157,12.563409856478378,2025-05-14,1
CUST00955,52.0,Male,South,Post-Graduate,Unemployed,251518.92411925277,359250.2338528567,Home,728.0270544883494,8,15,64.3345940905428,2019-09-05,1
CUST00956,60.0,Female,South,Post-Graduate,Self-Employed,,176562.47203419698,Business,671.1672499665133,9,161,13.982261281501735,2023-12-17,1
CUST00957,64.0,Female,East,Graduate,Self-Employed,262441.9722988259,250347.07349443258,Home,639.4748923589284,3,166,23.753153471321635,2017-05-11,1
CUST00958,25.0,Male,North,Graduate,Self-Employed,78936.15574812892,235848.25152731748,Car,568.1900011302878,8,146,16.59281273486859,2026-07-03,1
CUST00959,49.0,Male,North,Graduate,Salaried,85338.48049752049,134431.68820152356,Business,774.4092430166495,11,124,38.00226292016706,2025-04-11,1
CUST00960,37.0,Male,East,Graduate,Self-Employed,31760.984001313253,466914.6357949417,Business,659.0100347706056,1,156,32.11691186728126,2021-02-14,1
CUST00961,60.0,Female,North,Secondary,Salaried,75141.1158707547,122012.51477294584,Other,551.8621938225159,3,191,61.001671933571814,2018-09-01,1
CUST00962,46.0,Male,East,Graduate,Salaried,52897.7498689893,170330.73279873622,Business,656.5137972659619,8,171,30.83269643635966,2017-01-27,0
CUST00963,,Male,North,Post-Graduate,Salaried,68556.41025839289,336737.8039530155,Business,633.926364975955,3,30,25.49393409409261,2025-09-28,1
CUST00964,26.0,Female,South,Secondary,Unemployed,90908.92139659157,2660888.541345124,Home,630.6442879883881,4,175,14.865112517004503,2022-11-23,1
CUST00965,51.0,Male,South,Graduate,Self-Employed,175373.79890966424,163924.3301851327,Business,,10,40,68.0795586549518,2019-04-16,0
CUST00966,,Female,South,Graduate,Self-Employed,111810.64063947617,267054.59013554547,Education,634.0368382855811,7,171,27.31639355439437,2018-01-31,1
CUST00967,26.0,Male,East,Secondary,Self-Employed,118729.84628996543,145511.99932461273,Other,625.5600758335606,0,193,13.158722460941153,2019-03-02,0
CUST00968,35.0,Male,South,Secondary,Salaried,51158.72669459977,127473.08902730762,Other,758.9923789551087,0,148,62.86607942050515,2023-12-12,1
CUST00969,32.0,Female,East,Secondary,Unemployed,58194.582560747884,88752.37463591956,Business,,8,126,45.88573656075864,2020-12-20,1
CUST00970,55.0,Male,South,Primary,Salaried,290464.0254691725,233734.39433981723,Home,645.8894153684579,8,63,33.896423375417534,2021-11-22,0
CUST00971,50.0,Other,East,Primary,Salaried,63505.34656066229,246375.10376804884,Other,724.308148852705,3,100,8.532332827707577,2026-02-01,1
CUST00972,39.0,Male,West,Post-Graduate,Salaried,,122523.15998781889,Other,700.1545959113973,1,10,9.780090967283876,2025-09-25,0
CUST00973,36.0,Male,East,Secondary,Self-Employed,85319.92390194797,186101.96789922402,Education,,8,102,34.30155652929761,2019-09-05,0
CUST00974,,Female,North,Graduate,Self-Employed,98851.37729527848,612616.3814831118,Business,,3,60,38.92643710156325,2016-10-13,1
CUST00975,51.0,Male,North,Secondary,Salaried,187628.47619851364,288757.106005643,Other,785.9161395113593,5,140,31.086370513599952,2018-04-16,0
CUST00976,,Female,South,Post-Graduate,Salaried,211744.46082985404,829600.5263755193,Other,557.55722288937,11,98,55.27228671460921,2026-08-07,1
CUST00977,61.0,Male,East,Secondary,Self-Employed,92365.83737008978,268546.9773653997,Other,521.1437267114003,0,31,27.36000464618834,2026-01-14,0
CUST00978,48.0,,North,Graduate,Salaried,78202.28670729036,103940.00216322285,Other,676.1481925358812,11,159,15.900798680606496,2019-12-14,0
CUST00979,36.0,Male,South,Post-Graduate,Self-Employed,,38268.823814611605,Home,541.6705854753903,8,124,67.11778201678625,2018-10-14,1
CUST00980,53.0,Male,East,Post-Graduate,Unemployed,120906.70775874189,161102.15218179696,Car,495.8824543843939,4,178,16.023075676171022,2017-06-20,1
CUST00981,41.0,Female,South,Secondary,Salaried,168515.3650945299,355613.84988499514,Education,675.2994286289269,2,173,33.32258195397585,2024-12-22,0
CUST00982,35.0,Female,West,Post-Graduate,Salaried,98966.62146986213,327329.95577811834,Home,695.3636260388187,3,29,36.15541889687105,2018-02-05,1
CUST00983,48.0,Male,North,Graduate,,143104.69565588358,196539.279216404,Education,786.8912516439211,0,90,29.1312499070624,2020-03-01,1
CUST00984,24.0,Male,North,Graduate,Self-Employed,263818.28727547557,124136.28248565957,Other,711.4744855992338,8,150,32.903048489536516,2024-03-23,1
CUST00985,24.0,Female,East,Secondary,Salaried,124092.9012072629,207570.19320528206,Education,803.5648068775715,7,16,26.28500652268041,2020-09-23,1
CUST00986,34.0,Female,South,Primary,Unemployed,119013.44079859255,142261.176005265,Business,678.4443348268783,3,91,11.89075840344556,2018-06-05,1
CUST00987,46.0,Male,East,Graduate,Salaried,39682.02149144147,125891.0531063616,Business,559.0983809056514,1,183,15.784128682273202,2017-09-12,1
CUST00988,39.0,Male,South,Graduate,Salaried,20364.773905360365,276786.3259823925,Car,715.7749644937298,8,113,14.322256875175169,2017-10-11,1
CUST00989,22.0,Male,North,Graduate,Self-Employed,124620.13103050778,125114.1888571717,Car,756.7450479615857,3,171,17.40292708464749,2022-11-23,1
CUST00990,60.0,,West,Graduate,Self-Employed,93256.16624126013,285963.1622653241,Education,681.2867518329257,8,93,16.30024233988522,2018-10-25,0
CUST00991,26.0,Male,West,Graduate,Salaried,72484.67180070696,121043.71242101146,Home,766.0440372284593,9,14,79.26547823005319,2021-04-29,0
CUST00992,,Male,East,Secondary,Self-Employed,114247.00826072073,455543.26623241237,Home,640.1399429571059,2,78,25.32169877307543,2020-10-28,1
CUST00993,51.0,Female,South,Graduate,Salaried,95202.14599425539,71659.62658060515,Other,693.671929369226,6,81,13.391676304528898,2024-10-19,0
CUST00994,38.0,Male,East,Secondary,Salaried,194204.72213546815,100872.7735696205,Home,636.0534334926505,6,58,16.72434213607208,2019-01-05,0
CUST00995,50.0,Male,South,Graduate,Salaried,103950.12761629453,150589.99123927255,Car,840.3234873117683,9,161,5.057702751012352,2018-09-08,1
CUST00996,63.0,Male,North,Graduate,Self-Employed,63060.258285387936,60353.73106580513,Home,717.3008549061769,3,106,25.56974717157588,2022-05-09,1
CUST00997,25.0,Male,West,Post-Graduate,Salaried,178813.696900335,45004.01237301685,Other,560.6635895319034,1,173,28.1449718907375,2025-01-10,0
CUST00998,30.0,,North,Primary,Salaried,86657.71738299042,60614.910615005494,Business,798.2077974779696,10,141,69.50088505414233,2025-12-07,1
CUST00999,42.0,Male,West,Primary,Salaried,135390.97869915655,140639.53334677537,Home,591.3456193314089,8,195,23.17748659246802,2026-01-13,0
CUST01000,,,South,Secondary,Self-Employed,74128.3683153632,142435.56415504924,Home,651.0956767653231,3,169,34.58584092439203,2019-11-24,1
