customer_id,age,gender,region,education_level,employment_type,annual_income,loan_amount,loan_purpose,credit_score,repayment_history,transaction_count,spending_ratio,join_date,default_flag,city,state,account_type,kyc_verified,total_paid_on_time,avg_emi,avg_outstanding,avg_repo_rate,avg_inflation,avg_gdp_growth,income_was_missing,join_year,join_month,join_day,join_weekday,customer_tenure_days,education_encoded,gender_encoded,region_North,region_South,region_West,loan_purpose_Car,loan_purpose_Education,loan_purpose_Home,loan_purpose_Other,income_bin,repay_bin,good_credit,transaction_qbin,transaction_kmeans_bin,debt_to_income,avg_monthly_trans,spending_pct
CUST00001,0.01319545050786959,Female,South,Secondary,Salaried,-0.18834586952883547,-0.024185004384574504,Car,0.5785973934946668,-1.3034188412596384,0.821056226136365,0.3050263975516677,2025-07-23,1,North Dumdum,Nagaland,NRI,True,4,27022.933333333334,232412.015,6.52,4.820833333333334,6.12,1,2025,7,23,2,399,1.0,0,0.0,1.0,0.0,1.0,0.0,0.0,0.0,Very Low,Low,0,2,0,1.9614061776716352,24.333333333333332,33.01417750479708
CUST00002,-0.152639265334278,Female,West,Graduate,Salaried,-0.15451480701100137,-0.06016295093515861,Other,-0.16069569039671613,-1.3034188412596384,-0.43383320245633267,-0.06390794059239087,2023-06-08,1,Saharsa,Maharashtra,Savings,False,5,27255.398333333334,201958.625,6.52,4.820833333333334,6.12,0,2023,6,8,3,1175,2.0,0,0.0,0.0,1.0,0.0,0.0,0.0,1.0,Very Low,Low,0,1,3,1.6592539970996218,12.666666666666666,27.024798260082544
CUST00003,-0.152639265334278,Male,East,Post-Graduate,Salaried,-0.45429763474077367,-0.4592677055961342,Business,2.6113902849037833,0.14321694260233545,-1.240547835123067,0.4481411022623428,2017-02-06,1,Nanded,Uttarakhand,Savings,True,2,26701.903333333335,120184.54666666668,6.52,4.820833333333334,6.12,0,2017,2,6,0,3488,3.0,1,0.0,0.0,0.0,0.0,0.0,0.0,0.0,Very Low,High,1,0,2,1.9354386090323032,5.166666666666667,35.33754010183696
CUST00004,-1.313482276229311,Female,East,Graduate,Salaried,-0.09131639769281694,-0.2128943932217631,Home,-0.7258252238516378,-1.5927459980320333,0.5700783404178255,-0.7058769679222877,2019-09-28,1,Vasai-Virar,Punjab,Savings,True,5,32958.92833333334,267641.81666666665,6.52,4.820833333333334,6.12,0,2019,9,28,5,2524,2.0,0,0.0,0.0,0.0,0.0,0.0,1.0,0.0,Very Low,None,0,2,0,1.33177044503687,22.0,16.60290045739577
CUST00005,-1.0647302024660896,Female,North,Post-Graduate,Salaried,-0.41665072664017894,-0.6049494334852069,Home,-0.5837537156142552,1.0111984129195197,0.17568452000297763,-1.0093974601578195,2025-03-02,0,Srikakulam,Tamil Nadu,NRI,True,4,32816.073333333334,367896.3466666667,6.52,4.820833333333334,6.12,0,2025,3,2,6,542,3.0,0,1.0,0.0,0.0,0.0,0.0,1.0,0.0,Very Low,High,0,2,0,1.455638005454355,18.333333333333332,11.675467175673983
CUST00006,0.5106995980343123,Female,North,Graduate,Self-Employed,-0.4752570476714207,-0.40140759547292365,Education,0.8268513785516287,1.5898527264643094,1.2333770383882514,0.48512115820796164,2020-06-07,0,Ahmedabad,Madhya Pradesh,NRI,False,4,26320.218333333334,288764.545,6.52,4.820833333333334,6.12,0,2020,6,7,6,2271,2.0,0,1.0,0.0,0.0,0.0,1.0,0.0,0.0,Very Low,High,1,3,1,2.1850324820375633,28.166666666666668,35.93788427327753
CUST00007,-0.7330607707817945,Female,North,Graduate,Salaried,-0.5683458327275134,-0.6854737433247,Home,0.20974572099976344,-1.3034188412596384,-0.4517601942933712,0.25188761313737296,2023-08-31,0,Jamalpur,Goa,Savings,True,3,27322.680000000004,262912.80333333334,6.52,4.820833333333334,6.12,0,2023,8,31,3,1091,2.0,0,1.0,0.0,0.0,0.0,0.0,1.0,0.0,Very Low,Low,0,1,3,1.9440795300272884,12.5,32.15150819062752
CUST00008,0.7594516717975337,Male,West,Post-Graduate,Self-Employed,-0.4606595256029743,0.4295352025096694,Other,-0.45195312803733745,1.0111984129195197,1.018253136343789,-0.1307289848173948,2025-06-26,0,Muzaffarpur,Punjab,Savings,True,2,34465.026666666665,265912.86666666664,6.52,4.820833333333334,6.12,1,2025,6,26,3,426,3.0,1,0.0,0.0,1.0,0.0,0.0,0.0,1.0,Very Low,High,0,3,1,2.672266746340272,26.166666666666668,25.940007461251785
CUST00009,1.422790535166124,Female,East,Secondary,Salaried,-0.3978056820253681,-0.40283477750147606,Business,0.9984859676264437,-0.7247645277148489,-0.5234681616415253,-0.009392236324436242,2019-11-30,0,Madhyamgram,Chhattisgarh,Savings,True,3,22538.051666666666,272526.77999999997,6.52,4.820833333333334,6.12,0,2019,11,30,5,2461,1.0,0,0.0,0.0,0.0,0.0,0.0,0.0,0.0,Very Low,Medium,1,1,3,1.8170135986372684,11.833333333333334,27.90982086138345
CUST00010,-0.6501434128607207,Male,East,Graduate,Salaried,-0.21734064771861514,0.4282726667446912,Car,-0.05070792276619616,-1.5927459980320333,-0.11114734938963898,-1.1741046448166104,2020-01-23,1,Bhatpara,Mizoram,NRI,True,3,23124.688333333335,180074.97833333336,6.52,4.820833333333334,6.12,0,2020,1,23,3,2407,2.0,1,0.0,0.0,0.0,1.0,0.0,0.0,0.0,Very Low,None,0,1,3,2.5526458656772046,15.666666666666666,9.001566453357565
CUST00011,0.01319545050786959,Male,North,Secondary,Salaried,-0.3086052191881452,-0.10613222865689195,Car,-0.058093023689234406,-0.7247645277148489,-1.6528686473749532,1.5130401825817419,2017-06-09,1,Jalna,Punjab,NRI,False,4,33487.926666666666,321127.3333333333,6.52,4.820833333333334,6.12,0,2017,6,9,4,3365,1.0,1,1.0,0.0,0.0,1.0,0.0,0.0,0.0,Very Low,Medium,0,0,2,2.041554447323069,1.3333333333333333,52.62539810243907
CUST00012,1.2569558193239765,Male,West,Post-Graduate,Salaried,-0.4049933358110945,-0.6330904365116297,Other,0.6599887710580657,1.5898527264643094,0.17568452000297763,-0.6265494901582553,2019-01-12,0,Saharanpur,Punjab,Savings,False,3,32110.896666666667,294204.27166666667,6.52,4.820833333333334,6.12,0,2019,1,12,5,2783,3.0,1,0.0,0.0,1.0,0.0,0.0,0.0,1.0,Very Low,High,1,2,0,1.3589821822923214,18.333333333333332,17.89072406103639
CUST00013,0.17903016635001717,Male,West,Post-Graduate,Unemployed,-0.5292708449696998,-0.14093077120621766,Home,-1.824261949272046,1.3005255696919145,-0.3083442595970629,-0.3670399143419723,2023-08-13,0,Karaikudi,Goa,NRI,False,3,24507.885,241508.09,6.52,4.820833333333334,6.12,0,2023,8,13,6,1109,3.0,1,0.0,0.0,1.0,0.0,0.0,1.0,0.0,Very Low,High,0,1,3,3.2969014374590135,13.833333333333334,22.103672291926756
CUST00014,-1.1476475603871634,Male,North,Primary,Salaried,-0.017610303608663478,0.22483063897882916,Car,-1.676690415937334,1.0111984129195197,-0.0035853983674077584,3.01271892014886,2019-10-15,0,Patiala,Madhya Pradesh,Savings,True,4,19675.149999999998,287365.12666666665,6.52,4.820833333333334,6.12,0,2019,10,15,1,2507,0.0,1,1.0,0.0,0.0,1.0,0.0,0.0,0.0,Very Low,High,0,2,3,1.715842793883144,16.666666666666668,76.97158596261303
CUST00015,-0.567226054939647,Female,North,Graduate,Salaried,-0.5956120061052295,-0.31296368008869896,Home,1.1310263338528492,-0.4354373709424541,-0.05736637387852337,-1.289539752038475,2024-01-03,0,Durgapur,West Bengal,NRI,False,4,37156.11833333333,265915.13166666665,6.52,4.820833333333334,6.12,0,2024,1,3,2,966,2.0,0,1.0,0.0,0.0,0.0,0.0,1.0,0.0,Very Low,Medium,1,1,3,3.4954650542709738,16.166666666666668,7.127561884457647
CUST00016,1.5886252510082715,Male,North,Post-Graduate,Salaried,0.0717550102064876,-0.23711532272137326,Other,-0.7167853073510575,0.721871256147125,-0.3979792187822556,-0.682311377837706,2023-02-03,0,Unnao,Gujarat,Current,False,4,29685.696666666667,233804.25166666668,6.52,4.820833333333334,6.12,0,2023,2,3,4,1300,3.0,1,1.0,0.0,0.0,0.0,0.0,0.0,1.0,Very Low,High,0,1,3,1.0740016890315889,13.0,16.985470583158722
CUST00017,-1.313482276229311,Female,South,Secondary,Salaried,-0.540335432573342,-0.5161447223244819,Car,-0.14688171218180318,-1.5927459980320333,0.5342243567437484,-1.2089332243736912,2023-03-02,1,Vadodara,Odisha,Savings,True,5,31572.198333333334,237496.07833333334,6.52,4.820833333333334,6.12,0,2023,3,2,3,1273,1.0,0,0.0,1.0,0.0,1.0,0.0,0.0,0.0,Very Low,None,0,2,0,2.2832116598873595,21.666666666666668,8.436149928098763
CUST00018,0.09611280842894337,Male,East,Graduate,Self-Employed,-0.48842644350413555,-0.26273025933401684,Education,1.6815836413659686,1.5898527264643094,-1.4377447453304908,0.1994610998497388,2021-06-11,0,Ahmednagar,Bihar,Current,True,3,20342.661666666667,331218.6716666667,6.52,4.820833333333334,6.12,0,2021,6,11,4,1902,2.0,1,0.0,0.0,0.0,0.0,1.0,0.0,0.0,Very Low,High,1,0,2,2.620845158662299,3.3333333333333335,31.300402077444044
CUST00019,0.26194752427109097,Male,South,Post-Graduate,Salaried,-0.6184367721209407,-0.14840289210144536,Business,-0.09965196079258393,-0.4354373709424541,0.9106911853215577,-0.08400046656955275,2026-04-27,0,Jamnagar,Kerala,Savings,False,4,33710.00833333334,265086.14333333337,6.52,4.820833333333334,6.12,0,2026,4,27,0,121,3.0,1,0.0,1.0,0.0,0.0,0.0,0.0,0.0,Very Low,Medium,0,3,1,4.477190748588644,25.166666666666668,26.698610790878984
CUST00020,0.7594516717975337,Female,South,Primary,Self-Employed,-0.4277992860711063,-0.5264694224691557,Home,-0.22769069190556257,-1.3034188412596384,1.089961103691943,-1.3622036542169025,2022-01-07,0,Barasat,Madhya Pradesh,Savings,False,4,33792.32666666667,265936.99333333335,6.52,4.820833333333334,6.12,0,2022,1,7,4,1692,0.0,0,0.0,1.0,0.0,0.0,0.0,1.0,0.0,Very Low,Low,0,3,1,1.6676570803174628,26.833333333333332,5.947916558579895
CUST00021,0.5936169559553861,Male,East,Graduate,Unemployed,0.19027667054613967,-0.6924249520745503,Home,0.9311259407102068,0.721871256147125,0.354954438373363,0.6617039099221279,2016-12-14,1,Bihar Sharif,Arunachal Pradesh,Current,False,3,26029.771666666667,233916.82499999998,6.52,4.820833333333334,6.12,0,2016,12,14,2,3542,2.0,1,0.0,0.0,0.0,0.0,0.0,1.0,0.0,Very Low,High,1,2,0,0.5353464958729902,20.0,38.80457614428043
CUST00022,0.09611280842894337,Male,North,Secondary,Salaried,-0.06322089122918476,0.6302873019867512,Home,-0.6343428216693081,-0.14611021417005934,1.4843549241067908,0.1737927790028749,2018-07-30,1,Ajmer,Tamil Nadu,Savings,False,2,24480.715,353262.78,6.52,4.820833333333334,6.12,0,2018,7,30,0,2949,1.0,1,1.0,0.0,0.0,0.0,0.0,1.0,0.0,Very Low,Medium,0,3,1,2.3038945239155586,30.5,30.883695655102706
CUST00023,-0.9818128445450158,Female,South,Post-Graduate,Unemployed,0.1922406959358308,0.07820338070369848,Home,1.2525828054027863,-1.3034188412596384,-1.4018907616564138,-0.5230787241088368,2026-05-16,1,Pallavaram,Rajasthan,NRI,True,2,27573.368333333332,245611.765,6.52,4.820833333333334,6.12,0,2026,5,16,5,102,3.0,0,0.0,1.0,0.0,0.0,0.0,1.0,0.0,Very Low,Low,1,0,2,1.2398635755327552,3.6666666666666665,19.57049629836366
CUST00024,-1.0647302024660896,Male,South,Post-Graduate,Salaried,-0.06009499803971928,-0.5146997578967147,Other,0.9096295954202973,-1.0140916844872436,1.6098438669660606,0.5630484740788118,2022-05-15,1,Hapur,Uttarakhand,Current,True,5,24574.52666666667,303827.17333333334,6.52,4.820833333333334,6.12,0,2022,5,15,6,1564,3.0,1,0.0,1.0,0.0,0.0,0.0,0.0,1.0,Very Low,Low,1,3,1,0.9165652809249206,31.666666666666668,37.20297727226787
CUST00025,-0.7330607707817945,Male,South,Post-Graduate,Salaried,-0.5592957149753923,-0.1586411603713029,Other,1.9098493331445463,0.4325440993747302,1.3588659812475212,-0.16362731178192338,2018-02-22,0,Ramgarh,Nagaland,NRI,False,3,28281.461666666666,247721.08,6.52,4.820833333333334,6.12,0,2018,2,22,3,3107,3.0,1,0.0,1.0,0.0,0.0,0.0,0.0,1.0,Very Low,High,1,3,1,3.56802022469819,29.333333333333332,25.40592717558794
CUST00026,0.8423690297186075,Male,West,Graduate,Salaried,-0.3810620654885093,-0.7980539949482705,Other,0.803540900873912,-1.5927459980320333,-1.4377447453304908,0.18306253329125588,2020-10-09,0,Firozabad,Chhattisgarh,NRI,False,5,35879.013333333336,189971.67333333334,6.52,4.820833333333334,6.12,0,2020,10,9,4,2147,2.0,1,0.0,0.0,1.0,0.0,0.0,0.0,1.0,Very Low,None,1,0,2,0.9599940876707923,3.3333333333333335,31.03418333867732
CUST00027,1.5886252510082715,Female,North,Post-Graduate,Self-Employed,-0.49458795346788165,-0.9035143388227552,Other,1.424436295992108,1.5898527264643094,1.7353328098253304,2.027120558665775,2020-07-28,1,Sambhal,Meghalaya,NRI,True,3,28139.046666666665,253728.54666666666,6.52,4.820833333333334,6.12,0,2020,7,28,1,2220,3.0,0,1.0,0.0,0.0,0.0,0.0,0.0,1.0,Very Low,High,1,3,1,0.9797751357191831,32.833333333333336,60.971117154024014
CUST00028,-1.72806906583468,Female,East,Post-Graduate,Unemployed,0.4401314240502049,0.44556503298290734,Car,0.5728629669537305,-1.0140916844872436,0.6059323240919026,0.8875572187370001,2026-06-20,1,Pali,Odisha,NRI,True,4,38015.85,256287.66166666665,6.52,4.820833333333334,6.12,0,2026,6,20,5,67,3.0,0,0.0,0.0,0.0,1.0,0.0,0.0,0.0,Very Low,Low,0,2,0,1.2759832297942681,22.333333333333332,42.47113948715284
CUST00029,-1.72806906583468,Female,East,Secondary,Salaried,-0.5757113315224744,-0.15309951242280279,Other,-1.3960521548731282,1.0111984129195197,-0.7206650718489492,1.189958797774812,2020-08-28,0,Aligarh,Mizoram,Savings,True,4,31196.289999999997,269024.51166666666,6.52,4.820833333333334,6.12,0,2020,8,28,4,2189,1.0,0,0.0,0.0,0.0,0.0,0.0,0.0,1.0,Very Low,High,0,1,3,3.791751261567134,10.0,47.3804080311688
CUST00030,1.2569558193239765,Female,North,Post-Graduate,Self-Employed,0.14001828064798452,-0.29846737505398085,Car,-2.7273489718285577,-1.5927459980320333,-0.3083442595970629,2.59578260830307,2018-03-14,1,Hapur,Chhattisgarh,Current,True,3,23093.778333333335,172461.445,6.52,4.820833333333334,6.12,0,2018,3,14,2,3087,3.0,0,1.0,0.0,0.0,1.0,0.0,0.0,0.0,Very Low,None,0,1,3,0.9416931750056414,13.833333333333334,70.2029297700254
CUST00031,1.5057078930871979,Male,East,Primary,Salaried,0.13957145973215607,-0.1513541175863594,Education,-0.8436128623076313,1.3005255696919145,0.12190354449186201,-0.11374089008859219,2022-03-21,1,Udupi,Tamil Nadu,Savings,True,5,38921.88166666667,208870.55666666667,6.52,4.820833333333334,6.12,0,2022,3,21,0,1619,0.0,1,0.0,0.0,0.0,0.0,1.0,0.0,0.0,Very Low,High,0,2,0,1.08388342102524,17.833333333333332,26.215796758848164
CUST00032,-0.31847398117642556,Male,North,Graduate,Salaried,0.8944745089165926,3.7482052321239725,Other,0.2986604175466467,1.3005255696919145,-1.2226208432860284,0.4056405903128985,2022-07-15,0,Raebareli,Tripura,Current,False,4,32258.07666666667,239500.37333333332,6.52,4.820833333333334,6.12,0,2022,7,15,4,1503,2.0,1,1.0,0.0,0.0,0.0,0.0,0.0,1.0,Low,High,0,0,2,2.760164636621576,5.333333333333333,34.64757536328679
CUST00033,1.1740384614029027,Female,North,Secondary,Salaried,-0.4032702923023174,0.2700587816466416,Education,0.45056211727086515,0.4325440993747302,1.7353328098253304,0.8338218548722156,2025-04-05,1,Imphal,Sikkim,Current,False,5,16842.375,265433.19166666665,6.52,4.820833333333334,6.12,0,2025,4,5,5,508,1.0,0,1.0,0.0,0.0,0.0,1.0,0.0,0.0,Very Low,High,0,3,1,3.255502513745204,32.833333333333336,41.59878514177539
CUST00034,0.7594516717975337,Male,West,Secondary,Unemployed,0.03676001385671536,3.472941846002224,Other,-0.06949542361770059,-1.5927459980320333,-1.6349416555379148,-0.1522931953039306,2022-12-27,1,Thiruvananthapuram,West Bengal,Savings,False,5,29165.37833333333,245650.00166666668,6.52,4.820833333333334,6.12,0,2022,12,27,1,1338,1.0,1,0.0,0.0,1.0,0.0,0.0,0.0,1.0,Very Low,None,0,0,2,5.1004129439188635,1.5,25.589928270015644
CUST00035,-1.72806906583468,Male,West,Primary,Self-Employed,1.4415359881835266,-0.8439337211176166,Education,-0.060117650005054334,-0.4354373709424541,0.17568452000297763,0.19278555367533048,2019-01-14,0,Pune,Chhattisgarh,Current,True,5,35584.136666666665,250222.85666666666,6.52,4.820833333333334,6.12,0,2019,1,14,0,2781,0.0,1,0.0,0.0,1.0,0.0,1.0,0.0,0.0,Low,Medium,0,2,0,0.18101382406089328,18.333333333333332,31.19202946592388
CUST00036,1.1740384614029027,Male,West,Graduate,Salaried,-0.45700915985126056,0.4202744428050077,Business,-0.13959269120787896,-0.7247645277148489,-1.3301827943082596,-1.2265392955514032,2019-03-21,1,Malda,Arunachal Pradesh,NRI,False,5,21769.97333333333,118443.13500000001,6.52,4.820833333333334,6.12,0,2019,3,21,3,2715,2.0,1,0.0,0.0,1.0,0.0,0.0,0.0,0.0,Very Low,Medium,0,0,2,4.046442959824404,4.333333333333333,8.150328234668917
CUST00037,-1.0647302024660896,Male,South,Secondary,Salaried,-0.6281855123960334,0.2600418451100903,Education,1.072697725102661,0.14321694260233545,0.37288143021040154,-0.8000670491619745,2025-09-09,1,Aizawl,Odisha,NRI,True,5,24126.50833333333,214057.92833333334,6.52,4.820833333333334,6.12,0,2025,9,9,1,351,1.0,1,0.0,1.0,0.0,0.0,1.0,0.0,0.0,Very Low,High,1,2,0,6.353759154401499,20.166666666666668,15.073793352665726
CUST00038,0.01319545050786959,Other,North,Graduate,Salaried,-0.6717869655224183,0.05866794805920251,Car,-1.5122550891640854,-0.4354373709424541,0.0681225689807464,2.1249724943927393,2021-04-12,0,Sikar,Chhattisgarh,NRI,True,4,22765.66,254057.96166666667,6.52,4.820833333333334,6.12,0,2021,4,12,0,1962,2.0,2,1.0,0.0,0.0,1.0,0.0,0.0,0.0,Very Low,Medium,0,2,0,6.790367798570394,17.333333333333332,62.559671789102126
CUST00039,0.5106995980343123,Male,East,Primary,Salaried,0.03697013538409957,-0.6092596679441787,Home,0.2734573809172747,0.4325440993747302,-1.4915257208416064,-1.3387413815926383,2016-09-27,1,Ambattur,Haryana,NRI,True,5,36264.67166666667,290463.9483333333,6.52,4.820833333333334,6.12,0,2016,9,27,1,3620,0.0,1,0.0,0.0,0.0,0.0,0.0,1.0,0.0,Very Low,High,0,0,2,0.7160012701165783,2.8333333333333335,6.328809400911995
CUST00040,0.34486488219216477,Male,South,Secondary,Salaried,-0.6721438634824309,-0.07544092395087132,Education,-0.27041130942211705,1.5898527264643094,-0.5593221453156024,0.7111747962860723,2020-07-13,0,Bijapur,Bihar,Savings,False,3,33585.861666666664,280018.62666666665,6.52,4.820833333333334,6.12,0,2020,7,13,0,2235,1.0,1,0.0,1.0,0.0,0.0,1.0,0.0,0.0,Very Low,High,0,1,3,6.11962894279594,11.5,39.607699815274
CUST00041,-0.9818128445450158,Male,North,Graduate,Self-Employed,-0.3928829710091218,-0.5787294649093766,Home,-0.9572919974555377,1.3005255696919145,0.8569102098104421,0.5130674841468211,2022-01-02,1,Panipat,Kerala,Current,False,5,29607.546666666665,306846.6966666667,6.52,4.820833333333334,6.12,0,2022,1,2,6,1697,2.0,1,1.0,0.0,0.0,0.0,0.0,1.0,0.0,Very Low,High,0,2,1,1.435777022437218,24.666666666666668,36.39157244279369
CUST00042,-1.5622343499925324,Other,South,Graduate,Salaried,-0.09985854766236654,0.11851400787465574,Business,1.2246133630072564,-1.5927459980320333,-0.18285531673779315,1.6460132724048995,2026-06-14,1,Moradabad,Haryana,NRI,True,2,25818.266666666666,308822.2316666667,6.52,4.820833333333334,6.12,0,2026,6,14,6,73,2.0,2,0.0,1.0,0.0,0.0,0.0,0.0,0.0,Very Low,None,1,1,3,1.766491257268632,15.0,54.78411899651155
CUST00043,-1.6451517079136062,Male,North,Secondary,Salaried,-0.20677412279210833,0.36039062971526137,Business,-1.037665748768611,-0.4354373709424541,-0.5772491371526409,2.8607893396802697,2021-03-06,1,Kamarhati,Kerala,NRI,False,5,24464.766666666666,227270.00166666668,6.52,4.820833333333334,6.12,0,2021,3,6,5,1999,1.0,1,1.0,0.0,0.0,0.0,0.0,0.0,0.0,Very Low,Medium,0,1,3,2.411415855054685,11.333333333333334,74.50512030237014
CUST00044,1.2569558193239765,Male,West,Graduate,Salaried,-0.105262154880902,-0.5131047493799163,Car,-0.1537611620886786,-0.7247645277148489,-1.1509128759378742,0.17091601356782005,2020-10-03,0,Satara,Jharkhand,Savings,True,4,33068.63333333333,132950.205,6.52,4.820833333333334,6.12,0,2020,10,3,5,2153,2.0,1,0.0,0.0,1.0,1.0,0.0,0.0,0.0,Very Low,Medium,0,0,2,0.9733503927183266,6.0,30.836993471523627
CUST00045,0.7594516717975337,Female,South,Post-Graduate,Self-Employed,-0.19203320086215878,0.48709985837543157,Car,2.0441148221460472,-1.0140916844872436,-0.29041726776002436,-1.3190160323492481,2019-03-20,1,Raipur,Odisha,Savings,False,1,25248.375,101466.08333333333,6.52,4.820833333333334,6.12,0,2019,3,20,2,2716,3.0,0,0.0,1.0,0.0,1.0,0.0,0.0,0.0,Very Low,Low,1,1,3,2.5409100440954355,14.0,6.649036024292807
CUST00046,0.0,Female,East,Graduate,Self-Employed,0.400371072467313,-0.2156903604056249,Education,0.8703646623191277,-0.4354373709424541,-0.8103000310341419,-0.7211422215036363,2026-02-20,1,Tiruppur,Meghalaya,Current,False,4,23796.538333333334,259809.99833333332,6.52,4.820833333333334,6.12,0,2026,2,20,4,187,2.0,0,0.0,0.0,0.0,0.0,1.0,0.0,0.0,Very Low,Medium,1,1,2,0.8106669369538416,9.166666666666666,16.35508022622571
CUST00047,0.8423690297186075,Male,South,Secondary,Salaried,-0.5305775500448516,0.004289089932382742,Other,-0.48422782137073717,1.0111984129195197,-0.3083442595970629,-0.8170743487288096,2019-08-29,1,Dewas,Jharkhand,Savings,True,4,30620.145,256153.19000000003,6.52,4.820833333333334,6.12,0,2019,8,29,3,2554,1.0,1,0.0,1.0,0.0,0.0,0.0,0.0,1.0,Very Low,High,0,1,3,3.7333594950143145,13.833333333333334,14.79769227856492
CUST00048,1.754459966850419,Male,East,Primary,Self-Employed,-0.4711566401928643,-0.7559184613527895,Business,-0.3976991832974466,-1.0140916844872436,1.6098438669660606,0.32606813481404023,2022-06-05,1,Mira-Bhayandar,Kerala,NRI,False,4,26770.429999999997,265688.52999999997,6.52,4.820833333333334,6.12,0,2022,6,5,6,1543,0.0,1,0.0,0.0,0.0,0.0,0.0,0.0,0.0,Very Low,Low,0,3,1,1.2857795589679057,31.666666666666668,33.355774725229246
CUST00049,-0.8159781287028683,Male,East,Post-Graduate,Salaried,-0.49292484598295355,-0.15160304959294088,Home,-1.2932163800905507,0.4325440993747302,1.3947199649215982,-1.3502576644134223,2019-04-14,0,Sambalpur,Uttarakhand,Savings,False,4,26622.188333333335,244847.83166666667,6.52,4.820833333333334,6.12,0,2019,4,14,6,2691,3.0,1,0.0,0.0,0.0,0.0,0.0,1.0,0.0,Very Low,High,0,3,1,2.9437574679100043,29.666666666666668,6.141850969094424
CUST00050,-1.5622343499925324,Male,North,Primary,Salaried,0.10257886268688224,-0.5618757971560436,Other,1.3549498098155033,-1.0140916844872436,1.5022819159438294,0.8710633512687633,2023-07-06,1,Vijayanagaram,Karnataka,Current,False,5,32591.053333333333,264549.6066666667,6.52,4.820833333333334,6.12,0,2023,7,6,3,1147,0.0,1,1.0,0.0,0.0,0.0,0.0,0.0,1.0,Very Low,Low,1,3,1,0.7146849686917794,30.666666666666668,42.20337360779261
CUST00051,0.34486488219216477,Male,West,Post-Graduate,Salaried,0.5122876876729574,-0.006700188600350399,Business,1.0518868688929293,-1.5927459980320333,0.17568452000297763,-0.9603784274798027,2020-04-26,1,Bokaro,West Bengal,Savings,False,4,38676.455,173785.03833333333,6.52,4.820833333333334,6.12,1,2020,4,26,6,2313,3.0,1,0.0,0.0,1.0,0.0,0.0,0.0,0.0,Very Low,None,1,2,0,1.9888002983270041,18.333333333333332,12.471255332435517
CUST00052,-0.6501434128607207,Male,West,Graduate,Salaried,-0.0934752167970211,0.8089766221668248,Education,0.7116802234304788,0.721871256147125,-0.5951761289896795,-0.9182183762355843,2025-07-04,1,Imphal,Tripura,Savings,True,2,36087.51,193449.89666666664,6.52,4.820833333333334,6.12,0,2025,7,4,4,418,2.0,1,0.0,0.0,1.0,0.0,1.0,0.0,0.0,Very Low,High,1,1,3,2.619120084731343,11.166666666666666,13.155692940353768
CUST00053,-0.8159781287028683,Male,West,Post-Graduate,Salaried,0.3301958601667772,-0.11891726885621044,Business,0.8271575462753255,0.721871256147125,-0.3621252351081785,0.5470953874147574,2024-08-25,0,North Dumdum,Punjab,NRI,False,4,39007.265,216859.22999999998,6.52,4.820833333333334,6.12,0,2024,8,25,6,731,3.0,1,0.0,0.0,1.0,0.0,0.0,0.0,0.0,Very Low,High,1,1,3,0.9367479072300657,13.333333333333334,36.9439905738882
CUST00054,0.0,Male,West,Graduate,Unemployed,-0.5724796712782705,-0.6379563605331025,Car,-0.8189919513688156,-0.14611021417005934,-0.6489571045007951,-0.9413843517333581,2019-01-16,1,Bhagalpur,Manipur,NRI,False,3,28473.76166666667,256898.17166666666,6.52,4.820833333333334,6.12,0,2019,1,16,2,2779,2.0,1,0.0,0.0,1.0,1.0,0.0,0.0,0.0,Very Low,Medium,0,1,3,2.1305422573227117,10.666666666666666,12.779610265241663
CUST00055,-0.48430869701857315,Female,East,Post-Graduate,Self-Employed,0.7314579959797451,0.0934194605284128,Home,-1.6291907440789732,1.0111984129195197,-0.5593221453156024,0.9578641003242765,2018-09-06,1,Thane,Goa,NRI,False,4,31137.375,267385.645,6.52,4.820833333333334,6.12,0,2018,9,6,3,2911,3.0,0,0.0,0.0,0.0,0.0,0.0,1.0,0.0,Very Low,High,0,1,3,0.8293565279126884,11.5,43.61252030699675
CUST00056,-1.1476475603871634,Other,West,Secondary,Self-Employed,0.5996262302923094,-0.05210249101798319,Home,0.5796182060153846,-1.5927459980320333,0.37288143021040154,-1.1487688996537575,2019-07-17,1,Gwalior,Himachal Pradesh,Current,True,5,32498.228333333333,148684.09666666668,6.52,4.820833333333334,6.12,0,2019,7,17,2,2597,1.0,2,0.0,0.0,1.0,0.0,0.0,1.0,0.0,Very Low,None,0,2,0,0.8081134178494329,20.166666666666668,9.412873752621524
CUST00057,0.5106995980343123,Female,North,Graduate,Salaried,0.0494042577519916,1.5264336022038336,Car,0.9232483087383488,0.4325440993747302,-0.2724902759229858,-1.1187967195018642,2017-08-28,0,Nagaon,Tripura,Savings,False,2,28358.306666666667,182479.94499999998,6.52,4.820833333333334,6.12,0,2017,8,28,0,3285,2.0,0,1.0,0.0,0.0,1.0,0.0,0.0,0.0,Very Low,High,1,1,3,2.968097454017117,14.166666666666666,9.899450184144955
CUST00058,-1.2305649183082372,Male,North,Graduate,Salaried,-0.49999850017025466,6.216083252814687,Other,1.6759350474531025,-1.3034188412596384,0.15775752816593908,1.5392480325773492,2024-06-15,1,Aurangabad,Madhya Pradesh,Savings,True,3,25238.923333333336,239345.87666666668,6.52,4.820833333333334,6.12,1,2024,6,15,5,802,2.0,1,1.0,0.0,0.0,0.0,0.0,0.0,1.0,Very Low,Low,1,2,0,14.248339689387352,18.166666666666668,53.050863386050025
CUST00059,-0.567226054939647,Male,North,Graduate,Self-Employed,-0.644592114466198,-0.5289611986530828,Car,-0.21805425771272968,0.721871256147125,0.5700783404178255,-0.47635712445544093,2026-02-25,1,Bellary,Kerala,Savings,True,3,22468.97,226457.19333333336,6.52,4.820833333333334,6.12,0,2026,2,25,2,182,2.0,1,1.0,0.0,0.0,1.0,0.0,0.0,0.0,Very Low,High,0,2,0,3.3241335655386925,22.0,20.328987309668346
CUST00060,1.5886252510082715,Other,South,Graduate,Salaried,-0.43375355803673243,0.1957895133577776,Home,-0.37085788299905936,0.4325440993747302,1.556062891454945,0.07127961166156184,2021-05-25,1,Panvel,Sikkim,NRI,True,4,19418.535,188518.20333333334,6.52,4.820833333333334,6.12,0,2021,5,25,1,1919,2.0,2,0.0,1.0,0.0,0.0,0.0,1.0,0.0,Very Low,High,0,3,1,3.320035974018466,31.166666666666668,29.21946933268253
CUST00061,1.1740384614029027,Male,South,Post-Graduate,Salaried,2.9067918181055292,-0.3367890329385058,Education,-0.25825055384860157,-1.0140916844872436,1.591916875129022,-0.49727054002766835,2023-12-08,0,Tadipatri,Maharashtra,NRI,False,4,25453.043333333335,321411.96166666667,6.52,4.820833333333334,6.12,0,2023,12,8,4,992,3.0,1,0.0,1.0,0.0,0.0,1.0,0.0,0.0,Medium,Low,0,3,1,0.24044987586884828,31.5,19.98947329805721
CUST00062,-1.1476475603871634,Male,South,Post-Graduate,Salaried,0.041708306249032434,-0.23387822971448147,Other,0.6950669600405378,-0.4354373709424541,-0.4517601942933712,1.5981196173028926,2019-07-05,1,Pali,Punjab,NRI,True,4,29753.51833333333,236708.72,6.52,4.820833333333334,6.12,0,2019,7,5,4,2609,3.0,1,0.0,1.0,0.0,0.0,0.0,0.0,1.0,Very Low,Medium,1,1,3,1.1131917392366537,12.5,54.00660052191115
CUST00063,-0.9818128445450158,Female,West,Graduate,Self-Employed,2.2581644042985247,-0.6467087623531909,Business,-0.303118168514058,0.721871256147125,-0.18285531673779315,1.3213301045216277,2026-01-30,1,Jabalpur,Meghalaya,Current,False,4,21996.778333333332,234428.1066666667,6.52,4.820833333333334,6.12,0,2026,1,30,4,208,2.0,0,0.0,0.0,1.0,0.0,0.0,0.0,0.0,Medium,High,0,1,3,0.19461333884977888,15.0,49.51312514809156
CUST00064,-0.567226054939647,Female,South,Graduate,Salaried,0.06143621932241556,-0.33432330390995274,Education,-0.41620072490827215,-1.5927459980320333,1.0361801281808274,0.21356052121838648,2019-06-22,0,Cuttack,Bihar,NRI,False,2,26129.923333333336,206034.2616666667,6.52,4.820833333333334,6.12,0,2019,6,22,5,2622,2.0,0,0.0,1.0,0.0,0.0,1.0,0.0,0.0,Very Low,None,0,3,1,0.9844020024994151,26.333333333333332,31.52929587500346
CUST00065,-0.31847398117642556,Female,South,Graduate,Salaried,0.4717148204138939,-0.25932906512272225,Other,0.09251247200072944,0.721871256147125,0.7852022424622879,2.5440832156088975,2021-08-30,1,Ratlam,Himachal Pradesh,NRI,False,6,24402.851666666666,164986.44,6.52,4.820833333333334,6.12,0,2021,8,30,0,1822,2.0,0,0.0,1.0,0.0,0.0,0.0,0.0,1.0,Very Low,High,0,2,0,0.7357066677775923,24.0,69.3636279280648
CUST00066,1.2569558193239765,Male,East,Graduate,Self-Employed,0.027581820989050494,-0.33710392923643734,Home,-0.6632263692632029,-0.7247645277148489,-0.4517601942933712,0.42947077612178636,2018-01-07,1,Udupi,Uttar Pradesh,NRI,True,6,27862.521666666667,261324.99833333332,6.52,4.820833333333334,6.12,0,2018,1,7,6,3153,2.0,1,0.0,0.0,0.0,0.0,0.0,1.0,0.0,Very Low,Medium,0,1,3,1.018873134991809,12.5,35.034441007182785
CUST00067,1.5886252510082715,Male,North,Secondary,Salaried,-0.1668887109463398,-0.5309803334827734,Home,1.4497664998039312,-0.7247645277148489,-0.8999349902193347,-0.4043805215803301,2025-03-03,0,Morena,Jharkhand,NRI,True,3,29107.706666666665,258462.2666666667,6.52,4.820833333333334,6.12,0,2025,3,3,0,541,1.0,1,1.0,0.0,0.0,0.0,0.0,1.0,0.0,Very Low,Medium,1,0,2,1.034892089948245,8.333333333333334,21.49747483385461
CUST00068,1.754459966850419,Other,West,Secondary,Salaried,-0.537560435846956,-0.11966402823387333,Education,0.6556198846478943,-0.7247645277148489,-0.8820079983822962,-0.5498169948054538,2019-04-03,0,Machilipatnam,Himachal Pradesh,NRI,False,5,30385.975000000002,270129.825,6.52,4.820833333333334,6.12,0,2019,4,3,2,2702,1.0,2,0.0,0.0,1.0,0.0,1.0,0.0,0.0,Very Low,Medium,1,1,2,3.444642913239135,8.5,19.13642002247268
CUST00069,1.091121103481829,Male,North,Secondary,Salaried,-0.5089673806291284,-0.645132201798011,Other,-1.9536401187171022,1.0111984129195197,-0.3083442595970629,-1.49862531800322,2019-08-19,0,Nadiad,Goa,NRI,False,3,26396.903333333332,277041.0833333333,6.52,4.820833333333334,6.12,0,2019,8,19,0,2564,1.0,1,1.0,0.0,0.0,0.0,0.0,0.0,1.0,Very Low,High,0,1,3,1.726951186204929,13.833333333333334,3.733210587534861
CUST00070,-1.6451517079136062,Female,West,Secondary,Salaried,0.3784226250256107,-0.7152262726515585,Business,-0.5474857981024778,1.5898527264643094,1.2513040302252898,0.9827087000336653,2021-06-02,1,Vijayanagaram,Mizoram,Savings,False,5,26860.084999999995,328991.885,6.52,4.820833333333334,6.12,0,2021,6,2,2,1911,1.0,0,0.0,0.0,1.0,0.0,0.0,0.0,0.0,Very Low,High,0,3,1,0.4363662219324513,28.333333333333332,44.01585421890969
CUST00071,0.0,Female,West,Secondary,Self-Employed,0.07361630170645435,0.1514999109544051,Business,-2.128298499996719,0.721871256147125,0.9465451689956348,0.015922317439010788,2020-08-04,1,Singrauli,Telangana,Current,True,6,24734.255,264914.4583333333,6.52,4.820833333333334,6.12,0,2020,8,4,1,2213,1.0,0,0.0,0.0,1.0,0.0,0.0,0.0,0.0,Very Low,High,0,3,1,1.4727808325431806,25.5,28.320784133771497
CUST00072,-0.567226054939647,Female,North,Secondary,Salaried,0.1326609505301555,0.08746418496126344,Car,-0.21364302779671995,-0.14611021417005934,0.821056226136365,-0.6190351127598812,2019-05-08,1,Hubli–Dharwad,West Bengal,Current,True,5,21738.94,207191.2383333333,6.52,4.820833333333334,6.12,1,2019,5,8,2,2667,1.0,0,1.0,0.0,0.0,1.0,0.0,0.0,0.0,Very Low,Medium,0,2,0,2.136331175553147,24.333333333333332,18.012714484191854
CUST00073,1.2569558193239765,Male,North,Primary,Salaried,-0.405524989941892,-0.75539051041185,Education,-0.529631505213921,1.3005255696919145,0.6059323240919026,-0.58884204662818,2020-05-12,1,Nagpur,Tamil Nadu,NRI,False,5,29972.38666666667,217610.41833333333,6.52,4.820833333333334,6.12,0,2020,5,12,1,2297,0.0,1,1.0,0.0,0.0,0.0,1.0,0.0,0.0,Very Low,High,0,2,0,1.1017837641561596,22.333333333333332,18.50287683810344
CUST00074,1.422790535166124,Male,West,Primary,Self-Employed,-0.20508134290376123,-0.8749951139353238,Other,0.866989085883732,0.4325440993747302,0.552151348580787,-0.768515411845497,2023-03-20,1,Kumbakonam,Gujarat,NRI,True,5,38674.13166666667,188438.91666666666,6.52,4.820833333333334,6.12,1,2023,3,20,0,1255,0.0,1,0.0,0.0,1.0,0.0,0.0,0.0,1.0,Very Low,High,1,2,0,0.6284098748526972,21.833333333333332,15.586011116484396
CUST00075,1.1740384614029027,Female,East,Post-Graduate,Self-Employed,-0.5532883696404074,-0.6714675628246971,Education,-0.9305544760190496,1.5898527264643094,0.22946549551409323,-0.6127395890609905,2023-08-25,0,Kakinada,Chhattisgarh,NRI,True,3,19982.985,131450.92166666666,6.52,4.820833333333334,6.12,0,2023,8,25,4,1097,3.0,0,0.0,0.0,0.0,0.0,1.0,0.0,0.0,Very Low,High,0,2,0,1.8929210571712152,18.833333333333332,18.114917708663796
CUST00076,-1.3963996341503848,Female,East,Graduate,Self-Employed,0.9828009994178755,-0.3370806039492421,Business,0.3985877587387153,-0.7247645277148489,0.4087354138844786,-1.0880690039786924,2020-05-16,0,Gaya,Tripura,NRI,False,3,21539.015,151860.35833333334,6.52,4.820833333333334,6.12,0,2020,5,16,5,2293,2.0,0,0.0,0.0,0.0,0.0,0.0,0.0,0.0,Low,Medium,0,2,0,0.4911507522806997,20.5,10.398292180034517
CUST00077,-0.567226054939647,Female,West,Secondary,Salaried,-0.5896984915490066,0.5070828765036658,Other,0.5883207874252147,-1.0140916844872436,0.08604956081778493,0.615406522617985,2023-08-08,1,Bhusawal,Haryana,NRI,True,5,29770.843333333334,211840.11166666666,6.52,4.820833333333334,6.12,0,2023,8,8,1,1114,1.0,0,0.0,0.0,1.0,0.0,0.0,0.0,1.0,Very Low,Low,0,2,0,6.330797966900365,17.5,38.05297191031599
CUST00078,0.4277822401132385,Male,North,Graduate,Salaried,-0.20508134290376123,-0.3484880532287049,Home,0.26183428637563333,-1.5927459980320333,1.1616690710400972,1.4101871534771215,2018-10-23,0,Fatehpur,Uttarakhand,Savings,False,2,36413.00666666667,213247.58,6.52,4.820833333333334,6.12,0,2018,10,23,1,2864,2.0,1,1.0,0.0,0.0,0.0,0.0,1.0,0.0,Very Low,None,0,3,1,1.3633307437349602,27.5,50.95565437277113
CUST00079,-0.48430869701857315,Male,South,Secondary,Salaried,0.21074838255664768,-0.5945911135383847,Home,1.186787795972738,1.0111984129195197,-1.6170146637008762,0.2534411551971721,2020-02-05,1,Bhavnagar,Rajasthan,Savings,True,3,35531.855,293300.6433333333,6.52,4.820833333333334,6.12,0,2020,2,5,2,2394,1.0,1,0.0,1.0,0.0,0.0,0.0,1.0,0.0,Very Low,High,1,0,2,0.6131458500741824,1.6666666666666667,32.17672881014361
CUST00080,1.1740384614029027,Female,North,Post-Graduate,Self-Employed,-0.3055492912509033,-0.197653007097608,Other,2.159130969758376,0.14321694260233545,0.5342243567437484,0.13160786647590483,2023-02-13,1,Jamalpur,Tamil Nadu,NRI,False,3,15596.038333333332,195468.39,6.52,4.820833333333334,6.12,1,2023,2,13,0,1290,3.0,0,1.0,0.0,0.0,0.0,0.0,0.0,1.0,Very Low,High,1,2,0,1.6896273122371894,21.666666666666668,30.198854442435547
CUST00081,1.3398731772450503,Female,West,Graduate,Salaried,-0.20695675985882997,-0.3303507259624569,Education,0.10966777060566922,-0.7247645277148489,0.12190354449186201,-0.004675148895822966,2021-08-24,0,Agartala,Assam,Current,True,4,37938.82833333333,312602.1866666667,6.52,4.820833333333334,6.12,0,2021,8,24,1,1828,2.0,0,0.0,0.0,1.0,0.0,1.0,0.0,0.0,Very Low,Medium,0,2,0,1.3939711135818227,17.833333333333332,27.986399327032828
CUST00082,-0.31847398117642556,Female,East,Primary,Salaried,0.1922406959358308,-0.774154465127878,Education,0.41686258069403026,0.4325440993747302,-1.0612779167526816,-1.4036428361679507,2019-09-24,1,Tezpur,Karnataka,Savings,False,4,35595.54,200300.915,6.52,4.820833333333334,6.12,1,2019,9,24,1,2528,0.0,0,0.0,0.0,0.0,0.0,1.0,0.0,0.0,Very Low,High,0,0,2,0.7864007244268351,6.833333333333333,5.2751817365947336
CUST00083,1.091121103481829,Male,South,Graduate,Salaried,-0.2712010857197934,2.751344130441028,Home,-0.9297777926942496,-1.0140916844872436,0.821056226136365,-0.0007456279980269068,2023-05-23,0,Darbhanga,Kerala,Current,True,3,27881.096666666665,225860.29333333333,6.52,4.820833333333334,6.12,0,2023,5,23,1,1191,2.0,1,0.0,1.0,0.0,0.0,0.0,1.0,0.0,Very Low,Low,0,2,0,6.582406788063927,24.333333333333332,28.05019222585956
CUST00084,0.26194752427109097,Female,North,Post-Graduate,Unemployed,2.413326746165271,-0.7658523565491762,Home,-1.0756519700122824,-1.5927459980320333,-1.0612779167526816,-0.3216855410685018,2018-08-15,0,Darbhanga,Maharashtra,Savings,True,5,26303.468333333334,305464.44166666665,6.52,4.820833333333334,6.12,0,2018,8,15,2,2933,3.0,0,1.0,0.0,0.0,0.0,0.0,1.0,0.0,Medium,None,0,0,2,0.15029693176190176,6.833333333333333,22.83996738255909
CUST00085,0.01319545050786959,Female,South,Post-Graduate,Salaried,-0.6461443693440213,2.183482980087485,Business,1.0754345897124362,-0.4354373709424541,-1.5811606800267992,0.9089436929115952,2017-07-08,1,Dindigul,Madhya Pradesh,NRI,True,5,27765.916666666668,168646.34666666665,6.52,4.820833333333334,6.12,0,2017,7,8,5,3336,3.0,0,0.0,1.0,0.0,0.0,0.0,0.0,0.0,Very Low,Medium,1,0,2,15.503375195414309,2.0,42.81833325931109
CUST00086,0.7594516717975337,Female,South,Graduate,Salaried,0.2442517237089177,0.2630291314730361,Other,0.9368331619365745,-1.3034188412596384,-0.34419824327113996,-0.3853005695242514,2019-11-14,0,Latur,Haryana,Savings,False,2,26873.878333333338,162930.76333333334,6.52,4.820833333333334,6.12,0,2019,11,14,3,2477,2.0,0,0.0,1.0,0.0,0.0,0.0,0.0,1.0,Very Low,Low,1,1,3,1.3427882493077272,13.5,21.80722390576183
CUST00087,1.2569558193239765,Male,East,Graduate,Salaried,-0.3333026028710203,-0.5320334324307452,Education,-1.08622899161768,-1.0140916844872436,0.8031292342993265,0.566933927942709,2020-02-10,1,Sultan Pur Majra,Uttarakhand,Savings,True,5,26410.94,278108.76833333337,6.52,4.820833333333334,6.12,0,2020,2,10,0,2389,2.0,1,0.0,0.0,0.0,0.0,1.0,0.0,0.0,Very Low,Low,0,2,0,1.35908513218285,24.166666666666668,37.26605477501752
CUST00088,0.0,Male,East,Secondary,Self-Employed,0.06945795811939023,0.4664658618454725,Business,-1.3780902226917495,-0.14611021417005934,-1.007496941241566,0.06143512537791739,2022-04-30,1,Kolkata,Meghalaya,Savings,False,3,32547.938333333335,110806.28833333333,6.52,4.820833333333334,6.12,0,2022,4,30,5,1579,1.0,1,0.0,0.0,0.0,0.0,0.0,0.0,0.0,Very Low,Medium,0,0,2,1.8057480601692717,7.333333333333333,29.059651295362528
CUST00089,0.09611280842894337,Female,West,Post-Graduate,Self-Employed,-0.09803143849557311,-0.5224257761953863,Education,-0.6872170214745627,-1.0140916844872436,0.19361151184001615,-0.4635304415143666,2021-06-05,1,Karnal,Meghalaya,NRI,True,4,34544.965000000004,172718.20666666667,6.52,4.820833333333334,6.12,0,2021,6,5,5,1908,3.0,0,0.0,0.0,1.0,0.0,1.0,0.0,0.0,Very Low,Low,0,2,0,0.9523523392913932,18.5,20.53721912937987
CUST00090,-0.48430869701857315,Male,South,Secondary,Salaried,-0.48408715258188934,0.4378755356781885,Home,-0.15570941550004105,-1.0140916844872436,-0.07529336571556192,0.5881630931692822,2018-06-27,0,Bettiah,Kerala,Current,False,4,34937.67,250406.28666666665,6.52,4.820833333333334,6.12,0,2018,6,27,2,2982,1.0,1,0.0,1.0,0.0,0.0,0.0,1.0,0.0,Very Low,Low,0,1,3,4.381837642482224,16.0,37.61069475141626
CUST00091,-1.313482276229311,Male,North,Post-Graduate,Self-Employed,-0.18933432990780868,-0.23384932495808383,Other,-0.436201883465608,1.5898527264643094,1.6098438669660606,1.8781557411931085,2019-05-12,0,Karnal,Punjab,Savings,True,5,26791.411666666667,193648.27333333335,6.52,4.820833333333334,6.12,0,2019,5,12,6,2663,3.0,1,1.0,0.0,0.0,0.0,0.0,0.0,1.0,Very Low,High,0,3,1,1.4959277208893353,31.666666666666668,58.552782253424176
CUST00092,-0.567226054939647,Other,East,Graduate,Unemployed,-0.6692550805641693,-0.5558752110283592,Car,0.16055262295268827,-0.14611021417005934,-1.4018907616564138,-1.4020309765523296,2018-11-12,0,Jalna,Rajasthan,NRI,False,5,29084.581666666665,319523.835,6.52,4.820833333333334,6.12,0,2018,11,12,0,2844,2.0,2,0.0,0.0,0.0,1.0,0.0,0.0,0.0,Very Low,Medium,0,0,2,3.6156959776221353,3.6666666666666665,5.301349098992494
CUST00093,-0.31847398117642556,Male,West,Graduate,Salaried,-0.020137192561718077,0.13044570897105612,Other,0.9531096834682569,-0.4354373709424541,-0.7027380800119107,0.2666401740029484,2016-11-22,1,Gandhidham,Rajasthan,Current,False,4,31883.166666666668,261238.33166666667,6.52,4.820833333333334,6.12,0,2016,11,22,1,3564,2.0,1,0.0,0.0,1.0,0.0,0.0,0.0,1.0,Very Low,Medium,1,1,3,1.6127722922256302,10.166666666666666,32.391005230396594
CUST00094,1.3398731772450503,Female,East,Graduate,Salaried,-0.16085908388339348,-0.20360387149178463,Car,0.4764968965828417,1.0111984129195197,-0.23663629224890875,1.5029127651131564,2024-08-18,0,Amaravati,Jharkhand,Current,False,3,39395.49,277405.6616666667,6.52,4.820833333333334,6.12,0,2024,8,18,6,738,2.0,0,0.0,0.0,0.0,1.0,0.0,0.0,0.0,Very Low,High,0,1,3,1.4767684726018193,14.5,52.46098688418803
CUST00095,-0.7330607707817945,Male,West,Secondary,Salaried,-0.0020713135316277618,-0.054255408534217564,Business,0.5540364863098403,0.721871256147125,1.2513040302252898,-1.0239332116633701,2025-01-15,1,Chapra,Odisha,Savings,True,3,26590.725000000002,115977.36666666668,6.52,4.820833333333334,6.12,0,2025,1,15,2,588,1.0,1,0.0,0.0,1.0,0.0,0.0,0.0,0.0,Very Low,High,0,3,1,1.3715354510696363,28.333333333333332,11.43948987735138
CUST00096,0.17903016635001717,Female,South,Secondary,Self-Employed,0.2438469966160756,-0.16095759235714133,Car,-2.5758245067917915,-1.5927459980320333,-1.1509128759378742,-1.219038480917521,2017-03-09,1,Kumbakonam,Tripura,Savings,True,3,32659.90166666667,199044.57166666666,6.52,4.820833333333334,6.12,0,2017,3,9,3,3457,1.0,0,0.0,1.0,0.0,1.0,0.0,0.0,0.0,Very Low,None,0,0,2,0.973241669071199,6.0,8.272098476258856
CUST00097,-0.7330607707817945,Other,East,Secondary,Salaried,-0.13104618955842962,-0.16679239602752635,Car,-1.69832227656682,-1.0140916844872436,1.753259801662369,-0.8913757755075061,2021-08-15,1,Thrissur,Madhya Pradesh,Current,True,2,31928.710000000003,119075.04666666668,6.52,4.820833333333334,6.12,0,2021,8,15,6,1837,1.0,2,0.0,0.0,0.0,1.0,0.0,0.0,0.0,Very Low,Low,0,3,1,1.4651056521835562,33.0,13.591462938027812
CUST00098,-1.72806906583468,Male,South,Secondary,Self-Employed,-0.22117958007960858,0.21796887245378188,Business,-0.8419680569868984,-1.0140916844872436,-1.276401818797144,0.8017180595607085,2023-01-17,1,Mangalore,Tripura,NRI,True,5,33007.35666666667,259134.92166666666,6.52,4.820833333333334,6.12,0,2023,1,17,1,1317,1.0,1,0.0,1.0,0.0,0.0,0.0,0.0,0.0,Very Low,Low,0,0,2,2.251088829488096,4.833333333333333,41.07760349660084
CUST00099,1.1740384614029027,Male,North,Graduate,Self-Employed,-0.516129024152208,2.368058813345069,Other,-0.6690483823139097,1.3005255696919145,1.6098438669660606,-1.1792061517292605,2026-03-15,1,Dhanbad,Himachal Pradesh,NRI,True,4,29669.021666666667,320544.975,6.52,4.820833333333334,6.12,0,2026,3,15,6,164,2.0,1,1.0,0.0,0.0,0.0,0.0,0.0,1.0,Very Low,High,0,3,1,10.18104073892414,31.666666666666668,8.918747218441398
CUST00100,-0.31847398117642556,Male,North,Secondary,Salaried,-0.47931784615867473,0.5933061141260997,Business,0.8721988652287702,-0.14611021417005934,-1.1329858841008356,2.102962891456428,2021-04-02,1,Ujjain,Rajasthan,Savings,True,4,26989.513333333332,319770.14499999996,6.52,4.820833333333334,6.12,0,2021,4,2,4,1972,1.0,1,1.0,0.0,0.0,0.0,0.0,0.0,0.0,Very Low,Medium,1,0,2,4.719547269448314,6.166666666666667,62.202361977078944
CUST00101,0.9252863876396813,Male,North,Primary,Unemployed,0.3325152414332239,-0.15864791916794943,Home,-0.9283367995591094,0.4325440993747302,-0.14700133306371607,-1.4732622386804044,2020-12-24,1,Phusro,Jharkhand,NRI,True,3,24812.84,298725.33666666667,6.52,4.820833333333334,6.12,0,2020,12,24,3,2071,0.0,1,1.0,0.0,0.0,0.0,0.0,1.0,0.0,Very Low,High,0,1,3,0.9028280520911545,15.333333333333334,4.144961636901274
CUST00102,1.3398731772450503,Female,East,Post-Graduate,Salaried,0.5253979786348691,-0.418889741232576,Home,0.6910691579114002,-1.0140916844872436,1.753259801662369,0.7283438429497641,2025-02-02,0,Thoothukudi,Telangana,Savings,True,2,31207.795,309510.52999999997,6.52,4.820833333333334,6.12,0,2025,2,2,6,570,3.0,0,0.0,0.0,0.0,0.0,0.0,1.0,0.0,Very Low,Low,1,3,1,0.5962418057676667,33.0,39.88642673523584
CUST00103,1.754459966850419,Female,South,Post-Graduate,Salaried,-0.35359568137280684,-0.3704810962058602,Car,-0.8300767110495764,-1.0140916844872436,1.1078880955289816,-0.9365416537131941,2019-10-14,0,Ludhiana,Kerala,Savings,False,5,31133.785,251717.14333333334,6.52,4.820833333333334,6.12,0,2019,10,14,0,2508,3.0,0,0.0,1.0,0.0,1.0,0.0,0.0,0.0,Very Low,Low,0,3,1,1.7202800838679773,27.0,12.858227927008524
CUST00104,-1.313482276229311,Male,East,Post-Graduate,Self-Employed,-0.2592170016667482,-0.7418150181443955,Business,-1.265645081249383,-0.14611021417005934,0.13983053632890055,0.05055295105527706,2019-12-10,1,Delhi,Uttarakhand,Savings,True,3,23967.97333333333,239947.785,6.52,4.820833333333334,6.12,0,2019,12,10,1,2451,3.0,1,0.0,0.0,0.0,0.0,0.0,0.0,0.0,Very Low,Medium,0,2,0,0.8558363081544305,18.0,28.88298715140329
CUST00105,-0.40139133909749936,Male,West,Post-Graduate,Self-Employed,-0.5209724649910604,0.11974295532381125,Business,-1.2170003027739738,0.4325440993747302,-1.1150588922637972,-0.5245090581196777,2018-06-01,0,Katihar,Manipur,Current,False,4,31609.2,180546.91166666665,6.52,4.820833333333334,6.12,0,2018,6,1,4,3008,3.0,1,0.0,0.0,1.0,0.0,0.0,0.0,0.0,Very Low,High,0,0,2,3.9551675519844918,6.333333333333333,19.54727587144261
CUST00106,-1.4793169920714586,Male,North,Secondary,Salaried,0.32254421798028554,-0.673333156181053,Business,2.358150982639039,-0.14611021417005934,0.10397655265482347,-0.9663266955626985,2016-12-09,0,Sirsa,Tripura,Savings,True,4,25620.755,264466.85333333333,6.52,4.820833333333334,6.12,0,2016,12,9,4,3547,1.0,1,1.0,0.0,0.0,0.0,0.0,0.0,0.0,Very Low,Medium,1,2,0,0.4910936358039165,17.666666666666668,12.374689549003934
CUST00107,-0.6501434128607207,Female,South,Secondary,Self-Employed,0.01183553425883049,-0.44499186432873566,Other,-0.8533954138467801,1.5898527264643094,0.552151348580787,-0.7841742140062489,2023-06-19,0,Ambala,Madhya Pradesh,NRI,False,3,23222.346666666665,170095.00833333333,6.52,4.820833333333334,6.12,0,2023,6,19,0,1164,1.0,0,0.0,1.0,0.0,0.0,0.0,0.0,1.0,Very Low,High,0,2,0,0.9180677900520393,21.833333333333332,15.331801911858728
CUST00108,0.6765343138764599,Male,West,Graduate,Unemployed,1.0160698511637265,0.12380035685991732,Education,0.7162738682776295,1.0111984129195197,-0.48761417796744827,-0.8248548451400005,2022-12-24,0,Bhubaneswar,Meghalaya,Savings,False,3,22503.631666666668,195296.70333333334,6.52,4.820833333333334,6.12,0,2022,12,24,5,1341,2.0,1,0.0,0.0,1.0,0.0,1.0,0.0,0.0,Low,High,1,1,3,0.7192406537454975,12.166666666666666,14.671381607801152
CUST00109,-0.152639265334278,Male,North,Graduate,Salaried,-0.5155598548876924,-0.3868987386745151,Education,-1.6399663134655327,-1.0140916844872436,1.4305739485956752,0.8480099791259412,2022-04-20,1,Guna,Rajasthan,Current,True,4,29849.69666666667,220019.465,6.52,4.820833333333334,6.12,0,2022,4,20,2,1589,2.0,1,1.0,0.0,0.0,0.0,1.0,0.0,0.0,Very Low,Low,0,3,1,2.480137583541926,30.0,41.82911896582164
CUST00110,-1.1476475603871634,Female,North,Secondary,Unemployed,-0.39447940778309415,-0.49332613643018414,Education,1.4788635267991213,-0.7247645277148489,-1.007496941241566,0.9638090403279558,2022-09-12,0,Panipat,Goa,Savings,True,4,12987.285000000002,239983.47666666665,6.52,4.820833333333334,6.12,0,2022,9,12,0,1444,1.0,0,1.0,0.0,0.0,0.0,1.0,0.0,0.0,Very Low,Medium,1,0,2,1.6171220146427554,7.333333333333333,43.70903206149548
CUST00111,-1.6451517079136062,Female,South,Post-Graduate,Salaried,-0.18834586952883547,-0.7259158102975103,Other,0.3580521894284526,-1.5927459980320333,1.4843549241067908,0.4721106581218492,2023-11-10,1,Karaikudi,Uttarakhand,NRI,False,3,30118.951666666664,226861.54333333333,6.52,4.820833333333334,6.12,0,2023,11,10,4,1020,3.0,0,0.0,1.0,0.0,0.0,0.0,0.0,1.0,Very Low,None,0,3,1,0.7885048566945301,30.5,35.726668316608595
CUST00112,1.2569558193239765,Male,North,Secondary,Salaried,0.0019749426788324928,0.553117596319291,Business,0.27941717218208306,0.4325440993747302,-0.29041726776002436,-0.9711055840046441,2022-08-07,1,Hazaribagh,Uttar Pradesh,Current,False,3,22738.708333333332,200343.08,6.52,4.820833333333334,6.12,0,2022,8,7,6,1480,1.0,1,1.0,0.0,0.0,0.0,0.0,0.0,0.0,Very Low,High,0,1,3,2.0437017982468144,14.0,12.297107789087027
CUST00113,-1.4793169920714586,Female,West,Secondary,Salaried,-0.3467116238941375,-0.6160078957924155,Education,0.4259219967899467,-0.7247645277148489,0.8031292342993265,0.6456120913503927,2021-09-02,1,Durg,Maharashtra,Current,False,4,31795.515,320680.09500000003,6.52,4.820833333333334,6.12,0,2021,9,2,3,1819,1.0,0,0.0,0.0,1.0,0.0,1.0,0.0,0.0,Very Low,Medium,0,2,0,1.2371101312186283,24.166666666666668,38.54333723480915
CUST00114,-0.9818128445450158,Male,West,Graduate,Self-Employed,-0.5144454572261044,-0.529110921526927,Business,0.5413382765361333,-0.14611021417005934,-1.1688398677749128,0.19405299740276677,2019-10-08,1,Aligarh,Uttar Pradesh,NRI,True,1,32786.18666666667,266748.265,6.52,4.820833333333334,6.12,0,2019,10,8,1,2514,2.0,1,0.0,0.0,1.0,0.0,0.0,0.0,0.0,Very Low,Medium,0,0,2,2.0767862720794157,5.833333333333333,31.212605488186103
CUST00115,-0.152639265334278,Male,East,Graduate,Self-Employed,0.1326609505301555,-0.8673370996698988,Car,0.8399741772515426,1.3005255696919145,0.354954438373363,0.956422284724254,2017-08-10,1,Morena,Madhya Pradesh,NRI,True,3,21882.423333333336,374238.28833333333,6.52,4.820833333333334,6.12,0,2017,8,10,3,3303,2.0,1,0.0,0.0,0.0,1.0,0.0,0.0,0.0,Very Low,High,1,2,0,0.3966443685872203,20.0,43.58911348486975
CUST00116,1.091121103481829,Female,West,Graduate,Salaried,0.04152194674938495,-0.28476301274997606,Education,-0.6352149479269005,-1.0140916844872436,1.2692310220623284,-1.1977408249319133,2017-04-17,0,Tadipatri,Kerala,Savings,False,4,26898.618333333332,259588.44166666668,6.52,4.820833333333334,6.12,0,2017,4,17,0,3418,2.0,0,0.0,0.0,1.0,0.0,1.0,0.0,0.0,Very Low,Low,0,3,1,1.0590599621692933,28.5,8.6178503500556
CUST00117,-0.9818128445450158,Female,West,Primary,Salaried,-0.5233456678049371,-0.42855885741475813,Car,-0.6964898151060448,1.3005255696919145,-0.5951761289896795,0.8886966845371004,2018-08-27,1,Sultan Pur Majra,Assam,NRI,False,3,31700.975000000002,233627.05333333334,6.52,4.820833333333334,6.12,0,2018,8,27,0,2921,0.0,0,0.0,0.0,1.0,1.0,0.0,0.0,0.0,Very Low,High,0,1,3,2.418383794230701,11.166666666666666,42.48963788133191
CUST00118,0.5106995980343123,Male,North,Post-Graduate,Self-Employed,0.45969670440202165,-0.17956224380369004,Other,0.4172902639808785,1.5898527264643094,-0.8640810065452575,-0.22137001466077333,2026-02-04,0,Tadepalligudem,Rajasthan,Savings,True,3,18877.023333333334,310021.10333333333,6.52,4.820833333333334,6.12,0,2026,2,4,2,203,3.0,1,1.0,0.0,0.0,0.0,0.0,0.0,1.0,Very Low,High,0,1,2,0.8006421274741856,8.666666666666666,24.468516611160457
CUST00119,-0.567226054939647,Male,West,Secondary,Salaried,0.32072841104679073,-0.7195943059855123,Home,0.7094022096097681,1.3005255696919145,-0.1649283249007546,-0.21885211275087452,2018-02-06,0,Chandigarh,Kerala,Savings,True,3,20661.411666666667,199065.04,6.52,4.820833333333334,6.12,0,2018,2,6,1,3123,1.0,1,0.0,0.0,1.0,0.0,0.0,1.0,0.0,Very Low,High,1,1,3,0.45409898149473793,15.166666666666666,24.509392907780715
CUST00120,0.0,Male,East,Secondary,Self-Employed,-0.22645595097314114,0.16919994222061582,Other,-0.24483672818778437,-0.14611021417005934,-0.8640810065452575,-0.35524534785561246,2025-12-28,1,Surat,Uttarakhand,NRI,False,5,31472.664999999997,294745.5466666667,6.52,4.820833333333334,6.12,0,2025,12,28,6,241,1.0,1,0.0,0.0,0.0,0.0,0.0,0.0,1.0,Very Low,Medium,0,1,2,2.195704941026448,8.666666666666666,22.29514845559636
CUST00121,-1.72806906583468,Male,West,Post-Graduate,Self-Employed,-0.24695577370682034,-0.8769268324715936,Other,-0.13678220365408686,1.5898527264643094,-0.6310301126637566,3.0613671498723076,2019-11-23,1,Chittoor,Tamil Nadu,Savings,False,3,32636.733333333334,309694.60333333333,6.52,4.820833333333334,6.12,0,2019,11,23,5,2468,3.0,1,0.0,0.0,1.0,0.0,0.0,0.0,1.0,Very Low,High,0,1,3,0.6266458995029105,10.833333333333334,77.76135440450838
CUST00122,0.01319545050786959,Male,West,Post-Graduate,Salaried,-0.04460301219319715,-0.31996732559185453,Other,0.6396416995196116,1.3005255696919145,0.7852022424622879,-1.309507477854807,2024-08-09,1,Aurangabad,Meghalaya,Savings,False,3,31233.646666666667,249235.1416666667,6.52,4.820833333333334,6.12,0,2024,8,9,4,747,3.0,1,0.0,0.0,1.0,0.0,0.0,0.0,1.0,Very Low,High,0,2,0,1.1291547255356829,24.0,6.803400454621341
CUST00123,0.4277822401132385,Male,South,Post-Graduate,Unemployed,-0.5120939706025256,-0.21535316157119236,Education,-0.23491329438940975,0.721871256147125,-0.32627125143410146,-0.5973277445489443,2020-03-01,1,Amroha,Rajasthan,Current,True,4,36932.49833333333,267783.13999999996,6.52,4.820833333333334,6.12,0,2020,3,1,6,2369,3.0,1,0.0,1.0,0.0,0.0,1.0,0.0,0.0,Very Low,High,0,1,3,2.9292575512466397,13.666666666666666,18.365117736418256
CUST00124,0.5936169559553861,Male,North,Post-Graduate,Salaried,-0.26495993295614384,-0.24552554170679422,Car,-1.8379428124187267,0.721871256147125,1.5739898832919836,0.34673627135928803,2017-04-17,1,Naihati,Chhattisgarh,Savings,False,5,16238.056666666665,235470.86833333332,6.52,4.820833333333334,6.12,0,2017,4,17,0,3418,3.0,1,1.0,0.0,0.0,1.0,0.0,0.0,0.0,Very Low,High,0,3,1,1.6667209057872567,31.333333333333332,33.691306811165624
CUST00125,-0.567226054939647,Female,North,Graduate,Unemployed,-0.29117858590878504,-0.1926977579621651,Education,-0.5350966525654076,1.0111984129195197,-1.4018907616564138,-0.46361220986486423,2017-09-09,1,Bhatpara,Jharkhand,NRI,True,4,35766.35833333333,248770.44833333333,6.52,4.820833333333334,6.12,1,2017,9,9,5,3273,2.0,0,1.0,0.0,0.0,0.0,1.0,0.0,0.0,Very Low,High,0,0,2,1.6973908880374111,3.6666666666666665,20.53589167999197
CUST00126,-0.9818128445450158,Female,South,Graduate,Self-Employed,0.129711875378528,0.20911883429252107,Home,1.818146920373457,-1.0140916844872436,1.054107120017866,1.1497802489353188,2021-08-16,1,Srinagar,Odisha,Savings,True,2,23407.61333333333,397413.89166666666,6.52,4.820833333333334,6.12,0,2021,8,16,0,1836,2.0,0,0.0,1.0,0.0,0.0,0.0,1.0,0.0,Very Low,Low,1,3,1,1.4455017130523975,26.5,46.7281386660764
CUST00127,-0.152639265334278,Female,West,Primary,Self-Employed,-0.6318576846442426,0.6656196336246849,Other,0.3486432026666834,-1.0140916844872436,-1.2226208432860284,-1.4189921594628796,2020-09-18,1,Amravati,Manipur,Savings,True,4,35694.995,154494.62,6.52,4.820833333333334,6.12,0,2020,9,18,4,2168,0.0,0,0.0,0.0,1.0,0.0,0.0,0.0,1.0,Very Low,Low,0,0,2,8.159798163516442,5.333333333333333,5.0259966950896935
CUST00128,0.01319545050786959,Male,West,Graduate,Salaried,0.58235575574415,-0.34981513184849283,Business,-0.677593089747995,-0.7247645277148489,-0.29041726776002436,-1.151610601523214,2026-03-22,1,Kishanganj,Nagaland,Savings,False,2,26005.164999999997,207153.59833333336,6.52,4.820833333333334,6.12,0,2026,3,22,6,157,2.0,1,0.0,0.0,1.0,0.0,0.0,0.0,0.0,Very Low,Medium,0,1,3,0.6188700452748207,14.0,9.36674080039428
CUST00129,-1.0647302024660896,Other,North,Secondary,Self-Employed,-0.3808691850684061,-0.6589759305580086,Home,0.2549795713554818,1.5898527264643094,1.5022819159438294,-1.4769494976190198,2025-01-03,1,Belgaum,Nagaland,Current,False,4,28653.853333333333,235107.55833333335,6.52,4.820833333333334,6.12,0,2025,1,3,4,600,1.0,2,1.0,0.0,0.0,0.0,0.0,1.0,0.0,Very Low,High,0,3,1,1.238794079388146,30.666666666666668,4.085101683859419
CUST00130,0.8423690297186075,Female,East,Secondary,Salaried,-0.34547470638379113,0.049129654388734394,Car,0.7012480369389436,0.14321694260233545,-1.4377447453304908,0.5868688739731435,2018-05-15,0,Srikakulam,Mizoram,Savings,False,5,30070.058333333334,121370.82833333332,6.52,4.820833333333334,6.12,0,2018,5,15,1,3025,1.0,0,0.0,0.0,0.0,1.0,0.0,0.0,0.0,Very Low,High,1,0,2,2.477741174725404,3.3333333333333335,37.58968404899572
CUST00131,-0.40139133909749936,Female,South,Graduate,Salaried,-0.4594504310567484,-0.40577490553956935,Home,-0.6770855061328463,-1.0140916844872436,-0.34419824327113996,-1.5015689213302026,2022-08-04,1,Kolhapur,Madhya Pradesh,Savings,True,3,34894.37666666667,331549.72000000003,6.52,4.820833333333334,6.12,0,2022,8,4,3,1483,2.0,0,0.0,1.0,0.0,0.0,0.0,1.0,0.0,Very Low,Low,0,1,3,2.088624860603097,13.5,3.6854233396468135
CUST00132,1.6715426089293453,Female,North,Graduate,Salaried,-0.3685821489396397,0.6081590300290306,Education,1.2865822157084283,1.0111984129195197,1.6098438669660606,2.642817472518755,2020-08-06,1,Karimnagar,Madhya Pradesh,Current,True,5,22066.186666666665,150045.17,6.52,4.820833333333334,6.12,0,2020,8,6,3,2211,2.0,0,1.0,0.0,0.0,0.0,1.0,0.0,0.0,Very Low,High,1,3,1,3.688135843878643,31.666666666666668,70.96650640246506
CUST00133,0.0,Female,North,Primary,Salaried,0.510662536338862,-0.5350965484854462,Business,0.5116894964001772,0.4325440993747302,0.7314212669511723,1.4887303962488265,2025-01-23,0,Hyderabad,Andhra Pradesh,Current,False,4,24686.555000000004,229055.495,6.52,4.820833333333334,6.12,0,2025,1,23,3,580,0.0,0,1.0,0.0,0.0,0.0,0.0,0.0,0.0,Very Low,High,0,2,0,0.5209472764526979,23.5,52.23074649468074
CUST00134,1.5057078930871979,Male,South,Secondary,Salaried,-0.7045446095255987,-0.6241387928545461,Education,-1.15986343304117,1.3005255696919145,-1.2584748269601054,-1.40882034137168,2023-09-21,0,Buxar,West Bengal,Current,False,4,37931.85666666667,246854.94500000004,6.52,4.820833333333334,6.12,0,2023,9,21,3,1070,1.0,1,0.0,1.0,0.0,0.0,1.0,0.0,0.0,Very Low,High,0,0,2,4.776149517313869,5.0,5.191128724986718
CUST00135,0.4277822401132385,Male,West,Graduate,Self-Employed,0.3989331599369517,-0.20023410530503993,Other,0.8895244979120756,0.4325440993747302,-1.2226208432860284,-0.5018190930480417,2017-08-19,1,Satara,Odisha,Current,False,2,32382.398333333334,189827.16166666665,6.52,4.820833333333334,6.12,0,2017,8,19,5,3294,2.0,1,0.0,0.0,1.0,0.0,0.0,0.0,1.0,Very Low,High,1,0,2,0.8234214952693474,5.333333333333333,19.91563086530683
CUST00136,0.0,Female,South,Primary,Self-Employed,-0.14390104745186832,-0.8567145387177248,Other,-0.43671203840345296,-0.14611021417005934,0.15775752816593908,0.24163132958703,2023-02-27,1,Jodhpur,Himachal Pradesh,Savings,True,4,31109.03,263997.85333333333,6.52,4.820833333333334,6.12,0,2023,2,27,0,1276,0.0,0,0.0,1.0,0.0,0.0,0.0,0.0,1.0,Very Low,Medium,0,2,0,0.5638137825663798,18.166666666666668,31.98500492575564
CUST00137,1.008203745560755,Female,East,Post-Graduate,Salaried,-0.5774599756690633,-0.4835359513821066,Home,-0.195258776972531,-0.7247645277148489,-0.34419824327113996,-1.5522254800097646,2024-10-27,1,Mirzapur,Uttar Pradesh,Current,True,3,23887.09,282369.4,6.52,4.820833333333334,6.12,0,2024,10,27,6,668,3.0,0,0.0,0.0,0.0,0.0,0.0,1.0,0.0,Very Low,Medium,0,1,3,2.692520469918004,13.5,2.8630511454772285
CUST00138,-0.9818128445450158,Female,East,Graduate,Self-Employed,-0.5541117460442498,-0.4270937757026519,Other,-1.0719280590036717,1.3005255696919145,1.2154500465512128,0.40376255863147015,2025-12-11,1,Jamshedpur,Manipur,Savings,True,3,23865.888333333332,289032.17833333334,6.52,4.820833333333334,6.12,0,2025,12,11,3,258,2.0,0,0.0,0.0,0.0,0.0,0.0,0.0,1.0,Very Low,High,0,3,1,2.665116672649995,28.0,34.61708689200421
CUST00139,0.6765343138764599,Male,South,Graduate,Salaried,0.7402449641389489,-0.15818567178009965,Other,0.6538991073945734,1.5898527264643094,-1.5632336881897606,0.23257444410748399,2018-01-03,1,Dewas,Rajasthan,NRI,False,5,27795.256666666668,259057.99833333332,6.52,4.820833333333334,6.12,0,2018,1,3,2,3157,2.0,1,0.0,1.0,0.0,0.0,0.0,0.0,1.0,Very Low,High,1,0,2,0.6732736896540218,2.1666666666666665,31.837973011659944
CUST00140,-0.06972190741320419,Male,West,Graduate,Self-Employed,-0.5292231794643623,3.5911393752490053,Car,-0.1635530439259496,1.3005255696919145,1.4126469567586368,-0.8079467976707854,2017-10-15,1,Vadodara,Haryana,Savings,True,5,26540.15166666667,293859.38833333337,6.52,4.820833333333334,6.12,0,2017,10,15,6,3237,2.0,1,0.0,0.0,1.0,1.0,0.0,0.0,0.0,Very Low,High,0,3,1,14.134120350333479,29.833333333333332,14.945871396662232
CUST00141,-0.06972190741320419,Male,West,Post-Graduate,Salaried,-0.5681678137843055,-0.6311063690011075,Car,0.698223505085228,-0.4354373709424541,-0.8103000310341419,0.08571426140614939,2023-12-13,1,Bhind,Karnataka,NRI,False,4,38406.49833333333,154162.71666666665,6.52,4.820833333333334,6.12,0,2023,12,13,2,987,3.0,1,0.0,0.0,1.0,1.0,0.0,0.0,0.0,Very Low,Medium,1,1,2,2.12174705797016,9.166666666666666,29.453805317833357
CUST00142,1.008203745560755,Female,South,Secondary,Salaried,0.2976331883503122,0.5093704730904843,Education,0.8211203429245707,1.5898527264643094,-0.3621252351081785,1.2575072887050547,2019-10-30,1,Jalna,Punjab,NRI,True,5,26296.538333333334,292258.34500000003,6.52,4.820833333333334,6.12,0,2019,10,30,2,2492,1.0,0,0.0,1.0,0.0,0.0,1.0,0.0,0.0,Very Low,High,1,1,3,1.4859629304297457,13.333333333333334,48.4770083954087
CUST00143,-1.0647302024660896,Female,South,Graduate,Self-Employed,-0.14367310973856434,-0.28158588891342434,Education,-0.7046767796667237,-1.3034188412596384,0.46251638939559425,0.11738007429057495,2024-10-16,0,Hazaribagh,Manipur,Savings,True,4,24962.551666666666,163600.595,6.52,4.820833333333334,6.12,0,2024,10,16,2,679,2.0,0,0.0,1.0,0.0,0.0,1.0,0.0,0.0,Very Low,Low,0,2,0,1.3366002713153236,21.0,29.96787663852169
CUST00144,1.008203745560755,Male,South,Graduate,Salaried,-0.5277087775828726,0.2666161760706596,Car,0.30805767816049273,-0.14611021417005934,1.591916875129022,0.30040432859091226,2022-06-07,0,Bihar Sharif,Sikkim,Savings,True,4,21056.79333333333,244744.37166666667,6.52,4.820833333333334,6.12,0,2022,6,7,1,1541,2.0,1,0.0,1.0,0.0,1.0,0.0,0.0,0.0,Very Low,Medium,0,3,1,4.459586972242514,31.5,32.93914159450353
CUST00145,-0.8159781287028683,Male,South,Secondary,Salaried,-0.1943044387596006,-0.5124615272988658,Home,0.4072798573100623,-1.0140916844872436,-1.1509128759378742,-0.022504836881937943,2021-08-23,1,Mysore,Maharashtra,NRI,True,4,23831.405,291728.5833333333,6.52,4.820833333333334,6.12,0,2021,8,23,0,1829,1.0,1,0.0,1.0,0.0,0.0,0.0,1.0,0.0,Very Low,Low,0,0,2,1.104201466186262,6.0,27.696947378209146
CUST00146,-0.06972190741320419,Male,North,Post-Graduate,Self-Employed,-0.5448373284595647,-0.30176055428880455,Car,-0.7203347269642714,-0.14611021417005934,1.7711867934994074,-0.4258217210626263,2025-12-14,1,Naihati,Andhra Pradesh,NRI,True,2,25511.335000000003,272658.34500000003,6.52,4.820833333333334,6.12,0,2025,12,14,6,255,3.0,1,1.0,0.0,0.0,1.0,0.0,0.0,0.0,Very Low,Medium,0,3,1,2.968947115780517,33.166666666666664,21.149392636336568
CUST00147,-0.152639265334278,Female,East,Graduate,Salaried,0.272531139657316,-0.16149974707619683,Education,-0.22038248181279432,1.5898527264643094,-0.7027380800119107,-0.17535767381435247,2023-05-07,0,Srinagar,Andhra Pradesh,Current,True,4,29799.295,202303.04333333333,6.52,4.820833333333334,6.12,0,2023,5,7,6,1207,2.0,0,0.0,0.0,0.0,0.0,1.0,0.0,0.0,Very Low,High,0,1,3,0.948161095977855,10.166666666666666,25.21549332428678
CUST00148,-1.313482276229311,Female,East,Graduate,Salaried,6.695133380197381,1.1227778624068026,Business,-0.5507048445772766,-0.4354373709424541,-0.7565190555230263,-1.0811391308751268,2025-06-02,0,Gopalpur,Goa,NRI,True,5,25975.533333333336,302362.34500000003,6.52,4.820833333333334,6.12,0,2025,6,2,0,450,2.0,0,0.0,0.0,0.0,0.0,0.0,0.0,0.0,Very High,Medium,0,1,3,0.20895617166550168,9.666666666666666,10.5107936033062
CUST00149,1.1740384614029027,Female,North,Post-Graduate,Salaried,-0.05533871276945056,-0.3780937324091038,Other,0.45342833465179816,-1.3034188412596384,0.354954438373363,-1.4813352172988945,2019-06-26,1,Khora ,Meghalaya,NRI,True,4,24329.195000000003,217914.33166666667,6.52,4.820833333333334,6.12,0,2019,6,26,2,2618,3.0,0,1.0,0.0,0.0,0.0,0.0,0.0,1.0,Very Low,Low,0,2,0,1.0746336672275967,20.0,4.013902731341422
CUST00150,-0.8159781287028683,Male,South,Post-Graduate,Salaried,-0.13365270615086963,-0.3547394856582393,Business,-1.8254999544848507,1.5898527264643094,0.8569102098104421,0.3164291839736266,2025-06-12,1,Faridabad,Himachal Pradesh,NRI,True,5,30582.301666666666,301536.685,6.52,4.820833333333334,6.12,0,2025,6,12,3,440,3.0,1,0.0,1.0,0.0,0.0,0.0,0.0,0.0,Very Low,High,0,2,1,1.2212327047880722,24.666666666666668,33.199293405559146
CUST00151,1.5886252510082715,Female,West,Graduate,Salaried,0.8238400073691627,0.45767618036853114,Business,0.2511886242681881,-0.4354373709424541,-0.613103120826718,-1.24353804803889,2024-04-03,1,Etawah,Sikkim,Current,False,4,28794.66,254002.04666666666,6.52,4.820833333333334,6.12,0,2024,4,3,2,875,2.0,0,0.0,0.0,1.0,0.0,0.0,0.0,0.0,Low,Medium,0,1,3,0.9923892274902499,11.0,7.874365916152397
CUST00152,0.7594516717975337,Male,North,Post-Graduate,Salaried,-0.2757209515509896,5.3482792898728,Other,1.806147697216861,-0.4354373709424541,-0.21870930041187023,-1.0936971367127903,2023-12-04,1,Coimbatore,Punjab,Current,True,4,24441.97,287041.32166666666,6.52,4.820833333333334,6.12,0,2023,12,4,0,996,3.0,1,1.0,0.0,0.0,0.0,0.0,0.0,1.0,Very Low,Medium,1,1,3,10.910371974176597,14.666666666666666,10.3069235599335
CUST00153,-1.6451517079136062,Female,North,Graduate,Self-Employed,-0.4594504310567484,-0.12174368659068298,Car,1.2872549978246095,0.721871256147125,-0.7206650718489492,0.8693776215099853,2019-12-29,1,Singrauli,Nagaland,NRI,False,4,28351.225000000002,289036.765,6.52,4.820833333333334,6.12,1,2019,12,29,6,2432,2.0,0,1.0,0.0,0.0,1.0,0.0,0.0,0.0,Very Low,High,1,1,3,1.808557309012449,10.0,42.176007017628585
CUST00154,-0.48430869701857315,Male,South,Graduate,Self-Employed,-0.09428175282297852,0.383713338664193,Home,-0.6536062509471866,1.3005255696919145,-1.312255802471221,0.01696881421500019,2021-01-24,1,Jehanabad,Kerala,Savings,False,3,36516.24333333333,324182.12000000005,6.52,4.820833333333334,6.12,0,2021,1,24,6,2040,2.0,1,0.0,1.0,0.0,0.0,0.0,1.0,0.0,Very Low,High,0,0,2,2.0871249981340685,4.5,28.337773243815583
CUST00155,-1.72806906583468,Male,West,Graduate,Salaried,1.186515458858282,4.729795801649449,Business,0.5105410734018477,0.4325440993747302,-1.4198177534934522,0.42918113928255563,2017-01-27,1,Tiruppur,Arunachal Pradesh,Current,True,6,29601.204999999998,262118.00666666668,6.52,4.820833333333334,6.12,0,2017,1,27,4,3498,2.0,1,0.0,0.0,1.0,0.0,0.0,0.0,0.0,Low,High,0,0,2,2.828904342360833,3.5,35.02973896485699
CUST00156,-1.4793169920714586,Female,North,Graduate,Salaried,-0.5427424647605642,6.216083252814687,Home,0.3072692194636849,1.5898527264643094,1.2513040302252898,-1.2966333022856027,2026-07-12,1,Kolkata,Gujarat,NRI,False,4,25208.795,292426.7683333333,6.52,4.820833333333334,6.12,0,2026,7,12,6,45,2.0,0,1.0,0.0,0.0,0.0,0.0,1.0,0.0,Very Low,High,0,3,1,28.746322286352676,28.333333333333332,7.012403282427777
CUST00157,-1.72806906583468,Female,East,Secondary,Salaried,-0.3898212541875728,1.120375164413169,Education,1.531728477219054,1.5898527264643094,1.1078880955289816,-0.22443789404047207,2021-12-17,1,Khammam,Tripura,Current,False,3,21335.756666666668,299427.13,6.52,4.820833333333334,6.12,0,2021,12,17,4,1713,1.0,0,0.0,0.0,0.0,0.0,1.0,0.0,0.0,Very Low,High,1,3,1,4.901986012357448,27.0,24.4187118324172
CUST00158,1.091121103481829,Male,West,Post-Graduate,Salaried,-0.10933371773279925,0.31096255473046236,Business,-2.6371911983127894,0.14321694260233545,1.6098438669660606,0.9499217519857666,2017-05-01,1,Bhusawal,Odisha,Savings,True,3,21321.06166666667,264308.045,6.52,4.820833333333334,6.12,0,2017,5,1,0,3404,3.0,1,0.0,0.0,1.0,0.0,0.0,0.0,0.0,Very Low,High,0,3,1,2.0355855381057877,31.666666666666668,43.48358208852604
CUST00159,-0.7330607707817945,Female,North,Post-Graduate,Salaried,-0.29425345730935015,-0.12156828309415643,Education,1.158234268515034,1.5898527264643094,-0.32627125143410146,2.504208902245801,2018-02-08,0,Muzaffarpur,Manipur,Current,True,6,28398.145,226963.16166666665,6.52,4.820833333333334,6.12,0,2018,2,8,3,3121,3.0,0,1.0,0.0,0.0,0.0,1.0,0.0,0.0,Very Low,High,1,1,3,1.963638208125227,13.666666666666666,68.71629760349924
CUST00160,1.6715426089293453,Male,East,Primary,Self-Employed,-0.5364764295111203,-0.3810983867326922,Car,-0.2878529933339958,-1.0140916844872436,-1.3301827943082596,-0.10328322403250514,2026-07-16,0,Gurgaon,Odisha,Savings,True,5,26937.755,214608.6416666667,6.52,4.820833333333334,6.12,0,2026,7,16,3,41,0.0,1,0.0,0.0,0.0,1.0,0.0,0.0,0.0,Very Low,Low,0,0,2,2.6570147793781778,4.333333333333333,26.38556932146614
CUST00161,0.7594516717975337,Male,South,Post-Graduate,Self-Employed,0.2869340707335762,-0.5359673208672467,Business,-0.7862067006639166,1.0111984129195197,0.2115385036770547,-0.8413198303096452,2022-08-17,1,Katni,Mizoram,NRI,False,5,28094.940000000002,274713.54333333333,6.52,4.820833333333334,6.12,0,2022,8,17,2,1470,3.0,1,0.0,1.0,0.0,0.0,0.0,0.0,0.0,Very Low,High,0,2,0,0.6217115611220685,18.666666666666668,14.404084611442151
CUST00162,-0.152639265334278,Male,East,Secondary,Self-Employed,1.4951956825907098,-0.6652211751496854,Education,-0.8161397840313486,-0.7247645277148489,-1.4198177534934522,0.5273884431613454,2023-08-05,0,Kulti,Jharkhand,Savings,False,4,31040.013333333332,217077.33,6.52,4.820833333333334,6.12,0,2023,8,5,5,1117,1.0,1,0.0,0.0,0.0,0.0,1.0,0.0,0.0,Low,Medium,0,0,2,0.25004361586460655,3.5,36.62406274206344
CUST00163,-1.2305649183082372,Male,East,Secondary,Salaried,-0.2024567876406302,0.8537171782950774,Education,-1.3693802639637502,-0.14611021417005934,-1.4556717371675294,-0.6942763058663871,2024-07-17,1,Kottayam,Gujarat,Savings,True,3,22259.825,231175.66666666666,6.52,4.820833333333334,6.12,0,2024,7,17,2,770,1.0,1,0.0,0.0,0.0,0.0,1.0,0.0,0.0,Very Low,Medium,0,0,2,3.117789007426652,3.1666666666666665,16.79122872440416
CUST00164,1.5057078930871979,Male,East,Graduate,Self-Employed,-0.5208609081085049,0.6566815529181524,Car,-0.6509508915804317,-1.0140916844872436,0.31910045469928594,-0.611832866447467,2025-11-18,0,Jamalpur,West Bengal,Current,False,4,27592.25333333333,327091.78833333333,6.52,4.820833333333334,6.12,0,2025,11,18,1,281,2.0,1,0.0,0.0,0.0,1.0,0.0,0.0,0.0,Very Low,Low,0,2,0,5.4748182066380195,19.666666666666668,18.12963768737185
CUST00165,0.9252863876396813,Male,North,Secondary,Salaried,-0.6301251740763987,-0.5552495152052032,Home,-1.1387284572015295,1.3005255696919145,-0.8640810065452575,1.3895578275298535,2017-01-20,1,Barasat,Punjab,Savings,False,4,25335.26,248464.92500000002,6.52,4.820833333333334,6.12,0,2017,1,20,4,3505,1.0,1,1.0,0.0,0.0,0.0,0.0,1.0,0.0,Very Low,High,0,1,2,3.006550528524357,8.666666666666666,50.62075234851777
CUST00166,0.0,Male,West,Post-Graduate,Unemployed,-0.17754658581397612,-0.09071033509397369,Home,0.18119269607996305,0.721871256147125,1.1437420792030586,-1.1702196901375237,2025-04-23,0,Dewas,Maharashtra,NRI,False,3,25128.076666666664,255437.46333333335,6.52,4.820833333333334,6.12,0,2025,4,23,2,490,3.0,1,0.0,0.0,1.0,0.0,0.0,1.0,0.0,Very Low,High,0,3,1,1.6720480176122698,27.333333333333332,9.06463585220678
CUST00167,-0.152639265334278,Female,South,Post-Graduate,Self-Employed,0.2746121695283115,-0.21755814492542938,Business,0.6104146326123053,0.4325440993747302,0.3011734628622474,-0.6619096282225502,2017-05-04,1,Alwar,Kerala,NRI,True,2,27617.01,205055.20833333334,6.52,4.820833333333334,6.12,0,2017,5,4,3,3401,3.0,0,0.0,1.0,0.0,0.0,0.0,0.0,0.0,Very Low,High,0,2,0,0.898823691207942,19.5,17.31667807204571
CUST00168,0.8423690297186075,Male,North,Graduate,Salaried,-0.08236413579254546,0.5340917097730057,Car,-0.276387815852325,-0.14611021417005934,1.287158013899367,-0.2250034080504965,2024-10-07,1,Bhubaneswar,Kerala,NRI,False,3,29507.553333333333,354376.67333333334,6.52,4.820833333333334,6.12,0,2024,10,7,0,688,2.0,1,1.0,0.0,0.0,1.0,0.0,0.0,0.0,Very Low,Medium,0,3,1,2.241397299002418,28.666666666666668,24.40953112592272
CUST00169,0.0,Female,North,Primary,Self-Employed,-0.2764549808779417,-0.06366776184972266,Business,1.5635032924630716,-0.7247645277148489,0.01434159346963078,-0.842808289743691,2024-08-13,1,Ramagundam,Goa,NRI,True,5,27001.028333333332,243451.56500000003,6.52,4.820833333333334,6.12,0,2024,8,13,1,743,0.0,0,1.0,0.0,0.0,0.0,0.0,0.0,0.0,Very Low,Medium,1,2,0,1.9993712558078927,16.833333333333332,14.379920560771994
CUST00170,1.008203745560755,Male,East,Secondary,Salaried,-0.4500668433456938,-0.2862279589973913,Home,-0.5821267820609695,0.14321694260233545,1.591916875129022,-0.4972266361141486,2018-09-17,1,Pali,Bihar,Savings,False,4,25199.01166666667,217085.50833333333,6.52,4.820833333333334,6.12,0,2018,9,17,0,2900,1.0,1,0.0,0.0,0.0,0.0,0.0,1.0,0.0,Very Low,High,0,3,1,2.321327416209223,31.5,19.9901860459942
CUST00171,-0.6501434128607207,Female,East,Graduate,Self-Employed,-0.557202917022771,-0.512422657988771,Car,-0.3311656300129801,1.3005255696919145,1.6098438669660606,-0.6586404998784708,2021-05-26,1,Malegaon,Meghalaya,Savings,True,5,29128.215,259607.11166666666,6.52,4.820833333333334,6.12,0,2021,5,26,2,1918,2.0,0,0.0,0.0,0.0,1.0,0.0,0.0,0.0,Very Low,High,0,3,1,2.421617901158368,31.666666666666668,17.369749980588665
CUST00172,-1.4793169920714586,Male,North,Post-Graduate,Salaried,0.10521961460342473,-0.08882358004538388,Other,-0.5030534855680462,-1.0140916844872436,-0.09322035755260046,0.8513747867265865,2019-09-23,1,Anantapuram,Goa,NRI,True,1,21433.531666666666,263936.1583333333,6.52,4.820833333333334,6.12,0,2019,9,23,0,2529,3.0,1,1.0,0.0,0.0,0.0,0.0,0.0,1.0,Very Low,Low,0,1,3,1.1848035589410806,15.833333333333334,41.88374415714198
CUST00173,0.5936169559553861,Male,East,Graduate,Salaried,0.15215254475694762,-0.43484431963080883,Car,0.6195090754636411,1.0111984129195197,-1.4377447453304908,1.959777639204934,2019-11-28,1,Jodhpur,Uttar Pradesh,Current,False,5,33555.66333333333,291046.125,6.52,4.820833333333334,6.12,0,2019,11,28,3,2463,2.0,1,0.0,0.0,0.0,1.0,0.0,0.0,0.0,Very Low,High,0,0,2,0.8006269962160617,3.3333333333333335,59.87785409229255
CUST00174,-0.567226054939647,Male,North,Secondary,Self-Employed,-0.629676443188924,-0.1580668186597987,Car,0.7252688443115516,0.4325440993747302,1.0720341118549046,-0.19872874858095183,2023-11-10,0,Bhind,Maharashtra,NRI,True,2,27055.656666666666,278241.63166666665,6.52,4.820833333333334,6.12,0,2023,11,10,4,1020,1.0,1,1.0,0.0,0.0,1.0,0.0,0.0,0.0,Very Low,High,1,3,1,4.654128782196593,26.666666666666668,24.836081012497345
CUST00175,-0.40139133909749936,Male,East,Graduate,Salaried,-0.12853150506627428,-0.31218819030238715,Other,0.5113425980626768,-1.5927459980320333,0.03226858530666932,-0.5017150740718798,2019-10-06,1,Dibrugarh,Haryana,NRI,False,2,19509.101666666666,159964.245,6.52,4.820833333333334,6.12,1,2019,10,6,6,2516,2.0,1,0.0,0.0,0.0,0.0,0.0,0.0,1.0,Very Low,None,0,2,0,1.5101807188777419,17.0,19.917319537334528
CUST00176,-0.23555662325535176,Male,North,Graduate,Self-Employed,-0.03473583768259069,-0.4450074754476562,Education,-0.1376181319768533,-1.0140916844872436,0.26531947918817034,-0.6108111550702564,2018-07-13,1,Mysore,Jharkhand,Savings,False,3,26954.771666666667,241665.31166666665,6.52,4.820833333333334,6.12,0,2018,7,13,4,2966,2.0,1,1.0,0.0,0.0,0.0,1.0,0.0,0.0,Very Low,Low,0,2,0,0.9697704831582311,19.166666666666668,18.14622442458785
CUST00177,1.3398731772450503,Female,East,Graduate,Salaried,0.49516146230189456,-0.6604854354853557,Education,-1.4120347931040123,1.3005255696919145,-1.7066496228860688,-1.0542356772541164,2019-06-17,1,Deoghar,Sikkim,NRI,False,5,21410.295000000002,231201.16666666666,6.52,4.820833333333334,6.12,0,2019,6,17,0,2627,2.0,0,0.0,0.0,0.0,0.0,1.0,0.0,0.0,Very Low,High,0,0,2,0.4377393888893871,0.8333333333333334,10.947551503206263
CUST00178,-1.0647302024660896,Female,South,Secondary,Self-Employed,-0.599568288217452,0.018659467217228904,Education,-0.3422472772882619,-0.4354373709424541,-0.9895699494045274,0.46897087070929205,2025-05-10,1,Panvel,Gujarat,Current,True,5,30675.335000000003,279308.02499999997,6.52,4.820833333333334,6.12,0,2025,5,10,5,473,1.0,0,0.0,1.0,0.0,0.0,1.0,0.0,0.0,Very Low,Medium,0,0,2,4.770025312583732,7.5,35.67569616352524
CUST00179,0.4277822401132385,Female,West,Graduate,Self-Employed,-0.6032645078701002,-0.2533300155338853,Home,1.5408924901007959,-0.4354373709424541,-0.8640810065452575,1.9693298277726987,2022-06-16,1,Jhansi,Arunachal Pradesh,Savings,False,3,23562.298333333336,260316.5166666667,6.52,4.820833333333334,6.12,0,2022,6,16,3,1532,2.0,0,0.0,0.0,1.0,0.0,0.0,1.0,0.0,Very Low,Medium,1,1,2,3.8219343754206205,8.666666666666666,60.03292688989978
CUST00180,-0.567226054939647,Male,North,Graduate,Salaried,-0.32569697361846905,1.1710741705188552,Car,1.0538627201789992,1.0111984129195197,1.1258150873660202,0.029157091140396225,2017-04-18,0,Srinagar,Mizoram,Current,True,4,22781.556666666667,202387.68666666668,6.52,4.820833333333334,6.12,0,2017,4,18,1,3417,2.0,1,1.0,0.0,0.0,1.0,0.0,0.0,0.0,Very Low,High,1,3,1,4.406500937976052,27.166666666666668,28.5356410086136
CUST00181,1.2569558193239765,Male,South,Post-Graduate,Salaried,-0.06934811009020396,-0.6785610086680128,Other,0.30044404507357303,-1.3034188412596384,1.2154500465512128,0.5140523924155992,2018-04-10,1,Proddatur,Andhra Pradesh,Savings,False,6,38000.64333333333,362554.36000000004,6.52,4.820833333333334,6.12,0,2018,4,10,1,3060,3.0,1,0.0,1.0,0.0,0.0,0.0,0.0,1.0,Very Low,Low,0,3,1,0.7277115241670475,28.0,36.40756170845175
CUST00182,0.5106995980343123,Male,North,Secondary,Salaried,0.8597824088861278,0.09261996947511557,Home,-0.4103531064032976,1.0111984129195197,0.2115385036770547,0.8337097776170749,2023-04-03,1,Mysore,Gujarat,Savings,False,4,32427.861666666668,236242.63166666668,6.52,4.820833333333334,6.12,0,2023,4,3,0,1241,1.0,1,1.0,0.0,0.0,0.0,0.0,1.0,0.0,Low,High,0,2,0,0.7670748876504151,18.666666666666668,41.59696564948003
CUST00183,-1.4793169920714586,Male,West,Graduate,Salaried,6.695133380197381,-0.31540003548634166,Other,-0.021868951771085943,0.4325440993747302,1.1616690710400972,0.3280236305851497,2022-06-25,1,Sirsa,Madhya Pradesh,Savings,False,5,26814.556666666667,320655.23,6.52,4.820833333333334,6.12,0,2022,6,25,5,1523,2.0,1,0.0,0.0,1.0,0.0,0.0,0.0,1.0,Very High,High,0,3,1,0.10356494879820996,27.5,33.3875207693723
CUST00184,-0.06972190741320419,Male,West,Post-Graduate,Salaried,-0.35498640499639517,1.5847023183828903,Home,-0.40569358541592254,-0.4354373709424541,1.1616690710400972,1.0579211765366512,2025-09-09,0,Bhavnagar,Tamil Nadu,NRI,False,6,29017.375,164080.5483333333,6.52,4.820833333333334,6.12,0,2025,9,9,1,351,3.0,1,0.0,0.0,1.0,0.0,0.0,1.0,0.0,Very Low,Medium,0,3,1,5.449240533965187,27.5,45.2368737856345
CUST00185,1.008203745560755,Male,South,Secondary,Self-Employed,0.12093833494052836,0.04136986995613521,Home,0.029615718718357983,0.14321694260233545,0.12190354449186201,0.8335133560034029,2020-10-11,1,Bhilwara,Meghalaya,NRI,True,2,32589.37166666667,226411.09833333336,6.52,4.820833333333334,6.12,1,2020,10,11,6,2145,1.0,1,0.0,1.0,0.0,0.0,0.0,1.0,0.0,Very Low,High,0,2,0,2.0641134729270565,17.833333333333332,41.59377688818972
CUST00186,-0.23555662325535176,Male,East,Post-Graduate,Unemployed,0.3639143325452762,-0.09838938090558391,Home,-0.8865016063093846,0.14321694260233545,0.5700783404178255,-1.3090778095342113,2026-05-18,0,New Delhi,Jharkhand,Savings,True,3,29939.273333333334,258791.155,6.52,4.820833333333334,6.12,0,2026,5,18,0,100,3.0,1,0.0,0.0,0.0,0.0,0.0,1.0,0.0,Very Low,High,0,2,0,0.9271305472281148,22.0,6.810375805667366
CUST00187,1.2569558193239765,Male,West,Graduate,Self-Employed,0.7748702960438648,-0.3141772449363921,Other,0.3175818974221341,-0.4354373709424541,0.9823991526697118,0.20238897611688061,2023-08-14,1,Raichur,Madhya Pradesh,NRI,True,5,28299.655,299137.94,6.52,4.820833333333334,6.12,1,2023,8,14,0,1108,2.0,1,0.0,0.0,1.0,0.0,0.0,0.0,1.0,Very Low,Medium,0,3,1,1.5070643919283202,25.833333333333332,31.347934008013933
CUST00188,-1.4793169920714586,Male,East,Primary,Self-Employed,0.694846262501978,-0.5716419450813448,Business,-0.561993314678239,0.4325440993747302,1.6456978506401378,-0.12306491507921444,2023-09-07,1,Patiala,Meghalaya,NRI,True,2,22314.88666666667,205723.47,6.52,4.820833333333334,6.12,0,2023,9,7,3,1084,0.0,1,0.0,0.0,0.0,0.0,0.0,0.0,0.0,Very Low,High,0,3,1,0.4366403269487561,32.0,26.064428030101027
CUST00189,1.2569558193239765,Female,East,Secondary,Self-Employed,-0.3675004625575048,-0.10619264138390756,Home,1.3761967411496108,0.721871256147125,-1.1867668596119512,-0.947758882244994,2020-04-25,1,Ambala,Karnataka,Current,True,4,21666.38,185344.14333333334,6.52,4.820833333333334,6.12,0,2020,4,25,5,2314,1.0,0,0.0,0.0,0.0,0.0,0.0,1.0,0.0,Very Low,High,1,0,2,2.2848838038148784,5.666666666666667,12.676124422928217
CUST00190,0.8423690297186075,Female,North,Graduate,Self-Employed,0.6598690983451801,-0.7744794385981433,Education,0.4394869123130291,-0.7247645277148489,-0.9178619820563731,-0.8680396761073155,2019-08-14,0,Sonipat,Odisha,Current,True,5,20000.266666666666,170071.83833333335,6.52,4.820833333333334,6.12,0,2019,8,14,2,2569,2.0,0,1.0,0.0,0.0,0.0,1.0,0.0,0.0,Very Low,Medium,0,0,2,0.3180634305825699,8.166666666666666,13.970307450314769
CUST00191,0.0,Male,North,Primary,Salaried,0.018945036038111575,-0.7628039526656242,Car,-0.7926582855511761,-0.7247645277148489,-0.29041726776002436,0.20495159376467073,2019-04-09,0,Kamarhati,Tripura,Savings,False,3,25657.684999999998,291492.5616666667,6.52,4.820833333333334,6.12,0,2019,4,9,1,2696,0.0,1,1.0,0.0,0.0,1.0,0.0,0.0,0.0,Very Low,Medium,0,1,3,0.5624193353975823,14.0,31.389536231946312
CUST00192,1.5886252510082715,Female,West,Graduate,Unemployed,-0.32183453157312436,0.38494140825294515,Business,-0.331637039355902,0.4325440993747302,-1.0254239330786044,-0.5955537626956309,2022-09-05,0,Jalgaon,Sikkim,Current,True,4,22190.274999999998,294948.98500000004,6.52,4.820833333333334,6.12,0,2022,9,5,0,1451,2.0,0,0.0,0.0,1.0,0.0,0.0,0.0,0.0,Very Low,High,0,0,2,2.9695354136615344,7.166666666666667,18.39391703481424
CUST00193,-0.48430869701857315,Other,West,Secondary,Self-Employed,-0.43245539670136246,-0.8612414789782986,Business,0.7379103064172383,-1.5927459980320333,-0.9178619820563731,-0.19098009781395128,2017-05-12,1,Bhiwani,Odisha,Current,True,1,21782.065,293626.085,6.52,4.820833333333334,6.12,0,2017,5,12,4,3393,1.0,2,0.0,0.0,1.0,0.0,0.0,0.0,0.0,Very Low,None,1,0,2,0.9329178973180304,8.166666666666666,24.96187469251065
CUST00194,-0.6501434128607207,Male,East,Graduate,Salaried,-0.38396940166671445,-0.4227242419090953,Other,-0.5305028120383505,-0.7247645277148489,-0.32627125143410146,0.873783643475038,2018-08-04,0,Gorakhpur,Assam,NRI,True,4,21099.995,194762.61666666667,6.52,4.820833333333334,6.12,0,2018,8,4,5,2944,2.0,1,0.0,0.0,0.0,0.0,0.0,0.0,1.0,Very Low,Medium,0,1,3,1.7241695565210968,13.666666666666666,42.24753556290305
CUST00195,-1.72806906583468,Male,South,Primary,Salaried,-0.10395814802912408,-0.6835537913383238,Business,0.015587840768092387,-0.14611021417005934,-0.2724902759229858,-1.1379819926803691,2023-06-02,1,Mathura,Manipur,NRI,True,4,33731.895,279022.235,6.52,4.820833333333334,6.12,0,2023,6,2,4,1181,0.0,1,0.0,1.0,0.0,0.0,0.0,0.0,0.0,Very Low,Medium,0,1,3,0.7546048113882373,14.166666666666666,9.58799130081746
CUST00196,0.8423690297186075,Male,South,Post-Graduate,Salaried,-0.24785515201813763,-0.45737200316046606,Other,-0.544961060591705,-0.7247645277148489,0.7852022424622879,-0.23774236170005345,2026-01-03,1,Ratlam,Tamil Nadu,Current,False,3,34896.28166666667,275805.5833333333,6.52,4.820833333333334,6.12,0,2026,1,3,5,235,3.0,1,0.0,1.0,0.0,0.0,0.0,0.0,1.0,Very Low,Medium,0,2,0,1.287189403303166,24.0,24.20272352711839
CUST00197,-0.06972190741320419,Female,East,Post-Graduate,Salaried,-0.45118570637663075,-0.1780878576691369,Other,1.8352436141738113,-0.14611021417005934,-0.05736637387852337,-0.8062886511594617,2025-03-02,0,Navi Mumbai,Himachal Pradesh,NRI,True,1,35096.46666666667,267537.9416666667,6.52,4.820833333333334,6.12,0,2025,3,2,6,542,3.0,0,0.0,0.0,0.0,0.0,0.0,0.0,1.0,Very Low,Medium,1,1,3,2.5819502653342754,16.166666666666668,14.97279019297048
CUST00198,-1.4793169920714586,Female,West,Post-Graduate,Self-Employed,-0.5044564987481452,0.3619447008497658,Education,2.0153828930109206,-0.4354373709424541,-1.1509128759378742,0.8976776389476477,2023-02-15,1,Loni,Madhya Pradesh,Savings,True,3,26304.281666666666,184421.07499999998,6.52,4.820833333333334,6.12,1,2023,2,15,2,1288,3.0,0,0.0,0.0,1.0,0.0,1.0,0.0,0.0,Very Low,Medium,1,0,2,2.566370156952185,6.0,42.63543711003709
CUST00199,-1.0647302024660896,Male,West,Graduate,Salaried,-0.2473319999551479,0.5644081947594314,Home,1.5251620240765953,0.721871256147125,1.5739898832919836,-0.6892675723034092,2024-12-30,1,Jorhat,Haryana,Savings,False,4,25969.045,269302.17833333334,6.52,4.820833333333334,6.12,0,2024,12,30,0,604,2.0,1,0.0,0.0,1.0,0.0,0.0,1.0,0.0,Very Low,High,1,3,1,2.8911689852352307,31.333333333333332,16.8725418518168
CUST00200,0.0,Male,West,Secondary,Salaried,-0.6980723466860341,-0.6437048791984017,Business,-0.1378960711966347,1.0111984129195197,-1.2943288106341826,1.202593636229455,2024-11-23,0,Amroha,Uttar Pradesh,Savings,True,4,35411.775,303395.0316666667,6.52,4.820833333333334,6.12,0,2024,11,23,5,641,1.0,1,0.0,0.0,1.0,0.0,0.0,0.0,0.0,Very Low,High,0,0,2,3.7349241625328613,4.666666666666667,47.585525395904334
CUST00201,-0.8159781287028683,Female,East,Graduate,Unemployed,-0.09026965439289396,-0.4829544884012658,Home,0.026581105115624653,0.721871256147125,0.354954438373363,0.358910694322328,2018-08-11,1,Jamalpur,Uttar Pradesh,NRI,False,2,31739.648333333334,275043.855,6.52,4.820833333333334,6.12,0,2018,8,11,5,2937,2.0,0,0.0,0.0,0.0,0.0,0.0,1.0,0.0,Very Low,High,0,2,0,0.9921415082189081,20.0,33.88894966701369
CUST00202,0.6765343138764599,Male,North,Primary,Salaried,2.392795122679139,6.216083252814687,Home,-0.823851722658145,-0.7247645277148489,-1.4915257208416064,0.6393083613864811,2024-11-01,1,Etawah,Uttarakhand,Current,True,5,22745.696666666667,325207.3416666667,6.52,4.820833333333334,6.12,0,2024,11,1,4,663,0.0,1,1.0,0.0,0.0,0.0,0.0,1.0,0.0,Medium,Medium,0,0,2,2.251329384830329,2.8333333333333335,38.441000787624354
CUST00203,0.6765343138764599,Male,North,Primary,Salaried,-0.5681646280603018,-0.3925225205819822,Home,1.6012147787091284,-0.7247645277148489,0.9286181771585962,0.9228404564477829,2021-09-15,1,Haldia,Karnataka,Current,True,3,34268.98333333333,217124.99666666667,6.52,4.820833333333334,6.12,0,2021,9,15,2,1806,0.0,1,1.0,0.0,0.0,0.0,0.0,1.0,0.0,Very Low,Medium,1,3,1,2.90656468212803,25.333333333333332,43.04393705512759
CUST00204,0.8423690297186075,Female,West,Secondary,Salaried,-0.6485516993353793,-0.6319798337095416,Other,0.9674211141834238,1.5898527264643094,-0.3083442595970629,-0.24214104116532775,2026-01-06,1,Srikakulam,Himachal Pradesh,NRI,True,4,30607.47,234257.7383333333,6.52,4.820833333333334,6.12,0,2026,1,6,1,232,1.0,0,0.0,0.0,1.0,0.0,0.0,0.0,1.0,Very Low,High,1,1,3,2.9190941059138353,13.833333333333334,24.13131418195958
CUST00205,1.1740384614029027,Female,East,Graduate,Self-Employed,-0.6617324901843908,-0.576093913100885,Home,1.0177447113679952,0.4325440993747302,-0.7206650718489492,-1.1976902772321891,2022-06-12,1,Fatehpur,Chhattisgarh,Current,True,2,30637.074999999997,189188.92166666666,6.52,4.820833333333334,6.12,0,2022,6,12,6,1536,2.0,0,0.0,0.0,0.0,0.0,0.0,1.0,0.0,Very Low,High,1,1,3,3.3817908180926834,10.0,8.618670955004212
CUST00206,-1.2305649183082372,Female,North,Graduate,Unemployed,-0.6016523997255316,-0.3899233285003731,Business,-0.269426038367606,1.0111984129195197,-0.774446047360065,-1.0665645465958888,2020-07-12,0,Sri Ganganagar,Odisha,Current,True,4,24952.446666666667,163980.87666666668,6.52,4.820833333333334,6.12,0,2020,7,12,6,2236,2.0,0,1.0,0.0,0.0,0.0,0.0,0.0,0.0,Very Low,High,0,1,3,3.2909480945718776,9.5,10.747401323318224
CUST00207,-0.40139133909749936,Female,North,Graduate,Salaried,-0.4785836050909413,-0.4533778678474167,Other,-1.849170448691054,-0.7247645277148489,-0.5055411698044868,1.015159859061894,2020-11-19,0,Coimbatore,Mizoram,Savings,False,3,25231.791666666668,271725.61,6.52,4.820833333333334,6.12,0,2020,11,19,3,2106,2.0,0,1.0,0.0,0.0,0.0,0.0,0.0,1.0,Very Low,Medium,0,1,3,2.073065421932012,12.0,44.54267506006086
CUST00208,-1.72806906583468,Female,East,Graduate,Self-Employed,1.0296836671894083,-0.3855839077224538,Business,-1.6082861202066232,-1.3034188412596384,1.5381358996179064,-0.758731533836906,2018-01-21,1,Gurgaon,Punjab,Current,False,5,27852.91,307469.20999999996,6.52,4.820833333333334,6.12,0,2018,1,21,6,3139,2.0,0,0.0,0.0,0.0,0.0,0.0,0.0,0.0,Low,Low,0,3,1,0.4542335971893651,31.0,15.744845222770792
CUST00209,-0.6501434128607207,Male,North,Secondary,Salaried,0.2438469966160756,-0.2855386729594247,Other,0.052774997343531,-1.3034188412596384,-1.1150588922637972,0.1687743265657446,2025-01-18,1,Allahabad,Karnataka,Savings,True,3,31045.591666666664,181373.84666666668,6.52,4.820833333333334,6.12,1,2025,1,18,5,585,1.0,1,1.0,0.0,0.0,0.0,0.0,0.0,1.0,Very Low,Low,0,0,2,1.5519335232829876,6.333333333333333,30.80222474887386
CUST00210,1.3398731772450503,Female,North,Post-Graduate,Unemployed,-0.20968412398474387,-0.2889903160641104,Car,-0.5551542710052499,-1.5927459980320333,-1.2226208432860284,1.4013665160128899,2019-06-19,0,Siwan,Jharkhand,Savings,True,3,20680.61333333333,234958.405,6.52,4.820833333333334,6.12,0,2019,6,19,2,2625,3.0,0,1.0,0.0,0.0,1.0,0.0,0.0,0.0,Very Low,None,0,0,2,1.461023035813298,5.333333333333333,50.81245777247855
CUST00211,0.34486488219216477,Male,East,Graduate,Self-Employed,-0.11650312765607791,-0.6551515582798075,Car,-0.6756562537370494,-0.4354373709424541,-0.8282270228711806,-0.3394716833186783,2021-07-27,1,Thoothukudi,Haryana,Current,False,4,32470.455,139831.185,6.52,4.820833333333334,6.12,0,2021,7,27,1,1856,2.0,1,0.0,0.0,0.0,1.0,0.0,0.0,0.0,Very Low,Medium,0,1,2,0.8040932396443246,9.0,22.551222366921237
CUST00212,0.4277822401132385,Female,East,Graduate,Salaried,-0.22768576247692435,-0.07180609339898711,Car,0.3539741337621626,-0.14611021417005934,0.6059323240919026,-0.3862489265694509,2025-10-28,1,Bongaigaon,Nagaland,Current,True,6,26433.930000000004,377556.8133333333,6.52,4.820833333333334,6.12,0,2025,10,28,1,302,2.0,0,0.0,0.0,0.0,1.0,0.0,0.0,0.0,Very Low,Medium,0,2,0,1.8331156037060783,22.333333333333332,21.791828022495256
CUST00213,-0.48430869701857315,Male,East,Secondary,Salaried,-0.3022069426697228,-0.21240092064452026,Car,1.0543047458072683,0.721871256147125,0.26531947918817034,0.28839724140455153,2017-04-03,0,Siwan,Madhya Pradesh,Current,False,6,20928.393333333333,232315.45666666667,6.52,4.820833333333334,6.12,0,2017,4,3,0,3432,1.0,1,0.0,0.0,0.0,1.0,0.0,0.0,0.0,Very Low,High,1,2,0,1.834879734406341,19.166666666666668,32.74421531264742
CUST00214,-1.2305649183082372,Female,North,Graduate,Unemployed,-0.57545498177411,0.0073069456254147725,Other,-0.7422056657493691,-0.4354373709424541,-0.03943938204148483,-0.6534680299680913,2020-12-15,0,Rajkot,Uttarakhand,NRI,False,5,21656.743333333332,177173.47333333336,6.52,4.820833333333334,6.12,0,2020,12,15,1,2080,2.0,0,1.0,0.0,0.0,0.0,0.0,0.0,1.0,Very Low,Medium,0,2,3,4.329475230252825,16.333333333333332,17.45372124789055
CUST00215,0.8423690297186075,Male,East,Graduate,Self-Employed,-0.18780419187938607,-0.8512347748100676,Home,-1.3753550968217867,-0.14611021417005934,1.0361801281808274,1.9859440740346364,2024-06-01,1,Giridih,Maharashtra,NRI,False,3,31189.393333333337,299706.8516666667,6.52,4.820833333333334,6.12,1,2024,6,1,5,816,2.0,1,0.0,0.0,0.0,0.0,0.0,1.0,0.0,Very Low,Medium,0,3,1,0.6656360947249723,26.333333333333332,60.30264703096447
CUST00216,0.26194752427109097,Male,North,Secondary,Salaried,0.8710090618426285,-0.1931909288678621,Education,-0.7173190628121323,-0.14611021417005934,1.4843549241067908,-1.1429167447729631,2023-07-02,1,Junagadh,Uttar Pradesh,Savings,True,5,27303.081666666665,142982.38333333333,6.52,4.820833333333334,6.12,0,2023,7,2,6,1151,1.0,1,1.0,0.0,0.0,0.0,1.0,0.0,0.0,Low,Medium,0,3,1,0.6029630930744116,30.5,9.507879208487218
CUST00217,0.7594516717975337,Male,South,Primary,Self-Employed,-0.6479524820493701,-0.9050991244965577,Education,-1.101255815919248,-1.0140916844872436,-0.8820079983822962,1.9138696231162484,2023-11-15,0,Karnal,Sikkim,Current,True,3,20014.521666666667,252783.9816666667,6.52,4.820833333333334,6.12,0,2023,11,15,2,1015,0.0,1,0.0,1.0,0.0,0.0,1.0,0.0,0.0,Very Low,Low,0,1,2,1.67660221939775,8.5,59.13257101533421
CUST00218,-0.48430869701857315,Male,East,Graduate,Salaried,-0.5445096980367274,-0.3590147356130829,Car,0.6134474088140888,1.5898527264643094,-1.2584748269601054,-1.1850999482262141,2016-09-11,1,Ludhiana,Kerala,NRI,False,4,24414.821666666667,223945.14666666664,6.52,4.820833333333334,6.12,0,2016,9,11,6,3636,2.0,1,0.0,0.0,0.0,1.0,0.0,0.0,0.0,Very Low,High,0,0,2,2.7915946206791893,5.0,8.823065741382349
CUST00219,1.5886252510082715,Female,East,Graduate,Self-Employed,-0.3661430757610099,0.11513925675287896,Home,-0.01190659412537206,-0.7247645277148489,-0.21870930041187023,2.6250473082952688,2023-08-22,0,Salem,Telangana,Savings,True,3,18457.833333333332,314028.21,6.52,4.820833333333334,6.12,0,2023,8,22,1,1100,2.0,0,0.0,0.0,0.0,0.0,0.0,1.0,0.0,Very Low,Medium,0,1,3,2.7097120373885826,14.666666666666666,70.67802077840867
CUST00220,-0.6501434128607207,Female,West,Secondary,Salaried,-0.5329944844458184,0.41286347769456383,Business,1.9623926439816906,-1.5927459980320333,0.17568452000297763,-1.1287628759452806,2023-02-19,1,Nellore,Manipur,NRI,False,4,23785.748333333333,199995.86,6.52,4.820833333333334,6.12,0,2023,2,19,6,1284,1.0,0,0.0,0.0,1.0,0.0,0.0,0.0,0.0,Very Low,None,1,2,0,4.96093476303426,18.333333333333332,9.737656920736468
CUST00221,0.0,Male,East,Post-Graduate,Self-Employed,-0.0678349127679008,-0.09262136331317912,Home,0.7620516695696434,-0.7247645277148489,-0.07529336571556192,0.5805428118588805,2019-02-01,1,Bathinda,Odisha,Current,False,3,19787.221666666668,160153.38833333334,6.52,4.820833333333334,6.12,0,2019,2,1,4,2763,3.0,1,0.0,0.0,0.0,0.0,0.0,1.0,0.0,Very Low,Medium,1,1,3,1.438560876089046,16.0,37.48698505567744
CUST00222,0.6765343138764599,Male,East,Secondary,Salaried,-0.48297988027523997,0.12733395438398687,Business,1.8925880158922563,-1.5927459980320333,0.42666240572151715,-0.5691817187207047,2018-09-19,1,Ratlam,Rajasthan,Current,True,4,27505.778333333335,219320.17333333334,6.52,4.820833333333334,6.12,0,2018,9,19,2,2898,1.0,1,0.0,0.0,0.0,0.0,0.0,0.0,0.0,Very Low,None,1,2,0,3.5774240697533934,20.666666666666668,18.822047887634035
CUST00223,-1.2305649183082372,Male,North,Graduate,Salaried,6.695133380197381,-0.41390269415581415,Education,-1.4782979247425434,-0.4354373709424541,-0.38005222694521706,-0.8207300811625314,2019-05-28,1,Bettiah,Manipur,Current,True,5,35749.863333333335,191088.775,6.52,4.820833333333334,6.12,0,2019,5,28,1,2647,2.0,1,1.0,0.0,0.0,0.0,1.0,0.0,0.0,Very High,Medium,0,1,3,0.038730747279015244,13.166666666666666,14.738344135280371
CUST00224,-0.8159781287028683,Male,South,Post-Graduate,Salaried,0.33525048699346777,-0.4999047732343698,Home,-3.4152874705262244,1.3005255696919145,0.46251638939559425,0.9179345468197927,2017-07-01,1,Ballia,Manipur,Current,True,5,32227.540000000005,254797.5,6.52,4.820833333333334,6.12,0,2017,7,1,5,3343,3.0,1,0.0,1.0,0.0,0.0,0.0,1.0,0.0,Very Low,High,0,2,0,0.625678886443905,21.0,42.964293199122906
CUST00225,-1.5622343499925324,Male,South,Graduate,Salaried,-0.19592386899188308,2.5720829129397975,Home,0.24695545043613065,1.3005255696919145,1.6636248424771762,-1.1916151538653428,2021-12-16,0,Bhilai,Telangana,NRI,False,6,30481.09833333333,116259.815,6.52,4.820833333333334,6.12,0,2021,12,16,3,1714,2.0,1,0.0,1.0,0.0,0.0,0.0,1.0,0.0,Very Low,High,0,3,1,5.577974657298053,32.166666666666664,8.717296141224375
CUST00226,0.4277822401132385,Female,North,Graduate,Salaried,0.22339361093826623,0.23797744300440887,Education,0.12148288233480253,0.4325440993747302,0.9823991526697118,1.2451155745715954,2021-09-30,0,Karaikudi,Karnataka,Savings,True,4,35150.90833333333,153716.74666666667,6.52,4.820833333333334,6.12,0,2021,9,30,3,1791,2.0,0,1.0,0.0,0.0,0.0,1.0,0.0,0.0,Very Low,High,0,3,1,1.3463307481371825,25.833333333333332,48.27583797627467
CUST00227,-0.23555662325535176,Male,West,Secondary,Salaried,0.2759919429642244,-0.7191356134796695,Home,-0.1362319103301567,0.4325440993747302,1.2333770383882514,0.9399168349059183,2021-09-03,1,Tezpur,Madhya Pradesh,Current,False,2,32520.850000000002,223106.215,6.52,4.820833333333334,6.12,0,2021,9,3,4,1818,1.0,1,0.0,0.0,1.0,0.0,0.0,1.0,0.0,Very Low,High,0,3,1,0.47234888770409045,28.166666666666668,43.32115957452374
CUST00228,1.754459966850419,Male,South,Secondary,Salaried,-0.4437692521793237,-0.855506286774063,Business,0.09275408924967488,-0.4354373709424541,-0.9895699494045274,0.599276720060428,2016-11-05,1,Amaravati,Mizoram,Savings,False,4,26555.26166666667,291617.87,6.52,4.820833333333334,6.12,0,2016,11,5,5,3581,1.0,1,0.0,1.0,0.0,0.0,0.0,0.0,0.0,Very Low,Medium,0,0,2,0.9714381497548459,7.5,37.79111635860572
CUST00229,1.2569558193239765,Male,West,Post-Graduate,Salaried,-0.5024298512210363,-0.4826004778056142,Home,-1.1851287616195332,1.0111984129195197,-0.7923730391971034,-0.8134830064420764,2017-06-26,0,Gandhidham,Nagaland,NRI,False,3,31351.446666666667,242870.79,6.52,4.820833333333334,6.12,0,2017,6,26,0,3348,3.0,1,0.0,0.0,1.0,0.0,0.0,1.0,0.0,Very Low,High,0,1,3,2.1322528381441437,9.333333333333334,14.855995094889993
CUST00230,1.6715426089293453,Male,East,Graduate,Salaried,-0.24749186791884364,0.5408499757539771,Business,0.5823820525197304,-1.3034188412596384,-0.2545632840859473,1.224890979801176,2021-09-28,1,Ichalkaranji,Tamil Nadu,NRI,True,6,33053.189999999995,313105.93,6.52,4.820833333333334,6.12,0,2021,9,28,1,1793,2.0,1,0.0,0.0,0.0,0.0,0.0,0.0,0.0,Very Low,Low,0,1,3,2.8549055188020884,14.333333333333334,47.94750646677063
CUST00231,-1.2305649183082372,Male,West,Post-Graduate,Self-Employed,0.12093833494052836,-0.250170539336115,Car,0.7636315720798522,1.5898527264643094,1.4485009404327138,-1.4050088070490476,2021-02-21,1,Salem,Gujarat,NRI,False,5,23276.591666666664,265868.44666666666,6.52,4.820833333333334,6.12,0,2021,2,21,6,2012,3.0,1,0.0,0.0,1.0,1.0,0.0,0.0,0.0,Very Low,High,1,3,1,1.007409174685609,30.166666666666668,5.253006198027943
CUST00232,-0.48430869701857315,Female,East,Secondary,Salaried,-0.2246384932581832,-0.9405439766621063,Home,-1.264455461088425,-0.14611021417005934,1.054107120017866,-0.05075574625533966,2018-03-20,0,Bhalswa Jahangir Pur,Punjab,NRI,False,3,27738.385,328079.91833333333,6.52,4.820833333333334,6.12,0,2018,3,20,1,3081,1.0,0,0.0,0.0,0.0,0.0,0.0,1.0,0.0,Very Low,Medium,0,3,1,0.49884718655198174,26.5,27.238314519320056
CUST00233,0.8423690297186075,Male,East,Secondary,Unemployed,-0.6339828960914257,-0.35980423947642026,Business,-0.37807073755080356,-1.5927459980320333,0.6776402914400567,-0.47054133929592845,2021-05-15,1,Panvel,Madhya Pradesh,NRI,False,5,26125.861666666668,183231.90333333332,6.52,4.820833333333334,6.12,0,2021,5,15,5,1929,1.0,1,0.0,0.0,0.0,0.0,0.0,0.0,0.0,Very Low,None,0,2,0,3.886562473239945,23.0,20.423402329699638
CUST00234,-1.1476475603871634,Male,South,Primary,Self-Employed,1.0160698511637265,-0.27607109671386965,Education,-0.3133579752545262,0.14321694260233545,-0.3979792187822556,0.3018694563256764,2017-06-03,0,Raichur,Uttar Pradesh,Current,False,6,29613.021666666667,173863.45666666667,6.52,4.820833333333334,6.12,1,2017,6,3,5,3371,0.0,1,0.0,1.0,0.0,0.0,1.0,0.0,0.0,Low,High,0,1,3,1.5667667322332728,13.0,32.96292687209411
CUST00235,-0.7330607707817945,Male,North,Graduate,Self-Employed,-0.30104130738580914,-0.9405439766621063,Car,-0.7103417803048259,1.3005255696919145,-0.5413951534785639,0.7853662704868749,2023-12-19,0,Arrah,Chhattisgarh,NRI,False,5,29372.17,273605.16,6.52,4.820833333333334,6.12,0,2023,12,19,1,981,2.0,1,1.0,0.0,0.0,1.0,0.0,0.0,0.0,Very Low,High,0,1,3,0.5150658299447827,11.666666666666666,40.81214415609747
CUST00236,-0.898895486623942,Male,East,Secondary,Salaried,-0.30161013477585347,-0.2626983757237669,Home,-1.2239801600358953,-0.7247645277148489,-1.2943288106341826,-0.7996271144222316,2025-07-18,1,Saharsa,Meghalaya,NRI,True,4,23390.836666666666,188424.02166666664,6.52,4.820833333333334,6.12,0,2025,7,18,4,404,1.0,1,0.0,0.0,0.0,0.0,0.0,1.0,0.0,Very Low,Medium,0,0,2,1.7462521068431323,4.666666666666667,15.080935371520626
CUST00237,-0.152639265334278,Male,South,Post-Graduate,Self-Employed,1.051690130270238,-0.6728644260987587,Business,0.005497915942970225,-0.4354373709424541,1.2513040302252898,1.3372175390914907,2019-01-27,0,Malegaon,Andhra Pradesh,Savings,False,3,32180.243333333332,353201.62166666664,6.52,4.820833333333334,6.12,0,2019,1,27,6,2768,3.0,1,0.0,1.0,0.0,0.0,0.0,0.0,0.0,Low,Medium,0,3,1,0.3041566507815924,28.333333333333332,49.77104603272156
CUST00238,-0.31847398117642556,Other,North,Graduate,Salaried,-0.606368580625206,-0.8761948676180694,Home,0.26561681188463576,-0.14611021417005934,-1.2226208432860284,-0.902112222031457,2026-01-27,1,Thane,Arunachal Pradesh,NRI,False,6,23274.073333333334,358816.3216666667,6.52,4.820833333333334,6.12,0,2026,1,27,1,211,2.0,2,1.0,0.0,0.0,0.0,0.0,1.0,0.0,Very Low,Medium,0,0,2,1.5125489767948979,5.333333333333333,13.417164578335877
CUST00239,1.2569558193239765,Female,East,Post-Graduate,Salaried,-0.06801406722405798,0.9571942291093578,Business,-0.6468272367660921,1.3005255696919145,1.0720341118549046,-0.7887506957703836,2023-02-28,1,Kamarhati,Punjab,NRI,True,5,18450.02666666667,158405.08,6.52,4.820833333333334,6.12,0,2023,2,28,1,1275,3.0,0,0.0,0.0,0.0,0.0,0.0,0.0,0.0,Very Low,High,0,3,1,2.7152737188928655,26.666666666666668,15.257506076372632
CUST00240,-1.313482276229311,Female,North,Secondary,Salaried,6.695133380197381,-0.686059558771618,Home,-1.1503091644158723,-1.5927459980320333,0.37288143021040154,0.985504065706512,2020-01-23,0,Ratlam,Telangana,NRI,False,4,32415.34,258155.39500000002,6.52,4.820833333333334,6.12,0,2020,1,23,3,2407,1.0,0,1.0,0.0,0.0,0.0,0.0,1.0,0.0,Very High,None,0,2,0,0.039761567539173676,20.166666666666668,44.06123493686226
CUST00241,-0.152639265334278,Male,West,Post-Graduate,Self-Employed,1.4274822412430124,-0.5589057758655624,Car,0.4224962727016483,0.721871256147125,0.31910045469928594,-0.16461836559377177,2022-12-28,0,Mirzapur,Karnataka,Current,True,4,30265.351666666666,342240.60833333334,6.52,4.820833333333334,6.12,0,2022,12,28,2,1337,3.0,1,0.0,0.0,1.0,1.0,0.0,0.0,0.0,Low,High,0,2,0,0.30224576307770645,19.666666666666668,25.389838141531257
CUST00242,0.8423690297186075,Male,West,Graduate,Salaried,-0.4018141353458967,-0.5636585668145119,Car,-0.8114449218594543,1.0111984129195197,1.753259801662369,-0.05385910696144633,2019-10-06,0,Lucknow,Sikkim,Current,False,4,34562.71333333333,356599.6433333333,6.52,4.820833333333334,6.12,0,2019,10,6,6,2516,2.0,1,0.0,0.0,1.0,1.0,0.0,0.0,0.0,Very Low,High,0,3,1,1.4953108311809544,33.0,27.18793372718365
CUST00243,0.5936169559553861,Male,West,Graduate,Salaried,-0.07472594736080752,-0.2737482095020096,Home,-0.3315250513358458,-0.7247645277148489,-0.6310301126637566,-1.0440804967629895,2017-08-16,1,Baranagar,Maharashtra,Savings,False,6,24513.89,208593.49666666667,6.52,4.820833333333334,6.12,0,2017,8,16,2,3297,2.0,1,0.0,0.0,1.0,0.0,0.0,1.0,0.0,Very Low,Medium,0,1,3,1.2290655443501395,10.833333333333334,11.112413433830175
CUST00244,-1.4793169920714586,Male,South,Post-Graduate,Unemployed,-0.03687123415216092,1.1453798945990274,Home,-0.4644348533969877,0.4325440993747302,1.3947199649215982,0.8252340926661865,2017-11-19,0,Panvel,Sikkim,NRI,False,3,31537.546666666665,297185.34,6.52,4.820833333333334,6.12,0,2017,11,19,6,3202,3.0,1,0.0,1.0,0.0,0.0,0.0,1.0,0.0,Very Low,High,0,3,1,2.832874420023145,29.666666666666668,41.45936910104011
CUST00245,-1.2305649183082372,Female,North,Graduate,Self-Employed,5.725385099250783,-0.7255597833578712,Other,1.2973984140853787,-0.4354373709424541,-0.48761417796744827,-0.1791055220948259,2025-11-28,0,Hubli–Dharwad,Andhra Pradesh,Current,False,6,25898.825,152981.07666666666,6.52,4.820833333333334,6.12,0,2025,11,28,4,271,2.0,0,1.0,0.0,0.0,0.0,0.0,0.0,1.0,Very High,Medium,1,1,3,0.08062322916589468,12.166666666666666,25.154649747577903
CUST00246,1.754459966850419,Male,West,Graduate,Salaried,4.659105769928771,-0.4172580530580857,Home,-0.7633706827074758,1.3005255696919145,0.31910045469928594,-0.9525090661062735,2025-07-19,1,Jaunpur,Madhya Pradesh,Current,True,2,24007.74666666667,224043.89166666663,6.52,4.820833333333334,6.12,0,2025,7,19,5,403,2.0,1,0.0,0.0,1.0,0.0,0.0,1.0,0.0,High,High,0,2,0,0.1500658915440383,19.666666666666668,12.599008660891949
CUST00247,-0.152639265334278,Male,South,Secondary,Salaried,-0.1004695683472451,-0.21249934497738857,Home,1.800054233799333,0.4325440993747302,-0.38005222694521706,0.8112211527153056,2023-01-10,1,Dharmavaram,Meghalaya,NRI,False,3,27109.88666666667,267166.2083333333,6.52,4.820833333333334,6.12,0,2023,1,10,1,1324,1.0,1,0.0,1.0,0.0,0.0,0.0,1.0,0.0,Very Low,High,1,1,3,1.3482910577442295,13.166666666666666,41.231879266069896
CUST00248,1.008203745560755,Male,West,Primary,Self-Employed,-0.7045446095255987,-0.6276436328112995,Car,0.7805069962084289,-1.5927459980320333,1.3409389894104826,-1.0273077423110957,2022-05-19,0,Srinagar,Andhra Pradesh,NRI,True,3,25699.51833333333,251974.46333333335,6.52,4.820833333333334,6.12,0,2022,5,19,3,1560,0.0,1,0.0,0.0,1.0,1.0,0.0,0.0,0.0,Very Low,None,1,3,1,4.878830267057548,29.166666666666668,11.384706839470397
CUST00249,1.1740384614029027,Female,West,Post-Graduate,Salaried,0.02060420038457452,-0.42413660598849373,Home,1.8999657585722827,0.4325440993747302,-0.6668840963378336,0.8304271815445631,2026-06-05,0,Kavali,Kerala,NRI,True,3,26303.755,209457.55333333334,6.52,4.820833333333334,6.12,0,2026,6,5,4,82,3.0,0,0.0,0.0,1.0,0.0,0.0,1.0,0.0,Very Low,High,1,1,3,0.9317491766869311,10.5,41.5436751022125
CUST00250,-1.2305649183082372,Female,West,Graduate,Salaried,-0.22954129924902117,0.07170440166750122,Education,0.688671384552334,1.3005255696919145,0.6059323240919026,-1.519399732391123,2019-04-23,1,Kavali,Telangana,Current,False,4,23412.618333333332,162017.595,6.52,4.820833333333334,6.12,0,2019,4,23,1,2682,2.0,0,0.0,0.0,1.0,0.0,1.0,0.0,0.0,Very Low,High,1,2,0,2.057586655832151,22.333333333333332,3.395953158524765
CUST00251,0.9252863876396813,Male,South,Graduate,Salaried,-0.3488094713780157,-0.5899218980674684,Home,-0.2391677810572457,1.3005255696919145,-1.4556717371675294,-0.1377806453770603,2019-12-28,1,Vijayanagaram,Telangana,Savings,True,4,23470.070000000003,154396.63166666668,6.52,4.820833333333334,6.12,0,2019,12,28,5,2433,2.0,1,0.0,1.0,0.0,0.0,0.0,1.0,0.0,Very Low,High,0,0,2,1.2912630760603918,3.1666666666666665,25.825528907671497
CUST00252,-0.567226054939647,Male,South,Graduate,Unemployed,1.138928897589577,-0.43082196769520614,Other,-0.9686325119067215,-0.7247645277148489,0.15775752816593908,2.4318651811181993,2024-12-13,0,Raipur,Madhya Pradesh,NRI,False,4,25998.411666666667,273395.805,6.52,4.820833333333334,6.12,0,2024,12,13,4,621,2.0,1,0.0,1.0,0.0,0.0,0.0,0.0,1.0,Low,Medium,0,2,0,0.40761118441627947,18.166666666666668,67.54185018289107
CUST00253,0.8423690297186075,Female,West,Secondary,Self-Employed,-0.4706737495292402,-0.46911064293425614,Business,-0.37993019076214973,-1.3034188412596384,1.2333770383882514,0.07204277606955944,2020-11-20,0,Kolkata,Mizoram,Savings,True,4,35965.55333333334,295359.4033333333,6.52,4.820833333333334,6.12,0,2020,11,20,4,2105,1.0,0,0.0,0.0,1.0,0.0,0.0,0.0,0.0,Very Low,Low,0,3,1,1.9922571863792693,28.166666666666668,29.23185874888206
CUST00254,0.01319545050786959,Male,South,Secondary,Self-Employed,-0.4014496103292133,-0.32551065348152103,Car,1.550468900639175,1.3005255696919145,0.9286181771585962,-1.148300573685345,2022-03-07,0,Mango,Rajasthan,Savings,True,3,26724.930000000004,358182.57,6.52,4.820833333333334,6.12,0,2022,3,7,0,1633,1.0,1,0.0,1.0,0.0,1.0,0.0,0.0,0.0,Very Low,High,1,3,1,1.9935746847938365,25.333333333333332,9.420476682316494
CUST00255,1.5057078930871979,Male,North,Graduate,Self-Employed,1.073636960510155,6.216083252814687,Education,-0.05782281164343104,-0.14611021417005934,0.03226858530666932,-0.2946673422706408,2021-12-28,1,Mangalore,Uttar Pradesh,Savings,True,1,31571.16,226150.78666666665,6.52,4.820833333333334,6.12,0,2021,12,28,1,1702,2.0,1,1.0,0.0,0.0,0.0,1.0,0.0,0.0,Low,Medium,0,2,0,4.5090313449022155,17.0,23.2785880865129
CUST00256,0.5936169559553861,Male,East,Graduate,Salaried,-0.5058261260305361,0.06636491192955002,Business,0.6847749077369052,-1.3034188412596384,-1.0971319004267586,-0.8024775599657396,2020-06-18,1,Bhimavaram,Odisha,Current,True,3,43301.98,217196.29666666666,6.52,4.820833333333334,6.12,0,2020,6,18,3,2260,2.0,1,0.0,0.0,0.0,0.0,0.0,0.0,0.0,Very Low,Low,1,0,2,3.641881625409844,6.5,15.034660472137828
CUST00257,0.26194752427109097,Female,West,Secondary,Salaried,-0.44028884978963406,1.361845449020108,Education,0.20922028973090698,-0.4354373709424541,1.1795960628771358,0.3163476985370506,2016-10-28,1,Purnia,Himachal Pradesh,Current,False,6,27900.86333333333,331754.685,6.52,4.820833333333334,6.12,0,2016,10,28,4,3589,1.0,0,0.0,0.0,1.0,0.0,1.0,0.0,0.0,Very Low,Medium,0,3,1,6.042586986249769,27.666666666666668,33.19797054907192
CUST00258,-1.3963996341503848,Male,East,Graduate,Salaried,-0.18361360354168832,-0.9405439766621063,Car,0.25394203220701766,-1.3034188412596384,-1.1688398677749128,-0.7452983270780805,2016-11-25,0,Bardhaman,Punjab,NRI,True,4,27890.725000000002,333194.4083333333,6.52,4.820833333333334,6.12,1,2016,11,25,4,3561,2.0,1,0.0,0.0,0.0,1.0,0.0,0.0,0.0,Very Low,Low,0,0,2,0.41518820681592805,5.833333333333333,15.962923513222172
CUST00259,-0.6501434128607207,Male,East,Primary,Salaried,0.10869588062250392,-0.3552564232272545,Other,0.2942729519561562,-1.0140916844872436,0.552151348580787,0.1949140457151331,2021-10-12,1,Bhavnagar,Assam,NRI,False,6,27863.495,289797.13333333336,6.52,4.820833333333334,6.12,0,2021,10,12,1,1779,0.0,1,0.0,0.0,0.0,0.0,0.0,0.0,1.0,Very Low,Low,0,2,0,0.9156304122082163,21.833333333333332,31.22658397800824
CUST00260,1.091121103481829,Female,North,Graduate,Salaried,-0.19782632027263022,-0.7699783455175179,Car,0.5113159920958115,1.3005255696919145,-1.3839637698193752,1.0364287164106378,2024-05-17,0,Firozabad,Punjab,Current,False,4,32791.816666666666,139659.295,6.52,4.820833333333334,6.12,0,2024,5,17,4,831,2.0,0,1.0,0.0,0.0,1.0,0.0,0.0,0.0,Very Low,High,0,0,2,0.7357179284379401,3.8333333333333335,44.88795940904336
CUST00261,-1.6451517079136062,Male,East,Secondary,Self-Employed,-0.5916751302161606,-0.450341671437696,Education,-0.8604588604376292,-0.14611021417005934,-1.2943288106341826,-0.23990915993723316,2022-02-22,1,Etawah,Uttar Pradesh,Savings,True,3,21587.268333333333,273878.7783333333,6.52,4.820833333333334,6.12,0,2022,2,22,1,1646,1.0,1,0.0,0.0,0.0,0.0,1.0,0.0,0.0,Very Low,Medium,0,0,2,2.9531376262754914,4.666666666666667,24.16754714192602
CUST00262,0.26194752427109097,Male,West,Graduate,Self-Employed,-0.4357299043426459,0.2791862813972999,Education,-0.2955911715664003,-1.5927459980320333,-0.21870930041187023,-0.7691529077490812,2026-07-21,1,Anand,Nagaland,NRI,True,4,25458.826666666664,205456.55666666664,6.52,4.820833333333334,6.12,0,2026,7,21,1,36,2.0,1,0.0,0.0,1.0,0.0,1.0,0.0,0.0,Very Low,None,0,1,3,3.5244375478287657,14.666666666666666,15.575661836575334
CUST00263,-0.48430869701857315,Male,North,Secondary,Self-Employed,-0.4545054546671859,0.5462397435051741,Car,0.3164334517520963,-0.14611021417005934,1.2692310220623284,-0.160143438309011,2017-05-17,1,Satara,Telangana,Savings,False,4,26904.838333333333,213661.30000000002,6.52,4.820833333333334,6.12,0,2017,5,17,2,3388,1.0,1,1.0,0.0,0.0,1.0,0.0,0.0,0.0,Very Low,Medium,0,3,1,4.32016820193607,28.5,25.46248531429317
CUST00264,-0.48430869701857315,Male,East,Graduate,Salaried,-0.30213231493507,0.5894989304593096,Home,0.16366645233371221,-1.0140916844872436,-0.07529336571556192,0.7345633805064138,2025-01-09,0,South Dumdum,Assam,Savings,True,2,33538.26833333333,216207.02000000002,6.52,4.820833333333334,6.12,0,2025,1,9,3,594,2.0,1,0.0,0.0,0.0,0.0,0.0,1.0,0.0,Very Low,Low,0,1,3,3.217740178030798,16.0,39.98739638024344
CUST00265,-0.898895486623942,Female,West,Primary,Self-Employed,-0.10508120918393833,0.5807307548526427,Car,-0.4907588457052343,0.14321694260233545,1.5381358996179064,0.8359608008578701,2017-12-05,0,Bhubaneswar,Mizoram,NRI,False,4,34600.1,228856.70833333334,6.52,4.820833333333334,6.12,0,2017,12,5,1,3186,0.0,0,0.0,0.0,1.0,1.0,0.0,0.0,0.0,Very Low,High,0,3,1,2.3682048390885204,31.0,41.63350936602757
CUST00266,1.091121103481829,Male,East,Primary,Salaried,-0.18366188797209942,-0.3582643427609086,Other,0.4288276031149145,-1.3034188412596384,1.2692310220623284,0.8129615296954892,2019-02-09,1,Bahraich,Punjab,Savings,True,5,26615.235,211955.87,6.52,4.820833333333334,6.12,1,2019,2,9,5,2755,0.0,1,0.0,0.0,0.0,0.0,0.0,0.0,1.0,Very Low,Low,0,3,1,1.4379914721987597,28.5,41.26013301391979
CUST00267,0.09611280842894337,Male,East,Secondary,Salaried,-0.6595789303934735,0.7386388426715781,Car,-0.8154476657615098,-0.14611021417005934,0.8748372016474806,-0.35923458940404807,2025-03-03,0,Kollam,Maharashtra,Savings,False,4,22627.465,286899.95666666667,6.52,4.820833333333334,6.12,0,2025,3,3,0,541,1.0,1,0.0,0.0,0.0,1.0,0.0,0.0,0.0,Very Low,Medium,0,2,1,9.629610578284822,24.833333333333332,22.230386035669422
CUST00268,-1.3963996341503848,Female,East,Graduate,Self-Employed,0.2477150068720844,0.9486595743252922,Business,-1.288819898522647,0.4325440993747302,0.9106911853215577,-0.48365235512894483,2017-07-30,1,Bareilly,West Bengal,Savings,False,5,23078.906666666666,316667.12833333336,6.52,4.820833333333334,6.12,0,2017,7,30,6,3314,2.0,0,0.0,0.0,0.0,0.0,0.0,0.0,0.0,Very Low,High,0,3,1,1.9348986629006906,25.166666666666668,20.21055457336873
CUST00269,1.091121103481829,Female,South,Graduate,Salaried,-0.17976157518726685,-0.20291678775865876,Home,0.30142393716169674,-1.5927459980320333,0.3908084220474401,1.1663337010865689,2026-01-08,0,Nellore,Tripura,NRI,False,4,21878.414999999997,293515.46166666667,6.52,4.820833333333334,6.12,0,2026,1,8,3,230,2.0,0,0.0,1.0,0.0,0.0,0.0,1.0,0.0,Very Low,None,0,2,0,1.5186931785200637,20.333333333333332,46.99687185920183
CUST00270,0.5936169559553861,Female,South,Secondary,Salaried,0.4829567711478878,0.5276058381289588,Business,-1.2631386531233115,1.3005255696919145,1.4305739485956752,0.1435246830931239,2017-09-04,0,Durg,Gujarat,Current,False,2,25531.11,264070.21166666667,6.52,4.820833333333334,6.12,0,2017,9,4,0,3278,1.0,0,0.0,1.0,0.0,0.0,0.0,0.0,0.0,Very Low,High,0,3,1,1.2942024778154617,30.0,30.39231524760021
CUST00271,-1.3963996341503848,Male,West,Graduate,Salaried,-0.0967060849278154,-0.25401162268015565,Car,0.285854795882397,1.3005255696919145,1.1975230547141742,0.699473997233821,2018-10-03,1,Kulti,Uttarakhand,NRI,False,5,24704.465,278398.4366666667,6.52,4.820833333333334,6.12,0,2018,10,3,2,2884,2.0,1,0.0,0.0,1.0,1.0,0.0,0.0,0.0,Very Low,High,0,3,1,1.2892900948718424,27.833333333333332,39.41774589734196
CUST00272,-1.5622343499925324,Male,West,Post-Graduate,Salaried,0.2728724286084248,0.750461816531097,Home,0.44457266933436607,0.721871256147125,1.1437420792030586,1.95248326448696,2023-03-14,1,Mathura,Odisha,Savings,False,4,33619.45333333333,242640.035,6.52,4.820833333333334,6.12,0,2023,3,14,1,1261,3.0,1,0.0,0.0,1.0,0.0,0.0,1.0,0.0,Very Low,High,0,3,1,1.7234313105435821,27.333333333333332,59.75943525180516
CUST00273,-1.313482276229311,Female,West,Graduate,Salaried,-0.08638399494418135,-0.35261532979557786,Business,-0.7670973782793117,-0.4354373709424541,1.4126469567586368,-0.5802322662370522,2026-02-24,1,Tinsukia,Haryana,Current,False,2,25080.308333333334,239369.69166666665,6.52,4.820833333333334,6.12,0,2026,2,24,1,183,2.0,0,0.0,0.0,1.0,0.0,0.0,0.0,0.0,Very Low,Medium,0,3,1,1.149392495210786,29.833333333333332,18.642650327975872
CUST00274,0.09611280842894337,Male,West,Primary,Self-Employed,0.45241095270798776,-0.5378899515353558,Business,-0.3507708747288289,-0.4354373709424541,-0.8820079983822962,1.4460632219193452,2018-09-09,0,Davanagere,Andhra Pradesh,Savings,False,3,25431.178333333333,407234.94333333336,6.52,4.820833333333334,6.12,0,2018,9,9,6,2908,0.0,1,0.0,0.0,1.0,0.0,0.0,0.0,0.0,Very Low,Medium,0,1,2,0.5419940739745647,8.5,51.53807611424077
CUST00275,-1.6451517079136062,Female,East,Graduate,Unemployed,-0.0600430290471625,-0.7041812004575637,Home,-1.6907085032476337,1.5898527264643094,1.7174058179882918,-1.3824698878174435,2019-01-30,1,Jabalpur,Uttar Pradesh,NRI,False,3,19773.48,243313.2233333333,6.52,4.820833333333334,6.12,0,2019,1,30,2,2765,2.0,0,0.0,0.0,0.0,0.0,0.0,1.0,0.0,Very Low,High,0,3,1,0.6884218315001114,32.666666666666664,5.618909073111792
CUST00276,-0.31847398117642556,Female,East,Secondary,Self-Employed,-0.309033432489239,-0.35812388713542403,Home,-0.3980126394829604,-0.4354373709424541,1.3947199649215982,1.1758253313664986,2020-04-28,0,Kadapa,Karnataka,NRI,True,5,23448.188333333335,236811.36833333332,6.52,4.820833333333334,6.12,0,2020,4,28,1,2311,1.0,0,0.0,0.0,0.0,0.0,0.0,1.0,0.0,Very Low,Medium,0,3,1,1.6030753662074841,29.666666666666668,47.1509615372814
CUST00277,0.6765343138764599,Female,West,Secondary,Self-Employed,1.428835330964275,-0.23172007744683315,Education,1.2338207708223323,-0.14611021417005934,0.12190354449186201,0.6612461097695553,2025-07-27,0,Medininagar,Manipur,Current,False,4,28897.411666666667,274682.42333333334,6.52,4.820833333333334,6.12,0,2025,7,27,6,395,1.0,0,0.0,0.0,1.0,0.0,1.0,0.0,0.0,Low,Medium,1,2,0,0.4398729577639456,17.833333333333332,38.79714409350999
CUST00278,1.3398731772450503,Male,East,Post-Graduate,Salaried,0.13722191048108667,-0.6521533353556538,Home,-1.3383739174623566,-1.3034188412596384,0.4445893975585557,0.2789149528084067,2016-10-24,1,Katni,Tripura,Savings,False,5,29217.705,289073.17833333334,6.52,4.820833333333334,6.12,0,2016,10,24,0,3593,3.0,1,0.0,0.0,0.0,0.0,0.0,1.0,0.0,Very Low,Low,0,2,0,0.6026886525931469,20.833333333333332,32.59027728997422
CUST00279,-1.3963996341503848,Male,East,Secondary,Self-Employed,-0.03489791233058652,-0.3925639470055736,Car,-0.36941425966731994,-0.14611021417005934,1.1975230547141742,1.5769010232561291,2017-07-06,0,Bardhaman,Telangana,Savings,False,5,17789.068333333333,254912.04833333334,6.52,4.820833333333334,6.12,0,2017,7,6,3,3338,1.0,1,0.0,0.0,0.0,1.0,0.0,0.0,0.0,Very Low,Medium,0,3,1,1.0311677915249522,27.833333333333332,53.66213216088783
CUST00280,-0.898895486623942,Female,West,Graduate,Salaried,-0.5890209449570637,-0.506621189207973,Other,1.7760832133572333,1.3005255696919145,-0.03943938204148483,0.5226968999226232,2025-10-15,1,Amaravati,Tripura,Current,False,6,16862.97,287213.835,6.52,4.820833333333334,6.12,0,2025,10,15,2,315,2.0,0,0.0,0.0,1.0,0.0,0.0,0.0,1.0,Very Low,High,1,2,3,2.725048453045364,16.333333333333332,36.54789896766109
CUST00281,-1.72806906583468,Male,West,Graduate,Salaried,-0.5909754875706794,-0.6917473941862713,Education,-1.1200045555812246,-0.7247645277148489,0.8748372016474806,-0.13721774407711784,2026-03-17,1,Guwahati,Nagaland,NRI,True,3,29841.418333333335,255031.16166666665,6.52,4.820833333333334,6.12,0,2026,3,17,1,162,2.0,1,0.0,0.0,1.0,0.0,1.0,0.0,0.0,Very Low,Medium,0,2,1,2.0843870965003415,24.833333333333332,25.834667198728
CUST00282,-0.9818128445450158,Male,South,Graduate,Salaried,-0.16314314338014474,0.40452844767486135,Home,1.4561247498909018,0.4325440993747302,-0.9716429575674889,-0.5883893694011159,2023-03-08,1,Satna,Nagaland,Savings,True,4,32342.773333333334,263570.24833333335,6.52,4.820833333333334,6.12,0,2023,3,8,2,1267,2.0,1,0.0,1.0,0.0,0.0,0.0,1.0,0.0,Very Low,High,1,0,2,2.321711300059161,7.666666666666667,18.51022572192372
CUST00283,1.5886252510082715,Female,South,Graduate,Salaried,-0.2221653438138771,0.5591427272342453,Other,0.9434843854146118,1.3005255696919145,0.26531947918817034,-1.287560583609429,2018-04-03,1,Hapur,Telangana,Savings,False,4,20744.545,135165.19666666666,6.52,4.820833333333334,6.12,0,2018,4,3,1,3067,2.0,0,0.0,1.0,0.0,0.0,0.0,0.0,1.0,Very Low,High,1,2,0,2.7693975340587675,19.166666666666668,7.159692236894764
CUST00284,0.34486488219216477,Female,North,Primary,Salaried,-0.45615441828982894,0.4007915666299763,Education,0.09916052245253443,0.721871256147125,-1.2046938514489898,0.019169371203176744,2017-09-01,1,Kadapa,Himachal Pradesh,NRI,True,5,31051.588333333333,266093.565,6.52,4.820833333333334,6.12,0,2017,9,1,4,3281,0.0,0,1.0,0.0,0.0,0.0,1.0,0.0,0.0,Very Low,High,0,0,2,3.9915324703339925,5.5,28.37349767764871
CUST00285,0.9252863876396813,Male,East,Secondary,Salaried,-0.22390365130363749,-0.3161247572296265,Car,1.3453506669099107,0.721871256147125,0.4983703730696713,-1.541347075295957,2023-12-28,0,Tiruchirappalli,Kerala,NRI,True,4,19201.403333333332,221635.30500000002,6.52,4.820833333333334,6.12,0,2023,12,28,3,972,1.0,1,0.0,0.0,0.0,1.0,0.0,0.0,0.0,Very Low,High,1,2,0,1.4525536952502662,21.333333333333332,3.0396540925930986
CUST00286,0.4277822401132385,Male,North,Graduate,Salaried,0.6580855743152995,-0.2860121677448137,Other,-0.5157894330695452,0.4325440993747302,-1.4198177534934522,0.6916533923443993,2024-06-14,1,Ahmednagar,Telangana,Savings,False,6,20710.075,225386.24333333332,6.52,4.820833333333334,6.12,0,2024,6,14,4,803,2.0,1,1.0,0.0,0.0,0.0,0.0,0.0,1.0,Very Low,High,0,0,2,0.6285300343054424,3.5,39.2907840947582
CUST00287,-0.8159781287028683,Male,South,Primary,Unemployed,0.0276882771583138,-0.6877008461530625,Home,0.6534583421702602,-1.0140916844872436,-1.4735987290045678,-0.9970161846024562,2018-05-13,1,Amroha,Sikkim,Current,False,2,19800.795000000002,246334.06500000003,6.52,4.820833333333334,6.12,0,2018,5,13,6,3027,0.0,1,0.0,1.0,0.0,0.0,0.0,1.0,0.0,Very Low,Low,1,0,2,0.6383715254014172,3.0,11.87646813212447
CUST00288,-1.6451517079136062,Female,East,Secondary,Salaried,-0.5659883758246506,-0.04421665970747712,Home,0.9190990211249958,1.0111984129195197,1.0003261445067504,0.6028305082687784,2025-04-10,1,Alwar,Madhya Pradesh,NRI,False,6,28296.205,193072.5166666667,6.52,4.820833333333334,6.12,0,2025,4,10,3,503,1.0,0,0.0,0.0,0.0,0.0,0.0,1.0,0.0,Very Low,High,1,3,1,4.022491415710343,26.0,37.84880951192476
CUST00289,-1.72806906583468,Female,South,Primary,Salaried,-0.3135202224871687,-0.18624498417161026,Car,-0.6893930926964991,1.3005255696919145,1.591916875129022,-0.21676842135787272,2018-01-20,0,Kota,Odisha,Current,True,4,27697.446666666667,284057.5466666667,6.52,4.820833333333334,6.12,0,2018,1,20,5,3140,0.0,0,0.0,1.0,0.0,1.0,0.0,0.0,0.0,Very Low,High,0,3,1,1.9188198169966473,31.5,24.543220114118885
CUST00290,-1.72806906583468,Male,East,Primary,Salaried,-0.49999850017025466,2.8742616978755318,Education,-0.805274252584022,1.3005255696919145,-0.8282270228711806,1.137249266644565,2022-09-15,1,Pudukkottai,Gujarat,Savings,False,4,26783.498333333333,254550.70333333334,6.52,4.820833333333334,6.12,0,2022,9,15,3,1441,0.0,1,0.0,0.0,0.0,0.0,1.0,0.0,0.0,Very Low,High,0,1,2,11.07773421379539,9.0,46.52470733023034
CUST00291,0.9252863876396813,Male,North,Secondary,Self-Employed,-0.3971867189731156,0.44812296395362466,Other,-0.3127894090830745,-0.7247645277148489,-0.7027380800119107,-1.2566854817373676,2024-10-15,1,Ranchi,West Bengal,Current,True,3,29479.861666666668,308738.82666666666,6.52,4.820833333333334,6.12,0,2024,10,15,1,680,1.0,1,1.0,0.0,0.0,0.0,0.0,0.0,1.0,Very Low,Medium,0,1,3,3.582849192656218,10.166666666666666,7.66092694240153
CUST00292,0.01319545050786959,Female,North,Secondary,Salaried,-0.4043490146983232,-0.10393717009161973,Car,-0.21430923965950416,-1.5927459980320333,1.6636248424771762,-0.3480420153246597,2022-05-11,1,Bhimavaram,Madhya Pradesh,NRI,False,4,30063.691666666666,280691.175,6.52,4.820833333333334,6.12,0,2022,5,11,2,1568,1.0,0,1.0,0.0,0.0,1.0,0.0,0.0,0.0,Very Low,None,0,3,1,2.4738580095101335,32.166666666666664,22.412089292740177
CUST00293,-0.8159781287028683,Male,West,Graduate,Salaried,-0.42157463536224254,-0.2954844298741071,Education,-1.137904967538179,0.721871256147125,0.13983053632890055,0.18565226960757977,2021-01-27,1,Malda,Jharkhand,Current,True,4,28180.865,301243.4533333333,6.52,4.820833333333334,6.12,0,2021,1,27,2,2037,2.0,1,0.0,0.0,1.0,0.0,1.0,0.0,0.0,Very Low,High,0,2,0,2.1506480216472226,18.0,31.07622581436636
CUST00294,1.422790535166124,Male,South,Graduate,Salaried,-0.5855393899404531,0.37572187442034427,Business,-0.6797410485324664,-0.4354373709424541,-1.0254239330786044,-0.45025612785735936,2020-01-05,1,Kumbakonam,Andhra Pradesh,Current,False,5,23411.396666666667,276789.24,6.52,4.820833333333334,6.12,0,2020,1,5,6,2425,2.0,1,0.0,1.0,0.0,0.0,0.0,0.0,0.0,Very Low,Medium,0,0,2,5.776009119012664,7.166666666666667,20.752717906493064
CUST00295,0.0,Other,North,Post-Graduate,Salaried,-0.3188021045173295,-0.64268764615625,Business,-3.6395207531543594,-0.14611021417005934,1.556062891454945,-0.35621390602054875,2017-02-10,1,Jorhat,Assam,Current,False,5,38023.555,325730.875,6.52,4.820833333333334,6.12,0,2017,2,10,4,3484,3.0,2,1.0,0.0,0.0,0.0,0.0,0.0,0.0,Very Low,Medium,0,3,1,1.1260461754928541,31.166666666666668,22.279424621920292
CUST00296,-0.06972190741320419,Male,East,Secondary,Salaried,-0.44293153590605544,0.494014196012276,Education,-0.35778534371211,-1.0140916844872436,-0.0035853983674077584,0.615813799015103,2017-08-23,1,Kolhapur,West Bengal,NRI,True,4,27493.49666666667,194854.05833333335,6.52,4.820833333333334,6.12,0,2017,8,23,2,3290,1.0,1,0.0,0.0,0.0,0.0,1.0,0.0,0.0,Very Low,Low,0,2,3,4.080295072987332,16.666666666666668,38.05958374485552
CUST00297,-0.152639265334278,Female,West,Secondary,Salaried,-0.7045446095255987,-0.6947106376088138,Home,0.9293624062481952,1.3005255696919145,-1.07920490858972,-0.944702177936758,2018-05-06,0,Madhyamgram,Bihar,Current,True,5,30258.675000000003,236175.33166666667,6.52,4.820833333333334,6.12,0,2018,5,6,6,3034,1.0,0,0.0,0.0,1.0,0.0,0.0,1.0,0.0,Very Low,High,1,0,2,5.551336569793779,6.666666666666667,12.725747782556589
CUST00298,1.1740384614029027,Male,North,Secondary,Salaried,1.14627532314643,-0.5199601234382053,Home,-1.7536208531957143,1.0111984129195197,0.31910045469928594,-0.5002788644789614,2019-02-03,0,Sambalpur,Gujarat,Current,False,3,35394.04833333333,278348.43,6.52,4.820833333333334,6.12,0,2019,2,3,6,2761,1.0,1,1.0,0.0,0.0,0.0,0.0,1.0,0.0,Low,High,0,2,0,0.3632920949596058,19.666666666666668,19.940635350034853
CUST00299,0.34486488219216477,Male,East,Graduate,Salaried,0.26436126806968424,-0.8767210003446659,Business,-0.4927911084331078,0.4325440993747302,-1.0612779167526816,1.4222799776479595,2019-09-25,1,Mango,Uttarakhand,Current,True,3,36543.35666666667,272499.38166666665,6.52,4.820833333333334,6.12,0,2019,9,25,2,2527,2.0,1,0.0,0.0,0.0,0.0,0.0,0.0,0.0,Very Low,High,0,0,2,0.34220106224335073,6.833333333333333,51.15197253188626
CUST00300,0.7594516717975337,Female,North,Graduate,Salaried,-0.3940009028779836,0.08496166654069563,Home,2.5509783060099274,0.14321694260233545,-1.4735987290045678,0.03320847980536436,2023-06-29,1,Narasaraopet,Maharashtra,Current,False,4,38167.791666666664,313198.7316666667,6.52,4.820833333333334,6.12,0,2023,6,29,3,1154,2.0,0,1.0,0.0,0.0,0.0,0.0,1.0,0.0,Very Low,High,1,0,2,2.8089362431289966,3.0,28.60141234154048
CUST00301,-1.72806906583468,Male,North,Primary,Self-Employed,-0.26895893274579413,-0.14159894053094713,Home,-0.031236107607590935,-1.5927459980320333,1.054107120017866,-1.1108707556501358,2024-06-23,1,Akola,Uttarakhand,NRI,False,2,34320.291666666664,187608.88166666668,6.52,4.820833333333334,6.12,0,2024,6,23,6,794,0.0,1,1.0,0.0,0.0,0.0,0.0,1.0,0.0,Very Low,None,0,3,1,1.8471853848738773,26.5,10.02812241245178
CUST00302,1.3398731772450503,Other,East,Post-Graduate,Salaried,-0.5713704636903653,-0.5199446859714701,Education,1.4137714666411887,1.0111984129195197,0.48044338123263275,2.3821229708957525,2020-09-26,1,Madhyamgram,Arunachal Pradesh,NRI,True,5,26207.463333333333,246100.47666666668,6.52,4.820833333333334,6.12,0,2020,9,26,5,2160,3.0,2,0.0,0.0,0.0,0.0,1.0,0.0,0.0,Very Low,High,1,2,0,2.5148939497727283,21.166666666666668,66.73432176742485
CUST00303,-0.6501434128607207,Female,East,Primary,Salaried,0.7589287342863404,-0.6469172922126716,Education,-1.067681755125861,1.5898527264643094,-0.23663629224890875,-0.3778802048714198,2018-03-10,1,Mango,Chhattisgarh,Current,True,5,20176.553333333333,341967.04333333333,6.52,4.820833333333334,6.12,0,2018,3,10,5,3091,0.0,0,0.0,0.0,0.0,0.0,1.0,0.0,0.0,Very Low,High,0,1,3,0.37455868560573335,14.5,21.927688100727952
CUST00304,0.34486488219216477,Male,East,Graduate,Salaried,0.9672315971652663,0.7187834103990447,Home,0.46257855082336863,-0.4354373709424541,1.1258150873660202,-0.13455364898962008,2020-12-06,0,Visakhapatnam,Bihar,NRI,True,1,27488.353333333333,215711.19666666666,6.52,4.820833333333334,6.12,0,2020,12,6,6,2089,2.0,1,0.0,0.0,0.0,0.0,0.0,1.0,0.0,Low,Medium,0,3,1,1.0523067417451164,27.166666666666668,25.877916834701907
CUST00305,1.6715426089293453,Male,East,Graduate,Unemployed,-0.2178658866237379,6.216083252814687,Education,-1.2460905751159455,1.0111984129195197,-0.4159062106192941,2.12283529255206,2024-07-12,1,Mathura,Uttarakhand,Current,True,3,29313.66,243950.9833333333,6.52,4.820833333333334,6.12,0,2024,7,12,4,775,2.0,1,0.0,0.0,0.0,0.0,1.0,0.0,0.0,Very Low,High,0,1,3,11.23028464056449,12.833333333333334,62.52497587976844
CUST00306,-1.2305649183082372,Male,West,Post-Graduate,Salaried,0.2211467790103537,-0.5938868729893708,Other,0.4125518216606908,0.721871256147125,0.10397655265482347,-1.5292950340673093,2024-12-11,1,Mehsana,Jharkhand,Savings,False,4,29343.016666666666,252452.12166666667,6.52,4.820833333333334,6.12,0,2024,12,11,2,623,3.0,1,0.0,0.0,1.0,0.0,0.0,0.0,1.0,Very Low,High,0,2,0,0.6078837868530741,17.666666666666668,3.23531017045897
CUST00307,-0.8159781287028683,Male,East,Graduate,Salaried,-0.5292231794643623,1.3413216675846629,Business,0.8747344688780028,1.5898527264643094,-0.2724902759229858,-0.1686003090103742,2021-12-12,1,Gandhinagar,Goa,Savings,False,4,32063.74166666667,273893.715,6.52,4.820833333333334,6.12,1,2021,12,12,6,1718,2.0,1,0.0,0.0,0.0,0.0,0.0,0.0,0.0,Very Low,High,1,1,3,4.100797006220568,14.166666666666666,25.325194201438823
CUST00308,0.17903016635001717,Male,South,Post-Graduate,Self-Employed,-0.5987182420794767,-0.5552309322852284,Other,0.6261686200103403,1.3005255696919145,-0.23663629224890875,1.9484052753177425,2023-06-18,1,Pali,Madhya Pradesh,Savings,True,4,29268.850000000002,334776.9116666667,6.52,4.820833333333334,6.12,0,2023,6,18,6,1165,3.0,1,0.0,1.0,0.0,0.0,0.0,0.0,1.0,Very Low,High,0,1,3,2.647143709254027,14.5,59.69323207913993
CUST00309,-0.23555662325535176,Male,West,Secondary,Salaried,-0.40385725716933457,0.4931110181363821,Other,-0.36895759139272694,1.5898527264643094,-0.9357889738934118,-1.6233574926703858,2022-02-02,0,Surendranagar Dudhrej,Rajasthan,Current,False,3,28376.559999999998,152556.79666666666,6.52,4.820833333333334,6.12,0,2022,2,2,2,1666,1.0,1,0.0,0.0,1.0,0.0,0.0,0.0,1.0,Very Low,High,0,0,2,3.729930450993337,8.0,1.7082749259269088
CUST00310,-1.0647302024660896,Male,South,Post-Graduate,Salaried,-0.227357628288616,-0.7129771899203178,Home,0.2804173101539514,-0.14611021417005934,-0.5055411698044868,-1.2355684334788726,2021-09-23,1,Jabalpur,Madhya Pradesh,Current,True,5,26325.97,275863.515,6.52,4.820833333333334,6.12,0,2021,9,23,3,1798,3.0,1,0.0,1.0,0.0,0.0,0.0,1.0,0.0,Very Low,Medium,0,1,3,0.8567051906273732,12.0,8.003746781794412
CUST00311,1.091121103481829,Female,South,Primary,Salaried,-0.4154369085239411,-0.4376844627115667,Home,-0.3982311705139781,0.4325440993747302,-0.8640810065452575,0.001702549707111498,2017-11-18,1,Tirunelveli,Maharashtra,Current,False,6,30723.210000000003,297748.5966666667,6.52,4.820833333333334,6.12,0,2017,11,18,5,3203,0.0,0,0.0,1.0,0.0,0.0,0.0,1.0,0.0,Very Low,High,0,1,2,1.8134701322078723,8.666666666666666,28.089936600992253
CUST00312,-1.4793169920714586,Female,North,Post-Graduate,Self-Employed,0.336220691253907,0.010975991779143601,Other,0.6900865057196142,1.0111984129195197,-0.7027380800119107,0.10275621258920148,2018-04-10,1,Siwan,Assam,Current,False,5,41047.48333333333,260660.59833333336,6.52,4.820833333333334,6.12,1,2018,4,10,1,3060,3.0,0,1.0,0.0,0.0,0.0,0.0,0.0,1.0,Very Low,High,1,1,3,2.0164942371146704,10.166666666666666,29.730468935588977
CUST00313,1.6715426089293453,Female,North,Graduate,Salaried,4.683823132233129,-0.30340869159214595,Other,-0.13726016207004996,-1.5927459980320333,-0.38005222694521706,-0.8256841312033361,2017-10-28,0,Kumbakonam,Odisha,Current,False,3,30229.14,173538.6366666667,6.52,4.820833333333334,6.12,0,2017,10,28,5,3224,2.0,0,1.0,0.0,0.0,0.0,0.0,0.0,1.0,High,None,0,1,3,0.16920151069303627,13.166666666666666,14.657918754870034
CUST00314,0.8423690297186075,Male,West,Post-Graduate,Self-Employed,-0.3033582471463363,-0.14509119187012556,Car,0.9678559607440621,1.0111984129195197,-1.3301827943082596,0.7936326275651447,2022-12-15,1,Anantapur,Telangana,Current,True,5,26773.281666666666,332579.135,6.52,4.820833333333334,6.12,0,2022,12,15,3,1350,3.0,1,0.0,0.0,1.0,1.0,0.0,0.0,0.0,Very Low,High,1,0,2,1.9550152144449249,4.333333333333333,40.9463424195691
CUST00315,0.0,Male,West,Graduate,Unemployed,-0.2569525260437346,-0.5113333676777186,Car,1.4952860716732463,1.3005255696919145,0.6417863077659796,-0.8550543888357113,2025-07-07,1,Gorakhpur,Goa,Current,True,5,27264.175,228201.39333333334,6.52,4.820833333333334,6.12,0,2025,7,7,0,415,2.0,1,0.0,0.0,1.0,1.0,0.0,0.0,0.0,Very Low,High,1,2,0,1.2204475861369197,22.666666666666668,14.181114095373744
CUST00316,0.5106995980343123,Female,East,Graduate,Salaried,-0.5513881908378915,-0.825716444114039,Business,-0.34059926668076185,0.14321694260233545,-0.8999349902193347,-0.9121539840435807,2024-10-11,1,Bhiwani,Rajasthan,NRI,True,5,30656.39333333333,244511.035,6.52,4.820833333333334,6.12,0,2024,10,11,4,684,2.0,0,0.0,0.0,0.0,0.0,0.0,0.0,0.0,Very Low,High,0,0,2,1.4013636836561072,8.333333333333334,13.25414391379613
CUST00317,0.5106995980343123,Male,South,Graduate,Salaried,-0.6367767263174812,0.8073235228859561,Other,0.04104784535165105,-1.0140916844872436,1.6277708588030992,0.39311359863458184,2019-06-10,1,Hosur,Chhattisgarh,Current,True,5,27212.751666666667,136451.315,6.52,4.820833333333334,6.12,1,2019,6,10,0,2634,2.0,1,0.0,1.0,0.0,0.0,0.0,0.0,1.0,Very Low,Low,0,3,1,3.2641619632126666,31.833333333333332,34.44420881211604
CUST00318,1.5057078930871979,Male,North,Graduate,Salaried,-0.5903707004701112,-0.48764640099781753,Education,-0.9554835503596951,0.721871256147125,1.1795960628771358,-0.4011891253888937,2017-10-10,0,Madanapalle,Kerala,NRI,True,4,29001.271666666667,192646.69333333333,6.52,4.820833333333334,6.12,0,2017,10,10,1,3242,2.0,1,1.0,0.0,0.0,0.0,1.0,0.0,0.0,Very Low,High,0,3,1,2.806152914977769,27.666666666666668,21.549284817730893
CUST00319,0.5936169559553861,Female,North,Primary,Salaried,0.1918573096283632,-0.1192110108838443,Car,0.3488502844374472,-0.14611021417005934,-1.5273797045156834,-0.8409224603889383,2018-01-13,1,Buxar,Punjab,NRI,True,4,21361.469999999998,267559.51666666666,6.52,4.820833333333334,6.12,0,2018,1,13,5,3147,0.0,0,1.0,0.0,0.0,1.0,0.0,0.0,0.0,Very Low,Medium,0,0,2,1.0595150081731206,2.5,14.410535621579967
CUST00320,1.6715426089293453,Female,South,Primary,Salaried,-0.6957942637278781,0.14610052605459062,Home,0.355534376635104,-0.4354373709424541,-1.1688398677749128,0.9562231826426526,2022-10-12,1,Amritsar,Haryana,Savings,True,4,26382.343333333334,171002.35,6.52,4.820833333333334,6.12,0,2022,10,12,2,1414,0.0,0,0.0,1.0,0.0,0.0,0.0,1.0,0.0,Very Low,Medium,0,0,2,8.284042529942774,5.833333333333333,43.58588120814235
CUST00321,-1.3963996341503848,Male,East,Secondary,Unemployed,0.3090070642694957,-0.10773272523380797,Other,0.05314408895970613,0.4325440993747302,0.7672752506252494,-0.5436998329185636,2023-04-04,1,Bangalore,Sikkim,Savings,True,4,31928.328333333335,271714.5366666667,6.52,4.820833333333334,6.12,0,2023,4,4,1,1240,1.0,1,0.0,0.0,0.0,0.0,0.0,0.0,1.0,Very Low,High,0,2,0,0.9629245935846033,23.833333333333332,19.235727673330576
CUST00322,-1.3963996341503848,Male,East,Secondary,Self-Employed,-0.6487863775418202,-0.5735660516829465,Education,-0.02627865276358399,0.4325440993747302,0.42666240572151715,-1.0947437326531768,2022-09-30,1,Guntakal,Kerala,NRI,True,5,28017.001666666667,175839.85333333336,6.52,4.820833333333334,6.12,1,2022,9,30,4,1426,1.0,1,0.0,0.0,0.0,0.0,1.0,0.0,0.0,Very Low,High,0,2,0,1.1006701607075065,20.666666666666668,10.289932840027928
CUST00323,1.2569558193239765,Female,East,Post-Graduate,Self-Employed,-0.3727459578738546,0.5119177038705258,Education,-0.0015715913035006606,1.5898527264643094,-0.7206650718489492,-0.5553511170873953,2020-07-13,1,Madanapalle,Telangana,Savings,True,4,30120.453333333335,205651.92833333334,6.52,4.820833333333334,6.12,0,2020,7,13,0,2235,3.0,0,0.0,0.0,0.0,0.0,1.0,0.0,0.0,Very Low,High,0,1,3,3.5295793143464533,10.0,19.04657759332956
CUST00324,1.5886252510082715,Female,South,Secondary,Salaried,-0.7045446095255987,0.018325414742034314,Education,-3.0317244944914106,1.5898527264643094,-1.043350924915643,-0.014953209855402839,2019-12-01,1,Tiruvottiyur,Madhya Pradesh,Current,True,4,27002.208333333332,285490.75833333336,6.52,4.820833333333334,6.12,0,2019,12,1,6,2460,1.0,0,0.0,1.0,0.0,0.0,1.0,0.0,0.0,Very Low,High,0,0,2,10.16218566219999,7.0,27.819542521843875
CUST00325,0.5106995980343123,Female,West,Post-Graduate,Self-Employed,-0.3897781871117826,-0.1702486304283983,Home,-0.5278985428103372,-1.0140916844872436,-1.3481097861452982,-1.4037044362969657,2022-12-23,1,Kakinada,Mizoram,NRI,True,4,19399.15166666667,91405.00833333335,6.52,4.820833333333334,6.12,0,2022,12,23,4,1342,3.0,0,0.0,0.0,1.0,0.0,0.0,1.0,0.0,Very Low,Low,0,0,2,2.261799148666993,4.166666666666667,5.274181703537225
CUST00326,1.5886252510082715,Female,East,Secondary,Unemployed,-0.2977405646176276,-0.18299617586094083,Car,-0.3676861777372997,-1.3034188412596384,0.24739248735113178,0.3543355752727002,2019-05-09,1,Ratlam,Odisha,Current,False,5,32539.575,367177.0233333334,6.52,4.820833333333334,6.12,0,2019,5,9,3,2666,1.0,0,0.0,0.0,0.0,1.0,0.0,0.0,0.0,Very Low,Low,0,2,0,1.870661984827647,19.0,33.814675954201306
CUST00327,-1.0647302024660896,Female,East,Secondary,Self-Employed,-0.5419458799334474,1.0457282933278207,Education,1.5186550423184406,-1.3034188412596384,-0.03943938204148483,-0.11072605828806623,2017-11-28,1,Udupi,Maharashtra,Current,True,5,26227.605,167956.50166666668,6.52,4.820833333333334,6.12,0,2017,11,28,1,3193,1.0,0,0.0,0.0,0.0,0.0,1.0,0.0,0.0,Very Low,Low,1,2,3,7.010938191653645,16.333333333333332,26.264740348927667
CUST00328,0.5936169559553861,Male,East,Graduate,Salaried,-0.4313787971248746,-0.5810676379491727,Car,0.4903088668062721,-0.4354373709424541,0.7493482587882109,-0.5607524474251563,2022-04-19,1,Vellore,Madhya Pradesh,NRI,True,4,23430.743333333332,217782.34166666667,6.52,4.820833333333334,6.12,0,2022,4,19,1,1590,2.0,1,0.0,0.0,0.0,1.0,0.0,0.0,0.0,Very Low,Medium,0,2,0,1.559064757606658,23.666666666666668,18.95889094431344
CUST00329,-0.6501434128607207,Male,South,Graduate,Self-Employed,0.6057371833038551,-0.043832912715640555,Business,0.2650763191952886,1.0111984129195197,1.0361801281808274,0.835234250403567,2021-10-09,1,Korba,Mizoram,Savings,False,4,34894.12,284816.3416666667,6.52,4.820833333333334,6.12,0,2021,10,9,5,1782,2.0,1,0.0,1.0,0.0,0.0,0.0,0.0,0.0,Very Low,High,0,3,1,0.810184524067126,26.333333333333332,41.621714350597095
CUST00330,1.3398731772450503,Female,North,Graduate,Salaried,0.011579020677779018,-0.5074210903945109,Home,1.312219320990274,1.5898527264643094,0.7134942751141338,-0.7550033500155211,2017-07-06,0,Kottayam,Goa,Savings,True,3,33721.9,243670.3966666667,6.52,4.820833333333334,6.12,0,2017,7,6,3,3338,2.0,0,1.0,0.0,0.0,0.0,0.0,1.0,0.0,Very Low,High,1,2,0,0.849355170232664,23.333333333333332,15.805369561363433
CUST00331,1.5057078930871979,Female,South,Graduate,Salaried,-0.5250229345009652,-0.8958423705715209,Car,-0.1961243807250143,0.14321694260233545,-1.5811606800267992,0.15754522425406353,2020-07-01,1,Thane,Punjab,Current,False,2,27701.76,321526.77999999997,6.52,4.820833333333334,6.12,0,2020,7,1,2,2247,2.0,0,0.0,1.0,0.0,1.0,0.0,0.0,0.0,Very Low,High,0,0,2,1.0904254314792647,2.0,30.619928482658334
CUST00332,1.008203745560755,Female,West,Graduate,Salaried,-0.6367767263174812,-0.9008340406458668,Car,0.6757730622580055,0.4325440993747302,1.6456978506401378,-0.36720766844518304,2018-10-25,1,Bhimavaram,Odisha,Current,True,4,29022.823333333334,149272.41333333333,6.52,4.820833333333334,6.12,0,2018,10,25,3,2862,2.0,0,0.0,0.0,1.0,1.0,0.0,0.0,0.0,Very Low,High,1,3,1,1.611500642594034,32.0,22.10094892670941
CUST00333,1.2569558193239765,Male,North,Secondary,Self-Employed,1.164346037742285,-0.673246860391006,Education,-0.5636310403857575,1.0111984129195197,-0.43383320245633267,-1.558663441259339,2023-11-05,1,Bathinda,Andhra Pradesh,Savings,True,6,40648.865,283224.6816666667,6.52,4.820833333333334,6.12,1,2023,11,5,6,1025,1.0,1,1.0,0.0,0.0,0.0,1.0,0.0,0.0,Low,High,0,1,3,0.9444964763820978,12.666666666666666,2.758535551508797
CUST00334,1.6715426089293453,Male,North,Post-Graduate,Self-Employed,-0.34602844066694965,-0.5557282421268877,Education,-1.1110428479039693,0.4325440993747302,0.4087354138844786,1.5789269829530992,2019-01-08,1,Panihati,Tripura,Savings,False,2,26056.671666666665,286355.87,6.52,4.820833333333334,6.12,0,2019,1,8,1,2787,3.0,1,1.0,0.0,0.0,0.0,1.0,0.0,0.0,Very Low,High,0,2,0,1.3482951876176856,20.5,53.69502213534969
CUST00335,-0.6501434128607207,Female,North,Post-Graduate,Salaried,-0.0724714119935574,1.6913341633189745,Home,1.8719617212637731,1.5898527264643094,-1.1150588922637972,-1.3436447089198975,2020-10-10,1,Gangtok,Manipur,NRI,True,5,13760.35,256083.63,6.52,4.820833333333334,6.12,0,2020,10,10,5,2146,3.0,0,1.0,0.0,0.0,0.0,0.0,1.0,0.0,Very Low,High,1,0,2,3.6282405746565045,6.333333333333333,6.249207466671704
CUST00336,-0.31847398117642556,Female,North,Graduate,Salaried,-0.4365331727756997,0.1435648501663208,Car,0.378994266471396,0.4325440993747302,0.8569102098104421,1.330666340834061,2023-01-15,0,Meerut,Manipur,NRI,True,3,28215.728333333333,291040.38333333336,6.52,4.820833333333334,6.12,0,2023,1,15,6,1319,2.0,0,1.0,0.0,0.0,1.0,0.0,0.0,0.0,Very Low,High,0,2,1,3.223185891606625,24.666666666666668,49.66469211872037
CUST00337,0.0,Female,West,Secondary,Salaried,-0.06519559849654447,0.20887478751652483,Other,0.6677443405218106,1.0111984129195197,0.15775752816593908,1.722004460388353,2022-03-18,1,Secunderabad,Telangana,Current,False,4,16922.565,235604.39333333334,6.52,4.820833333333334,6.12,0,2022,3,18,4,1622,1.0,0,0.0,0.0,1.0,0.0,0.0,0.0,1.0,Very Low,High,1,2,0,1.7990600108112447,18.166666666666668,56.01778037479068
CUST00338,1.008203745560755,Female,East,Graduate,Salaried,1.0092519859793425,-0.5479918566658419,Education,-1.139190060751907,1.5898527264643094,0.8031292342993265,-0.1521884003746283,2025-11-01,0,Gorakhpur,Manipur,NRI,False,5,28737.135,206396.34166666667,6.52,4.820833333333334,6.12,0,2025,11,1,5,298,2.0,0,0.0,0.0,0.0,0.0,1.0,0.0,0.0,Low,High,0,2,0,0.3754481689734345,24.166666666666668,25.59162953907526
CUST00339,0.5106995980343123,Female,South,Primary,Salaried,6.695133380197381,-0.24369303343441803,Education,0.5270416376239148,1.3005255696919145,-0.1649283249007546,0.1491886277905114,2017-04-13,1,Howrah,Maharashtra,Savings,False,2,23526.065,311318.5966666667,6.52,4.820833333333334,6.12,0,2017,4,13,3,3422,0.0,0,0.0,1.0,0.0,0.0,1.0,0.0,0.0,Very High,High,0,1,3,0.10422296893344872,15.166666666666666,30.48426524874241
CUST00340,1.1740384614029027,Female,North,Primary,Salaried,-0.292270799472595,1.8956993759915548,Business,1.8552690584061964,-1.0140916844872436,0.9644721608326733,-0.9081744263057557,2021-06-18,1,Baranagar,Nagaland,Savings,False,2,25819.26,229813.8866666667,6.52,4.820833333333334,6.12,0,2021,6,18,4,1895,0.0,0,1.0,0.0,0.0,0.0,0.0,0.0,0.0,Very Low,Low,1,3,1,5.375863273765775,25.666666666666668,13.318749124137828
CUST00341,1.2569558193239765,Female,South,Secondary,Self-Employed,-0.3365714730168069,-0.730555281299167,Home,-0.2982581414286216,1.3005255696919145,1.054107120017866,-0.44196063764933596,2025-05-29,1,Bulandshahr,Chhattisgarh,Current,True,5,24091.061666666665,235809.32833333334,6.52,4.820833333333334,6.12,0,2025,5,29,3,454,1.0,0,0.0,1.0,0.0,0.0,0.0,1.0,0.0,Very Low,High,0,3,1,1.0026737070426341,26.5,20.88738912502645
CUST00342,0.09611280842894337,Female,South,Graduate,Salaried,-0.38846411687667726,-0.01832165469675655,Car,-1.3231740329354755,-1.3034188412596384,-0.5772491371526409,-0.6182206517067738,2020-03-06,1,Bhatpara,Goa,Current,False,6,21815.686666666665,233676.36,6.52,4.820833333333334,6.12,0,2020,3,6,4,2364,2.0,0,0.0,1.0,0.0,1.0,0.0,0.0,0.0,Very Low,Low,0,1,3,2.565390559280125,11.333333333333334,18.02593666392077
CUST00343,1.6715426089293453,Female,North,Post-Graduate,Salaried,0.32815802145194933,0.9647870811067607,Car,0.18513063754220926,-0.7247645277148489,-1.6887226310490304,-1.4689139254988839,2022-09-02,1,Farrukhabad,Gujarat,NRI,False,5,28351.031666666666,153308.76,6.52,4.820833333333334,6.12,0,2022,9,2,4,1454,3.0,0,1.0,0.0,0.0,1.0,0.0,0.0,0.0,Very Low,Medium,0,0,2,1.8171300257714673,1.0,4.21555332226711
CUST00344,-0.40139133909749936,Male,South,Graduate,Salaried,-0.45934901821133095,0.34677169556845916,Car,-1.092804790654594,-1.5927459980320333,0.22946549551409323,0.6530409293398194,2021-03-19,1,Salem,Meghalaya,NRI,True,5,18701.91,304232.95666666667,6.52,4.820833333333334,6.12,0,2021,3,19,4,1986,2.0,1,0.0,1.0,0.0,1.0,0.0,0.0,0.0,Very Low,None,0,2,0,3.8936415496305075,18.833333333333332,38.663938988199874
CUST00345,-0.898895486623942,Male,South,Graduate,Salaried,-0.25949876709415154,1.1884107483927229,Education,-1.6395475540718165,-1.0140916844872436,-1.2584748269601054,0.24892129610945077,2019-01-07,1,Kalyan-Dombivli,Madhya Pradesh,Current,True,2,32321.658333333336,273037.6533333333,6.52,4.820833333333334,6.12,0,2019,1,7,0,2788,2.0,1,0.0,1.0,0.0,0.0,1.0,0.0,0.0,Very Low,Low,0,0,2,3.94964745364577,5.0,32.103352202411145
CUST00346,0.0,Female,East,Graduate,Self-Employed,-0.257337040184756,-0.16242957926699333,Home,-0.7773406306915508,1.3005255696919145,-0.23663629224890875,-0.4067829548432727,2022-12-30,1,Bongaigaon,Haryana,NRI,False,3,20489.488333333335,237074.29833333334,6.52,4.820833333333334,6.12,0,2022,12,30,4,1335,2.0,0,0.0,0.0,0.0,0.0,0.0,1.0,0.0,Very Low,High,0,1,3,1.778382180297945,14.5,21.45847308629632
CUST00347,0.0,Male,East,Secondary,Self-Employed,-0.42789866590616005,0.07775147383631151,Car,-0.5236462593466062,0.721871256147125,0.19361151184001615,-0.6084589654843595,2024-04-22,1,Ghaziabad,Andhra Pradesh,NRI,False,3,33122.39833333333,245622.57499999998,6.52,4.820833333333334,6.12,0,2024,4,22,0,856,1.0,1,0.0,0.0,0.0,1.0,0.0,0.0,0.0,Very Low,High,0,2,0,3.0125392854102153,18.5,18.184410502783432
CUST00348,-0.567226054939647,Male,North,Secondary,Salaried,-0.604291053800528,-0.21837930579176484,Other,-1.0418422222949426,0.14321694260233545,-0.48761417796744827,0.03558547985816062,2019-11-10,1,Bongaigaon,Kerala,Current,False,4,26003.111666666668,167248.81333333332,6.52,4.820833333333334,6.12,0,2019,11,10,6,2481,1.0,1,1.0,0.0,0.0,0.0,0.0,0.0,1.0,Very Low,High,0,1,3,3.9683224227339515,12.166666666666666,28.64000119952676
CUST00349,-1.4793169920714586,Male,South,Post-Graduate,Salaried,-0.1503503831954663,0.031116431435605895,Business,1.3820003781446133,0.14321694260233545,0.01434159346963078,0.6300587057158674,2018-03-06,1,Bhalswa Jahangir Pur,West Bengal,NRI,False,3,29833.326666666664,327226.72500000003,6.52,4.820833333333334,6.12,0,2018,3,6,1,3095,3.0,1,0.0,1.0,0.0,0.0,0.0,0.0,0.0,Very Low,High,1,2,0,1.7733665255146738,16.833333333333332,38.2908393904147
CUST00350,0.0,Male,East,Primary,Salaried,-0.296664028296854,-0.6425190570695384,Business,1.971947542200264,-1.5927459980320333,-1.1867668596119512,0.8886116067197996,2024-12-31,1,Purnia,Bihar,Current,True,3,27371.048333333336,212089.83666666667,6.52,4.820833333333334,6.12,0,2024,12,31,1,603,0.0,1,0.0,0.0,0.0,0.0,0.0,0.0,0.0,Very Low,None,1,0,2,1.082192059972843,5.666666666666667,42.48825670517007
CUST00351,0.6765343138764599,Male,East,Post-Graduate,Self-Employed,-0.07055614233150329,0.21185169678363922,Car,0.6399048909923523,0.14321694260233545,-1.5811606800267992,1.2609467380379853,2020-02-23,1,Thrissur,Mizoram,Savings,False,3,24477.808333333334,277843.99666666664,6.52,4.820833333333334,6.12,0,2020,2,23,6,2376,3.0,1,0.0,0.0,0.0,1.0,0.0,0.0,0.0,Very Low,High,0,0,2,1.8148855708448364,2.0,48.53284534068068
CUST00352,-0.9818128445450158,Male,West,Graduate,Unemployed,-0.43609540999720414,-0.11617841747940881,Education,0.39487977877240116,1.0111984129195197,-1.043350924915643,-1.1756988956447818,2023-04-02,0,Shahjahanpur,Uttarakhand,Current,True,2,31796.285,202864.06999999998,6.52,4.820833333333334,6.12,0,2023,4,2,6,1242,2.0,1,0.0,0.0,1.0,0.0,1.0,0.0,0.0,Very Low,High,0,0,2,2.6307537120898323,7.0,8.975684956749921
CUST00353,0.09611280842894337,Female,East,Graduate,Self-Employed,0.35718443290298274,-0.24300512668168883,Business,-0.15641145560277417,0.14321694260233545,1.6636248424771762,0.7915619111311083,2025-10-15,1,Ranchi,Tamil Nadu,Current,False,6,25387.850000000002,335945.06666666665,6.52,4.820833333333334,6.12,0,2025,10,15,2,315,2.0,0,0.0,0.0,0.0,0.0,0.0,0.0,0.0,Very Low,High,0,3,1,0.8177750617931367,32.166666666666664,40.91272585220349
CUST00354,0.0,Male,North,Graduate,Self-Employed,-0.5152382283116459,1.121383003046817,Business,-0.0175514539906651,-0.7247645277148489,-0.2724902759229858,-0.4916068754965233,2021-10-15,1,Kota,Gujarat,Current,True,5,24842.49,271423.1933333333,6.52,4.820833333333334,6.12,0,2021,10,15,4,1776,2.0,1,1.0,0.0,0.0,0.0,0.0,0.0,0.0,Very Low,Medium,0,1,3,6.680834768202597,14.166666666666666,20.0814187509053
CUST00355,1.1740384614029027,Male,North,Graduate,Self-Employed,0.7748702960438648,-0.39928702160037266,Business,1.6716017125915452,0.14321694260233545,0.2115385036770547,1.1760126172410827,2018-09-07,1,Patiala,West Bengal,Current,False,5,25939.035000000003,288704.31,6.52,4.820833333333334,6.12,0,2018,9,7,4,2910,2.0,1,1.0,0.0,0.0,0.0,0.0,0.0,0.0,Very Low,High,1,2,0,0.5168924276032576,18.666666666666668,47.154001986526936
CUST00356,-1.3963996341503848,Male,East,Post-Graduate,Salaried,-0.6561136311846515,0.5554012330974388,Business,-0.07344741195067638,0.4325440993747302,-0.5593221453156024,-0.7639506400498308,2022-10-22,0,Bokaro,Rajasthan,Savings,False,5,20544.683333333334,176648.80333333334,6.52,4.820833333333334,6.12,0,2022,10,22,5,1404,3.0,1,0.0,0.0,0.0,0.0,0.0,0.0,0.0,Very Low,High,0,1,3,8.606037711209336,11.5,15.660116849193791
CUST00357,1.2569558193239765,Female,North,Post-Graduate,Unemployed,-0.10101966413897907,0.6487806819675378,Car,-1.000689137498286,-1.0140916844872436,-0.5234681616415253,-1.1017417512473229,2025-09-15,1,Bihar Sharif,Assam,Savings,False,5,35525.61833333334,212840.18833333335,6.52,4.820833333333334,6.12,0,2025,9,15,0,345,3.0,0,1.0,0.0,0.0,1.0,0.0,0.0,0.0,Very Low,Low,0,1,3,2.4418829823182935,11.833333333333334,10.176325124539169
CUST00358,1.754459966850419,Male,East,Graduate,Salaried,-0.08224122551909624,0.2596183385679786,Home,1.055453744088313,1.0111984129195197,1.3947199649215982,-0.8354982515006004,2025-07-12,0,Darbhanga,Rajasthan,Current,False,2,22644.976666666666,200927.9,6.52,4.820833333333334,6.12,0,2025,7,12,5,410,2.0,1,0.0,0.0,0.0,0.0,0.0,1.0,0.0,Very Low,High,1,3,1,1.9012397374754928,29.666666666666668,14.49859368713775
CUST00359,-0.23555662325535176,Female,West,Secondary,Salaried,-0.49795243376091497,-0.6581289894868317,Home,-0.08468885378449618,-1.3034188412596384,-0.11114734938963898,0.9713013767494556,2026-03-12,0,Bahraich,Mizoram,Current,False,4,16319.011666666667,336035.60333333333,6.52,4.820833333333334,6.12,0,2026,3,12,3,167,1.0,0,0.0,0.0,1.0,0.0,0.0,1.0,0.0,Very Low,Low,0,1,3,1.6401178157496585,15.666666666666666,43.83066466550597
CUST00360,1.2569558193239765,Female,East,Graduate,Salaried,6.695133380197381,-0.07796388948952236,Education,1.0162082653280515,0.14321694260233545,-0.021512390204446296,-1.0252325664451796,2023-06-11,0,Karimnagar,Arunachal Pradesh,NRI,True,2,29455.953333333335,312773.4816666667,6.52,4.820833333333334,6.12,0,2023,6,11,6,1172,2.0,0,0.0,0.0,0.0,0.0,1.0,0.0,0.0,Very High,High,1,2,3,0.15294405281750517,16.5,11.4183958024522
CUST00361,-1.1476475603871634,Female,South,Post-Graduate,Salaried,0.4008654190817577,1.3895830634121489,Other,-0.4368538010533237,-0.4354373709424541,-0.43383320245633267,-1.432321373965131,2018-03-22,1,Raebareli,Himachal Pradesh,NRI,True,4,21573.97,251045.2616666667,6.52,4.820833333333334,6.12,0,2018,3,22,3,3079,3.0,0,0.0,1.0,0.0,0.0,0.0,0.0,1.0,Very Low,Medium,0,1,3,2.0370878177017766,12.666666666666666,4.809606642893039
CUST00362,-1.2305649183082372,Male,East,Secondary,Salaried,-0.32657857565343296,-0.8727827116910436,Home,1.0584711393164472,-0.4354373709424541,-0.9537159657304503,1.5648342631646142,2024-02-05,1,Thrissur,Uttarakhand,Savings,True,5,32461.60666666667,149319.71833333335,6.52,4.820833333333334,6.12,1,2024,2,5,0,933,1.0,1,0.0,0.0,0.0,0.0,0.0,1.0,0.0,Very Low,Medium,1,0,2,0.6318761289308615,7.833333333333333,53.46623713304456
CUST00363,1.5057078930871979,Female,South,Graduate,Salaried,-0.06936693803286391,-0.36454063708755285,Other,1.0187989453739643,-0.4354373709424541,1.6277708588030992,-0.9863992411050466,2025-11-21,1,Uluberia,West Bengal,NRI,False,3,18742.461666666666,309220.255,6.52,4.820833333333334,6.12,0,2025,11,21,4,278,2.0,0,0.0,1.0,0.0,0.0,0.0,0.0,1.0,Very Low,Medium,1,3,1,1.110173574115785,31.833333333333332,12.048826447551493
CUST00364,-0.7330607707817945,Male,East,Graduate,Salaried,-0.7045446095255987,0.514193100358924,Home,1.3802840369286118,0.14321694260233545,-0.8999349902193347,1.1296230298714232,2025-09-21,1,Bulandshahr,Kerala,Current,True,4,29338.048333333336,287949.1866666667,6.52,4.820833333333334,6.12,0,2025,9,21,6,339,2.0,1,0.0,0.0,0.0,0.0,0.0,1.0,0.0,Very Low,High,1,0,2,13.15854734989251,8.333333333333334,46.400900951908085
CUST00365,1.2569558193239765,Female,West,Graduate,Salaried,-0.5332164729718203,-0.3309673757108413,Home,-0.7507936262501251,0.721871256147125,0.5162973649067099,1.2244356870732285,2023-02-04,0,Ichalkaranji,Andhra Pradesh,NRI,False,4,27967.925,262353.82166666666,6.52,4.820833333333334,6.12,0,2023,2,4,5,1299,2.0,0,0.0,0.0,1.0,0.0,0.0,1.0,0.0,Very Low,High,0,2,0,2.777970153849356,21.5,47.94011512220575
CUST00366,0.4277822401132385,Female,South,Secondary,Salaried,0.6954979739025879,0.22495788630163144,Education,-0.09459414187889993,1.3005255696919145,1.1975230547141742,-1.163622699735154,2025-01-16,0,Anantapuram,Gujarat,NRI,False,4,24702.413333333334,292854.0333333333,6.52,4.820833333333334,6.12,0,2025,1,16,3,587,1.0,0,0.0,1.0,0.0,0.0,1.0,0.0,0.0,Very Low,High,0,3,1,0.9300102030250403,27.833333333333332,9.171733168201548
CUST00367,-0.31847398117642556,Male,West,Graduate,Salaried,-0.44821428627761445,0.7494067778255988,Business,2.0328758629572303,0.4325440993747302,-1.0254239330786044,0.13694483093738172,2019-10-22,1,Karaikudi,West Bengal,Current,True,4,29053.581666666665,286402.8133333333,6.52,4.820833333333334,6.12,0,2019,10,22,1,2500,2.0,1,0.0,0.0,1.0,0.0,0.0,0.0,0.0,Very Low,High,1,0,2,4.728700232815,7.166666666666667,30.285496158509336
CUST00368,0.17903016635001717,Male,West,Post-Graduate,Salaried,-0.5717574903510383,-0.15172011537194913,Education,-0.26574283622371453,-0.14611021417005934,-0.8103000310341419,-0.2287168057768176,2021-02-14,0,Pali,Manipur,Savings,False,5,25700.895,160604.86000000002,6.52,4.820833333333334,6.12,0,2021,2,14,6,2019,3.0,1,0.0,0.0,1.0,0.0,1.0,0.0,0.0,Very Low,Medium,0,1,2,3.744584386025603,9.166666666666666,24.349246828773037
CUST00369,1.5886252510082715,Male,North,Secondary,Salaried,0.2597877497896009,0.015294436741122299,Home,0.8420259370761268,0.14321694260233545,-1.6528686473749532,-0.35121867067536955,2017-10-21,0,Thane,Tamil Nadu,Savings,False,3,20535.115,229774.74333333332,6.52,4.820833333333334,6.12,1,2017,10,21,5,3231,1.0,1,1.0,0.0,0.0,0.0,0.0,1.0,0.0,Very Low,High,1,0,2,2.023260107787369,1.3333333333333333,22.360518615635776
CUST00370,-1.6451517079136062,Female,North,Secondary,Self-Employed,1.164346037742285,-0.22780538642934692,Business,-0.274035524808281,0.721871256147125,0.4445893975585557,3.1464281345616927,2022-10-14,1,Adoni,Tamil Nadu,NRI,True,5,31586.693333333333,382073.865,6.52,4.820833333333334,6.12,0,2022,10,14,4,1412,1.0,0,1.0,0.0,0.0,0.0,0.0,0.0,0.0,Low,High,0,2,0,0.4991686494840627,20.833333333333332,79.14225730120393
CUST00371,-0.48430869701857315,Male,North,Post-Graduate,Self-Employed,0.12128460076032285,6.216083252814687,Business,-1.944652329742148,1.3005255696919145,-0.29041726776002436,1.003121180639397,2018-10-21,1,Karnal,Punjab,Current,False,3,23123.948333333334,304573.325,6.52,4.820833333333334,6.12,1,2018,10,21,6,2866,3.0,1,1.0,0.0,0.0,0.0,0.0,0.0,0.0,Very Low,High,0,1,3,14.56409637209152,14.0,44.34723591758304
CUST00372,-0.6501434128607207,Female,North,Secondary,Self-Employed,-0.549654444859509,1.5887733106346593,Business,-0.3004639298622671,-0.14611021417005934,-0.34419824327113996,-0.6604659386250795,2022-07-02,1,Suryapet,Jharkhand,Current,False,5,29494.798333333336,205040.7616666667,6.52,4.820833333333334,6.12,0,2022,7,2,5,1516,1.0,0,1.0,0.0,0.0,0.0,0.0,0.0,0.0,Very Low,Medium,0,1,3,8.864620495354234,13.5,17.340115317151167
CUST00373,-0.40139133909749936,Male,North,Post-Graduate,Self-Employed,-0.2032784335696779,-0.30637644554664584,Other,0.02903840611641753,-1.5927459980320333,1.4843549241067908,1.6403083924029638,2026-01-13,1,Suryapet,Kerala,Current,False,6,21742.825,268697.27499999997,6.52,4.820833333333334,6.12,1,2026,1,13,1,225,3.0,1,1.0,0.0,0.0,0.0,0.0,0.0,1.0,Very Low,None,0,3,1,1.519286198685006,30.5,54.691504440628606
CUST00374,-1.313482276229311,Female,East,Graduate,Salaried,0.9243102411815607,-0.43693283439175146,Home,-1.8921022056834962,-0.7247645277148489,0.6597132996030182,0.6599248770126179,2024-07-03,1,Faridabad,Manipur,Current,False,5,24608.596666666668,196544.94499999998,6.52,4.820833333333334,6.12,0,2024,7,3,2,784,2.0,0,0.0,0.0,0.0,0.0,0.0,1.0,0.0,Low,Medium,0,2,0,0.45329971572437316,22.833333333333332,38.77569484568002
CUST00375,1.091121103481829,Female,North,Secondary,Self-Employed,-0.31085848682375145,0.4094679428288497,Car,-0.48527636649130673,0.4325440993747302,-0.7385920636859878,0.1679949231598369,2025-01-29,1,Sikar,Kerala,Current,False,4,33541.028333333335,203017.1083333333,6.52,4.820833333333334,6.12,0,2025,1,29,2,574,1.0,0,1.0,0.0,0.0,1.0,0.0,0.0,0.0,Very Low,High,0,1,3,2.9533055559524533,9.833333333333334,30.789571704415906
CUST00376,-0.40139133909749936,Female,South,Post-Graduate,Salaried,-0.5828646450234457,-0.6192016945485795,Education,-1.0252184105877105,0.14321694260233545,-1.3660367779823366,-1.6838406111897863,2025-06-17,1,Ratlam,Sikkim,Current,True,4,32589.51,267888.34,6.52,4.820833333333334,6.12,0,2025,6,17,1,435,3.0,0,0.0,1.0,0.0,0.0,1.0,0.0,0.0,Very Low,High,0,0,2,2.274929699515688,4.0,0.7263757171461416
CUST00377,1.3398731772450503,Female,West,Graduate,Salaried,1.1985882374123613,-0.539807136830502,Other,0.8909064688489269,-1.0140916844872436,1.0003261445067504,-0.8769336950998392,2024-08-06,0,Gaya,Manipur,Savings,True,3,25921.426666666666,293670.2166666667,6.52,4.820833333333334,6.12,0,2024,8,6,1,750,2.0,0,0.0,0.0,1.0,0.0,0.0,0.0,1.0,Low,Low,1,3,1,0.34477277217144797,26.0,13.82591955456103
CUST00378,0.0,Male,North,Graduate,Self-Employed,0.6633967123366636,-0.5374560624807955,Education,0.10677402844999336,1.0111984129195197,1.2154500465512128,-0.23132559108201503,2022-04-15,1,Satna,Meghalaya,Current,True,3,19866.423333333332,246350.81999999998,6.52,4.820833333333334,6.12,0,2022,4,15,4,1594,2.0,1,1.0,0.0,0.0,0.0,1.0,0.0,0.0,Very Low,High,0,3,1,0.46727282989366353,28.0,24.30689510667672
CUST00379,-1.313482276229311,Male,West,Secondary,Salaried,0.01895332763166139,-0.3951075111647089,Car,-0.024737683236374677,-1.0140916844872436,-1.1150588922637972,-0.7642894366827508,2025-04-18,0,Madurai,Andhra Pradesh,NRI,True,5,24853.443333333333,252785.4833333333,6.52,4.820833333333334,6.12,0,2025,4,18,4,495,1.0,1,0.0,0.0,1.0,1.0,0.0,0.0,0.0,Very Low,Low,0,0,2,0.965304006686994,6.333333333333333,15.654616733559129
CUST00380,1.3398731772450503,Male,South,Graduate,Self-Employed,-0.5016072700063456,-0.37565744151841557,Business,0.7151322016476411,1.3005255696919145,0.46251638939559425,-1.1804877209699,2025-11-15,1,Akola,Uttarakhand,Savings,True,3,18714.481666666667,310714.96,6.52,4.820833333333334,6.12,0,2025,11,15,5,284,2.0,1,0.0,1.0,0.0,0.0,0.0,0.0,0.0,Very Low,High,1,2,0,2.4140967094941956,21.0,8.897941878799754
CUST00381,-0.06972190741320419,Male,North,Secondary,Self-Employed,-0.29259197736479975,0.14406973736167925,Car,-1.111582626860782,-1.0140916844872436,0.22946549551409323,0.6696928327026178,2021-02-21,0,Morena,Odisha,NRI,False,5,20004.954999999998,241425.81833333336,6.52,4.820833333333334,6.12,0,2021,2,21,6,2012,1.0,1,1.0,0.0,0.0,1.0,0.0,0.0,0.0,Very Low,Low,0,2,0,2.4083863691173484,18.833333333333332,38.934270464765206
CUST00382,1.091121103481829,Male,East,Secondary,Self-Employed,-0.32934567354411076,-0.4323923357911712,Education,1.0676716909994695,1.5898527264643094,0.5342243567437484,-0.6142160709070682,2017-10-21,1,Berhampur,Himachal Pradesh,Current,False,1,21837.52666666667,246445.62,6.52,4.820833333333334,6.12,0,2017,10,21,5,3231,1.0,1,0.0,0.0,0.0,0.0,1.0,0.0,0.0,Very Low,High,1,2,0,1.5296272493677436,21.666666666666668,18.090948105377255
CUST00383,0.09611280842894337,Male,East,Post-Graduate,Unemployed,-0.1469819933829519,0.17302248630031009,Car,0.6177918540058983,-1.5927459980320333,-0.7565190555230263,1.895100926075855,2021-06-15,1,Ramgarh,Meghalaya,Savings,True,4,17134.485,327054.6716666667,6.52,4.820833333333334,6.12,0,2021,6,15,1,1898,3.0,1,0.0,0.0,0.0,1.0,0.0,0.0,0.0,Very Low,None,0,1,3,1.9566085555689605,9.666666666666666,58.827874941042055
CUST00384,-0.8159781287028683,Male,West,Secondary,Salaried,0.5376550457748106,0.2662641098064626,Home,-0.04821512380576472,1.0111984129195197,1.1795960628771358,-0.1148435993468428,2019-11-01,0,Narasaraopet,Himachal Pradesh,Current,True,4,26002.67,169997.23333333334,6.52,4.820833333333334,6.12,0,2019,11,1,4,2490,1.0,1,0.0,0.0,1.0,0.0,0.0,1.0,0.0,Very Low,High,0,3,1,1.0634148090050113,27.666666666666668,26.197895080252604
CUST00385,0.5936169559553861,Male,East,Graduate,Salaried,0.13147446991641926,-0.5539496509192277,Car,-0.7633983586727646,-1.5927459980320333,0.8748372016474806,-0.3475359466916156,2016-12-20,0,Kozhikode,Nagaland,Current,True,5,30866.17,279931.0883333333,6.52,4.820833333333334,6.12,0,2016,12,20,1,3536,2.0,1,0.0,0.0,0.0,1.0,0.0,0.0,0.0,Very Low,None,0,2,1,0.7015859940585388,24.833333333333332,22.42030494700105
CUST00386,0.4277822401132385,Female,West,Secondary,Salaried,-0.6016523997255316,0.2497919208552586,Home,0.5661281490187514,-0.14611021417005934,0.6597132996030182,0.4334886575914524,2025-03-23,1,Bettiah,Kerala,Current,True,3,28365.468333333334,119362.90333333334,6.52,4.820833333333334,6.12,1,2025,3,23,6,521,1.0,0,0.0,0.0,1.0,0.0,0.0,1.0,0.0,Very Low,Medium,0,2,0,2.3906561645990814,22.833333333333332,35.0996683752917
CUST00387,-1.313482276229311,Male,South,Graduate,Salaried,0.4764907872722122,0.32059367057779775,Car,-0.09334682011299714,-1.5927459980320333,-0.12907434122667752,0.06570343184126372,2020-11-12,1,Amritsar,Haryana,NRI,True,3,24499.850000000002,258927.81166666668,6.52,4.820833333333334,6.12,0,2020,11,12,3,2113,2.0,1,0.0,1.0,0.0,1.0,0.0,0.0,0.0,Very Low,None,0,1,3,1.1512023709091168,15.5,29.12894413015327
CUST00388,-0.06972190741320419,Male,North,Secondary,Self-Employed,-0.15453700280270927,-0.8609950477532504,Home,-0.7296485850067554,-0.4354373709424541,0.8927641934845192,2.159322691662465,2016-09-20,1,Guwahati,Nagaland,Current,True,4,25239.434999999998,281060.7366666667,6.52,4.820833333333334,6.12,0,2016,9,20,1,3627,1.0,1,1.0,0.0,0.0,0.0,0.0,1.0,0.0,Very Low,Medium,0,3,1,0.5664559853783443,25.0,63.117322127680296
CUST00389,-1.2305649183082372,Male,West,Post-Graduate,Self-Employed,0.023252198850484268,-0.1166233667775427,Home,-1.414792314675999,-0.7247645277148489,1.556062891454945,-0.4748063419007677,2026-02-04,1,Alwar,Haryana,Savings,False,3,27074.148333333334,222530.34666666668,6.52,4.820833333333334,6.12,0,2026,2,4,2,203,3.0,1,0.0,0.0,1.0,0.0,0.0,1.0,0.0,Very Low,Medium,0,3,1,1.2642692548837733,31.166666666666668,20.354163130636245
CUST00390,0.0,Female,West,Graduate,Self-Employed,0.5507602668512579,-0.49883303024489445,Car,-0.8986768024358934,-0.4354373709424541,-0.774446047360065,-0.3980777204260526,2018-01-20,1,Chinsurah,Sikkim,NRI,True,3,34972.056666666664,150806.18000000002,6.52,4.820833333333334,6.12,0,2018,1,20,5,3140,2.0,0,0.0,0.0,1.0,1.0,0.0,0.0,0.0,Very Low,Medium,0,1,3,0.5309259231934129,9.5,21.59979620249407
CUST00391,1.5886252510082715,Male,West,Secondary,Salaried,-0.5607261394235329,0.64472961801443,Other,-0.5348556112629224,0.14321694260233545,-0.8282270228711806,-0.1229204211348831,2020-09-18,1,Nagpur,Goa,NRI,False,5,37405.138333333336,313383.26166666666,6.52,4.820833333333334,6.12,0,2020,9,18,4,2168,1.0,1,0.0,0.0,1.0,0.0,0.0,0.0,1.0,Very Low,High,0,1,2,6.162366672165242,9.0,26.06677378364492
CUST00392,-0.48430869701857315,Female,South,Primary,Salaried,-0.2880679064287239,-0.5027862041780801,Business,1.2102159440755431,-0.14611021417005934,-0.43383320245633267,0.4587474901729375,2022-07-05,0,Ranchi,Uttar Pradesh,Savings,True,4,28491.003333333338,99605.41166666667,6.52,4.820833333333334,6.12,0,2022,7,5,1,1513,0.0,0,0.0,1.0,0.0,0.0,0.0,0.0,0.0,Very Low,Medium,1,1,3,1.3010633666305744,12.666666666666666,35.50972705502943
CUST00393,-1.3963996341503848,Male,South,Secondary,Salaried,-0.43554750895009914,-0.763624313919654,Business,0.8941262388240122,1.5898527264643094,1.3767929730845596,-0.5809063665706937,2024-03-06,0,Burhanpur,Bihar,NRI,False,4,35679.23,240992.69333333333,6.52,4.820833333333334,6.12,0,2024,3,6,2,903,1.0,1,0.0,1.0,0.0,0.0,0.0,0.0,0.0,Very Low,High,1,3,1,1.1608090495778933,29.5,18.631706801907036
CUST00394,-0.567226054939647,Male,West,Graduate,Salaried,-0.6327327666448735,-0.28968546011040014,Business,-0.47909168505086114,0.721871256147125,0.8031292342993265,-0.29855185997906114,2023-11-11,1,Asansol,Goa,Current,False,2,25163.311666666665,255689.54666666666,6.52,4.820833333333334,6.12,0,2023,11,11,5,1019,2.0,1,0.0,0.0,1.0,0.0,0.0,0.0,0.0,Very Low,High,0,2,0,4.161107629001505,24.166666666666668,23.215525781562977
CUST00395,-0.06972190741320419,Female,South,Secondary,Self-Employed,-0.14015179991453616,-0.6367163484907555,Home,-0.4383678439595658,-0.14611021417005934,-1.4377447453304908,0.5423886867312584,2022-06-22,1,Tiruppur,Uttarakhand,Current,False,5,30136.98,260313.21,6.52,4.820833333333334,6.12,0,2022,6,22,2,1526,1.0,0,0.0,1.0,0.0,0.0,0.0,1.0,0.0,Very Low,Medium,0,0,2,0.8551141021878235,3.3333333333333335,36.8675807294518
CUST00396,-1.4793169920714586,Other,West,Post-Graduate,Salaried,1.7821617745447873,0.2550494146410315,Business,0.1931330925281913,0.721871256147125,-1.4915257208416064,-1.0252441588105086,2017-07-20,0,Korba,Sikkim,Savings,True,1,29830.265,292967.48833333334,6.52,4.820833333333334,6.12,0,2017,7,20,3,3324,3.0,2,0.0,0.0,1.0,0.0,0.0,0.0,0.0,Low,High,0,0,2,0.5586994855085999,2.8333333333333335,11.418207608876486
CUST00397,-1.3963996341503848,Female,West,Graduate,Salaried,-0.6671893070788074,-0.607835623912215,Home,0.2724693836688306,-0.7247645277148489,-1.3660367779823366,1.3243891031780597,2017-02-01,1,Panihati,Karnataka,Current,False,2,18923.648333333334,251420.52166666664,6.52,4.820833333333334,6.12,0,2017,2,1,2,3493,2.0,0,0.0,0.0,1.0,0.0,0.0,1.0,0.0,Very Low,Medium,0,0,2,3.3191537034934044,4.0,49.56278575478545
CUST00398,-1.2305649183082372,Female,South,Secondary,Salaried,-0.2868471610139726,-0.28359523736072134,Other,0.2578742728749135,-1.5927459980320333,-0.5413951534785639,-0.008334828238958468,2025-02-02,1,Korba,Karnataka,Savings,True,4,32957.31,192146.08666666667,6.52,4.820833333333334,6.12,0,2025,2,2,6,570,1.0,0,0.0,1.0,0.0,0.0,0.0,0.0,1.0,Very Low,None,0,1,3,1.6662986908170567,11.666666666666666,27.92698710855961
CUST00399,1.091121103481829,Male,West,Graduate,Self-Employed,-0.0011000257852715736,0.8926029942170753,Car,-0.7444562570901094,-1.5927459980320333,-0.8820079983822962,-1.0669693190807201,2023-06-20,1,Miryalaguda,Uttar Pradesh,Current,False,6,31506.513333333336,168852.72333333333,6.52,4.820833333333334,6.12,0,2023,6,20,1,1163,2.0,1,0.0,0.0,1.0,1.0,0.0,0.0,0.0,Very Low,None,0,1,2,2.431656117090028,8.5,10.740830137964004
CUST00400,1.1740384614029027,Female,West,Graduate,Self-Employed,5.445367890984467,0.45800180737065416,Car,-0.04770181803683709,1.0111984129195197,0.9106911853215577,-0.4887256548989139,2017-10-14,1,Mango,Uttarakhand,Savings,True,4,34772.635,398726.87000000005,6.52,4.820833333333334,6.12,0,2017,10,14,5,3238,2.0,0,0.0,0.0,1.0,1.0,0.0,0.0,0.0,Very High,High,0,3,1,0.2652271517418677,25.166666666666668,20.128193260791196
CUST00401,-0.567226054939647,Male,North,Secondary,Salaried,-0.44293153590605544,-0.004663884965127753,Home,-0.003137765545557757,0.14321694260233545,1.3767929730845596,0.6860500757733513,2018-07-23,1,Sangli-Miraj & Kupwad,Kerala,Savings,True,1,25954.48,177764.51833333334,6.52,4.820833333333334,6.12,1,2018,7,23,0,2956,1.0,1,1.0,0.0,0.0,0.0,0.0,1.0,0.0,Very Low,High,0,3,1,1.9919906520695119,29.5,39.19981834692072
CUST00402,0.5106995980343123,Male,West,Secondary,Salaried,-0.5927396459571992,-0.3367418977690152,Home,-0.10313447819778013,-1.0140916844872436,1.2333770383882514,-1.0227214816379333,2021-06-02,0,Shivpuri,Tamil Nadu,NRI,False,5,38108.05333333334,298710.535,6.52,4.820833333333334,6.12,0,2021,6,2,2,1911,1.0,1,0.0,0.0,1.0,0.0,0.0,1.0,0.0,Very Low,Low,0,3,1,3.3727177518349216,28.166666666666668,11.459161428395008
CUST00403,-1.6451517079136062,Other,East,Primary,Salaried,-0.18780419187938607,-0.0636100140892227,Other,0.7614050845335272,-1.3034188412596384,0.46251638939559425,-0.08053537417627465,2023-05-30,0,Hosur,Punjab,Savings,True,5,38979.59333333333,279945.8333333333,6.52,4.820833333333334,6.12,0,2023,5,30,1,1184,0.0,2,0.0,0.0,0.0,0.0,0.0,0.0,1.0,Very Low,Low,1,2,0,1.7363190307220622,21.0,26.75486403248756
CUST00404,-1.3963996341503848,Male,West,Graduate,Salaried,-0.48939386717087074,0.1369049635426898,Business,0.7941801291429873,-0.14611021417005934,-0.7565190555230263,-1.1222634748661848,2025-09-27,1,Bharatpur,Maharashtra,Savings,False,2,31557.420000000002,253730.30333333334,6.52,4.820833333333334,6.12,0,2025,9,27,5,333,2.0,1,0.0,0.0,1.0,0.0,0.0,0.0,0.0,Very Low,Medium,1,1,3,3.6639229253866423,9.666666666666666,9.843169945417332
CUST00405,-1.2305649183082372,Female,South,Graduate,Self-Employed,-0.7039594757040847,-0.6647373102056033,Other,-0.970299768382016,-0.14611021417005934,-1.6170146637008762,-1.4210931522529975,2017-11-10,1,Bettiah,Goa,NRI,True,2,27712.255,244584.42333333334,6.52,4.820833333333334,6.12,0,2017,11,10,4,3211,2.0,0,0.0,1.0,0.0,0.0,0.0,0.0,1.0,Very Low,Medium,0,0,2,3.745721103734531,1.6666666666666667,4.991888613218734
CUST00406,0.01319545050786959,Female,West,Graduate,Self-Employed,0.33815727486087427,0.2563912642786917,Car,-0.5316255135735772,0.14321694260233545,-1.4735987290045678,-0.33835880303641597,2025-10-08,1,Madanapalle,Sikkim,NRI,False,3,28946.611666666668,368368.75500000006,6.52,4.820833333333334,6.12,0,2025,10,8,2,322,2.0,0,0.0,0.0,1.0,1.0,0.0,0.0,0.0,Very Low,High,0,0,2,1.232332041243207,3.0,22.569289164655395
CUST00407,0.7594516717975337,Female,South,Post-Graduate,Salaried,0.1796500023130896,-0.6989249813087305,Car,-0.7276927433152018,-0.4354373709424541,0.6417863077659796,-1.2837984246681922,2024-07-24,1,New Delhi,Meghalaya,Current,False,4,26190.941666666666,261407.93666666668,6.52,4.820833333333334,6.12,0,2024,7,24,2,763,3.0,0,0.0,1.0,0.0,1.0,0.0,0.0,0.0,Very Low,Medium,0,2,0,0.5347883497834358,22.666666666666668,7.22076813671833
CUST00408,0.8423690297186075,Other,North,Post-Graduate,Salaried,-0.2571691834359561,0.0569280036435438,Business,1.4470131850743693,0.4325440993747302,-0.18285531673779315,0.7565955957215525,2017-03-25,1,Shimla,Tamil Nadu,Current,False,3,30812.748333333333,210548.09999999998,6.52,4.820833333333334,6.12,0,2017,3,25,5,3441,3.0,2,1.0,0.0,0.0,0.0,0.0,0.0,0.0,Very Low,High,1,1,3,2.128078714159475,15.0,40.34507328608111
CUST00409,-1.1476475603871634,Male,West,Graduate,Unemployed,-0.18930275764737003,-0.7004226101872757,Car,2.353147697464551,0.14321694260233545,1.556062891454945,-1.2017771167248792,2023-11-30,1,Uluberia,Kerala,Current,True,1,30849.085000000003,268791.73333333334,6.52,4.820833333333334,6.12,0,2023,11,30,3,1000,2.0,1,0.0,0.0,1.0,1.0,0.0,0.0,0.0,Very Low,High,1,3,1,0.8262161603395719,31.166666666666668,8.552324103808056
CUST00410,1.5886252510082715,Male,North,Post-Graduate,Salaried,0.25464208333885513,1.3953497336238674,Home,-0.4932906483625089,-1.3034188412596384,1.1795960628771358,1.5215905251616646,2021-04-27,0,Saharsa,Kerala,NRI,True,4,28110.78,381955.64166666666,6.52,4.820833333333334,6.12,0,2021,4,27,1,1947,3.0,1,1.0,0.0,0.0,0.0,0.0,1.0,0.0,Very Low,Low,0,3,1,2.308971060657351,27.666666666666668,52.76420666290272
CUST00411,1.6715426089293453,Male,South,Secondary,Self-Employed,-0.19120946394812932,0.19042723999358468,Car,-0.18265075743520193,-1.5927459980320333,-1.240547835123067,1.805730338277697,2024-10-24,0,Vijayawada,Nagaland,Savings,True,4,26860.668333333335,210938.68499999997,6.52,4.820833333333334,6.12,0,2024,10,24,3,671,1.0,1,0.0,1.0,0.0,1.0,0.0,0.0,0.0,Very Low,None,0,0,2,2.110781301687846,5.166666666666667,57.37700878871005
CUST00412,0.0,Male,West,Secondary,Salaried,0.1462381642015092,-0.8162112898861964,Education,0.8748042351077954,0.721871256147125,-1.5990876718638376,-1.0285024281267061,2019-12-15,1,Kochi,Odisha,Current,True,4,24957.36333333333,351464.24666666664,6.52,4.820833333333334,6.12,0,2019,12,15,6,2446,1.0,1,0.0,0.0,1.0,0.0,1.0,0.0,0.0,Very Low,High,1,0,2,0.4402427228561996,1.8333333333333333,11.365311988711944
CUST00413,-1.72806906583468,Male,West,Secondary,Salaried,-0.3713665078817208,-0.2753333490580728,Business,-0.748474497480884,-0.4354373709424541,0.6238593159289411,-1.0727237548293624,2019-08-12,1,Bareilly,Meghalaya,Savings,True,2,34266.255,268298.26666666666,6.52,4.820833333333334,6.12,0,2019,8,12,0,2571,1.0,1,0.0,0.0,1.0,0.0,0.0,0.0,0.0,Very Low,Medium,0,2,0,1.9699612999592104,22.5,10.64741108076444
CUST00414,1.5057078930871979,Male,East,Primary,Salaried,0.4256940022759014,-0.5046460241215712,Business,0.8984731146857551,1.5898527264643094,1.4126469567586368,-0.03949411552865009,2021-09-04,1,Mangalore,Jharkhand,Savings,True,6,26415.62166666667,249008.82833333334,6.52,4.820833333333334,6.12,0,2021,9,4,5,1817,0.0,1,0.0,0.0,0.0,0.0,0.0,0.0,0.0,Very Low,High,1,3,1,0.5781592810036214,29.833333333333332,27.42113886057109
CUST00415,-0.23555662325535176,Female,East,Graduate,Salaried,-0.15128355653690181,-0.5489553741800032,Business,-0.02946485332207635,1.3005255696919145,-1.6887226310490304,0.30033812679122546,2018-11-12,1,Bhiwani,Telangana,Savings,True,6,33602.155,240951.88833333334,6.52,4.820833333333334,6.12,0,2018,11,12,0,2844,2.0,0,0.0,0.0,0.0,0.0,0.0,0.0,0.0,Very Low,High,0,0,2,0.987732608621465,1.0,32.93806685668704
CUST00416,1.3398731772450503,Female,South,Post-Graduate,Unemployed,-0.2032784335696779,-0.1984522111976642,Education,-1.8343387991244489,-0.4354373709424541,-0.29041726776002436,-0.5156923803227362,2018-12-21,1,Pune,Assam,Current,False,3,24001.173333333336,304583.14166666666,6.52,4.820833333333334,6.12,0,2018,12,21,4,2805,3.0,0,0.0,1.0,0.0,0.0,1.0,0.0,0.0,Very Low,Medium,0,1,3,1.5795051162338813,14.0,19.69040818943172
CUST00417,1.6715426089293453,Male,South,Primary,Salaried,-0.557202917022771,-0.6465569749338476,Other,-1.3699326243291343,1.5898527264643094,1.018253136343789,0.9595984468815375,2018-02-10,1,Nandyal,West Bengal,NRI,False,5,30637.73833333333,256284.40333333332,6.52,4.820833333333334,6.12,1,2018,2,10,5,3119,0.0,1,0.0,1.0,0.0,0.0,0.0,0.0,1.0,Very Low,High,0,3,1,0.9863125270350913,26.166666666666668,43.640676155339456
CUST00418,1.2569558193239765,Female,South,Secondary,Salaried,-0.1655519683397322,0.1890523947384331,Home,-0.36153719088711517,1.0111984129195197,-0.6489571045007951,-0.9827341289580112,2018-05-23,1,Gurgaon,Arunachal Pradesh,Current,True,1,31715.15166666667,217004.77666666664,6.52,4.820833333333334,6.12,0,2018,5,23,2,3017,1.0,0,0.0,1.0,0.0,0.0,0.0,1.0,0.0,Very Low,High,0,1,3,2.031045818863947,10.666666666666666,12.108326863623995
CUST00419,-1.2305649183082372,Male,East,Graduate,Salaried,-0.22068999117605972,0.14801935500022864,Business,1.2735549912310682,-0.7247645277148489,-1.2943288106341826,-0.7648358992001867,2017-10-02,1,Dharmavaram,Assam,Savings,False,2,20716.516666666666,230406.35333333336,6.52,4.820833333333334,6.12,1,2017,10,2,0,3250,2.0,1,0.0,0.0,0.0,0.0,0.0,0.0,0.0,Very Low,Medium,1,0,2,2.231205245421845,4.666666666666667,15.645745314117908
CUST00420,1.422790535166124,Male,West,Post-Graduate,Salaried,-0.4619863980639031,-0.08254006893586895,Car,-0.9426188646549708,-1.3034188412596384,-1.4556717371675294,1.0052091767930382,2025-09-11,0,Maheshtala,Arunachal Pradesh,NRI,False,2,25691.148333333334,200044.22999999998,6.52,4.820833333333334,6.12,0,2025,9,11,3,349,3.0,1,0.0,0.0,1.0,1.0,0.0,0.0,0.0,Very Low,Low,0,0,2,2.8825264995288333,3.1666666666666665,44.3811330085629
CUST00421,0.26194752427109097,Female,West,Secondary,Salaried,-0.5022485408046062,-0.2845862834834591,Home,-0.56712447596288,-0.4354373709424541,-0.021512390204446296,-0.8596197729999566,2022-09-25,0,Ballia,Telangana,NRI,False,4,18854.055,236257.16666666666,6.52,4.820833333333334,6.12,0,2022,9,25,6,1431,1.0,0,0.0,0.0,1.0,0.0,0.0,1.0,0.0,Very Low,Medium,0,2,3,2.6630087434733705,16.5,14.10699842130818
CUST00422,0.01319545050786959,Female,West,Graduate,Salaried,-0.5524335895217354,0.11644901451869663,Car,-0.41822584305702754,-1.3034188412596384,0.821056226136365,0.0857164033908687,2019-03-15,1,Bathinda,Maharashtra,Savings,True,5,37992.485,273495.3066666667,6.52,4.820833333333334,6.12,0,2019,3,15,4,2721,2.0,0,0.0,0.0,1.0,1.0,0.0,0.0,0.0,Very Low,Low,0,2,0,4.3476301160890065,24.333333333333332,29.453840091389228
CUST00423,0.4277822401132385,Female,North,Primary,Self-Employed,1.234654861340808,0.21113549773297693,Home,-1.755795477398052,1.5898527264643094,1.5381358996179064,-0.6281390028267767,2023-06-11,1,Panihati,Chhattisgarh,Current,True,5,25200.795000000002,271981.9433333333,6.52,4.820833333333334,6.12,0,2023,6,11,6,1172,0.0,0,1.0,0.0,0.0,0.0,0.0,1.0,0.0,Low,High,0,3,1,0.6844272513977919,31.0,17.864919484986505
CUST00424,1.5886252510082715,Male,South,Secondary,Salaried,0.44072830221068626,-0.019152174232953657,Home,0.3051612533405959,0.14321694260233545,0.6776402914400567,-0.13678848084717696,2019-01-31,0,Udupi,Kerala,Current,True,5,36956.885,296760.1533333333,6.52,4.820833333333334,6.12,0,2019,1,31,3,2764,1.0,1,0.0,1.0,0.0,0.0,0.0,1.0,0.0,Very Low,High,0,2,0,0.9311367513183216,23.0,25.84163597342341
CUST00425,1.3398731772450503,Female,North,Post-Graduate,Salaried,0.9927291865826204,-0.7565008982364275,Car,-1.6248197956826722,1.3005255696919145,-0.2724902759229858,2.8403228491289862,2018-04-17,1,Bongaigaon,Assam,NRI,True,3,19893.535,323547.37666666665,6.52,4.820833333333334,6.12,0,2018,4,17,1,3053,3.0,0,1.0,0.0,0.0,1.0,0.0,0.0,0.0,Low,High,0,1,3,0.27031678949841836,14.166666666666666,74.17286179171847
CUST00426,1.422790535166124,Female,East,Post-Graduate,Unemployed,-0.5801513071580376,-0.601043153866188,Car,0.586578214528299,0.721871256147125,-1.4018907616564138,-0.7047858175642635,2025-12-23,1,Kadapa,Tripura,NRI,True,4,23900.645,256729.84,6.52,4.820833333333334,6.12,0,2025,12,23,1,246,3.0,0,0.0,0.0,0.0,1.0,0.0,0.0,0.0,Very Low,High,0,0,2,2.315261998792478,3.6666666666666665,16.62061448569709
CUST00427,-0.567226054939647,Female,South,Primary,Salaried,-0.25002423744127317,-0.40045918985633844,Home,-0.854875787582374,0.721871256147125,-1.3660367779823366,0.7105957694002049,2021-03-01,1,Anantapuram,Manipur,Current,True,5,24643.953333333335,306290.6816666667,6.52,4.820833333333334,6.12,0,2021,3,1,0,2004,0.0,0,0.0,1.0,0.0,0.0,0.0,1.0,0.0,Very Low,High,0,0,2,1.3815521081741557,4.0,39.59829973711974
CUST00428,-1.6451517079136062,Female,West,Post-Graduate,Unemployed,-0.5918178711988095,-0.7973872037161993,Business,-0.994490151323293,1.3005255696919145,0.33702744653632444,-0.5463275614053072,2021-06-28,1,Gandhidham,Gujarat,Savings,True,5,38761.3,222400.42,6.52,4.820833333333334,6.12,0,2021,6,28,0,1885,3.0,0,0.0,0.0,1.0,0.0,0.0,0.0,0.0,Very Low,High,0,2,0,1.7128987552626034,19.833333333333332,19.193068422531585
CUST00429,-1.1476475603871634,Female,South,Graduate,Salaried,-0.475510540618675,-0.15621037406708146,Car,-0.18399742202988706,-0.14611021417005934,1.6815518343142148,1.7531134299889635,2020-01-05,1,Tinsukia,Himachal Pradesh,Savings,False,3,26061.40166666667,168404.32833333334,6.52,4.820833333333334,6.12,0,2020,1,5,6,2425,2.0,0,0.0,1.0,0.0,1.0,0.0,0.0,0.0,Very Low,Medium,0,3,1,2.7993944201246355,32.333333333333336,56.52281175188521
CUST00430,1.754459966850419,Female,North,Post-Graduate,Self-Employed,-0.523721274296447,0.7512449176007494,Education,0.824179819505283,-1.5927459980320333,-1.007496941241566,-0.4634425390094886,2021-05-29,1,Shahjahanpur,Punjab,NRI,False,5,23164.585000000003,86402.16166666667,6.52,4.820833333333334,6.12,0,2021,5,29,5,1915,3.0,0,1.0,0.0,0.0,0.0,1.0,0.0,0.0,Very Low,None,1,0,2,5.791325649920567,7.333333333333333,20.53864616227934
CUST00431,-1.313482276229311,Female,North,Graduate,Self-Employed,0.3709802085821943,0.5960172683622211,Education,0.3865664300660992,-0.14611021417005934,-1.0254239330786044,0.6990583545362813,2020-07-27,0,Medininagar,Rajasthan,Current,True,5,31435.95,335077.87666666665,6.52,4.820833333333334,6.12,0,2020,7,27,0,2221,2.0,0,1.0,0.0,0.0,0.0,1.0,0.0,0.0,Very Low,Medium,0,0,2,1.4653439080038562,7.166666666666667,39.410998242031845
CUST00432,-0.152639265334278,Other,West,Graduate,Self-Employed,-0.3995563824128695,0.17314035808183623,Home,0.20992443708276703,-0.4354373709424541,1.5022819159438294,-1.2732212745052347,2022-01-16,0,Rajpur Sonarpur,Meghalaya,Current,False,5,29943.941666666666,239534.74166666667,6.52,4.820833333333334,6.12,0,2022,1,16,6,1683,2.0,2,0.0,0.0,1.0,0.0,0.0,1.0,0.0,Very Low,Medium,0,3,1,3.0268970841518135,30.666666666666668,7.392480436454201
CUST00433,0.4277822401132385,Female,East,Graduate,Salaried,0.25067250151726644,0.1645328064219908,Other,0.22475705909066518,-0.7247645277148489,-1.1509128759378742,-0.371393380102831,2020-05-10,1,Tenali,Maharashtra,NRI,False,4,25622.135,283501.86666666664,6.52,4.820833333333334,6.12,0,2020,5,10,6,2299,2.0,0,0.0,0.0,0.0,0.0,0.0,0.0,1.0,Very Low,Medium,0,0,2,1.2495994134314496,6.0,22.032996958202517
CUST00434,0.09611280842894337,Male,North,Graduate,Salaried,-0.01969623180056443,1.75483295710737,Home,0.3929169964399383,1.5898527264643094,0.4983703730696713,1.0007716059388412,2025-11-19,1,Bhubaneswar,Bihar,Current,False,3,29824.825,231395.27000000002,6.52,4.820833333333334,6.12,0,2025,11,19,2,280,2.0,1,1.0,0.0,0.0,0.0,0.0,1.0,0.0,Very Low,High,0,2,0,3.47351893246498,21.333333333333332,44.309092290139176
CUST00435,1.5057078930871979,Female,North,Secondary,Unemployed,6.695133380197381,0.25067551969127866,Home,0.46175911024454647,-0.14611021417005934,0.2115385036770547,1.5740738294199457,2021-07-28,0,Anantapur,Sikkim,Current,True,4,22357.548333333336,206648.81666666665,6.52,4.820833333333334,6.12,0,2021,7,28,2,1855,1.0,0,1.0,0.0,0.0,0.0,0.0,1.0,0.0,Very High,Medium,0,2,0,0.06311248411671679,18.666666666666668,53.61623473597367
CUST00436,-0.40139133909749936,Male,East,Primary,Salaried,1.0092519859793425,0.3143924139391462,Business,-0.49102384916922825,-0.14611021417005934,-1.240547835123067,-0.1449098489071882,2025-03-04,0,Hyderabad,Jharkhand,NRI,True,4,28785.623333333333,157257.23666666666,6.52,4.820833333333334,6.12,1,2025,3,4,1,540,0.0,1,0.0,0.0,0.0,0.0,0.0,0.0,0.0,Low,Medium,0,0,2,2.491868194727134,5.166666666666667,25.709791500658923
CUST00437,-0.7330607707817945,Male,North,Secondary,Salaried,6.695133380197381,-0.7884789670032003,Business,0.6780530659903492,-0.14611021417005934,0.24739248735113178,-0.009966889574701475,2022-10-16,0,Parbhani,Uttar Pradesh,Current,False,4,29226.76833333333,239196.1366666667,6.52,4.820833333333334,6.12,0,2022,10,16,6,1410,1.0,1,1.0,0.0,0.0,0.0,0.0,0.0,0.0,Very High,Medium,1,2,0,0.03771931958692549,19.0,27.90049178600554
CUST00438,0.0,Female,West,Graduate,Salaried,0.3039971787385899,0.6735190851259142,Other,-0.8437839800383026,-1.3034188412596384,1.5022819159438294,-0.11368347061095865,2026-01-22,0,Madanapalle,West Bengal,NRI,False,5,18902.193333333333,326484.48500000004,6.52,4.820833333333334,6.12,0,2026,1,22,3,216,2.0,0,0.0,0.0,1.0,0.0,0.0,0.0,1.0,Very Low,Low,0,3,1,1.6137163050862646,30.666666666666668,26.21672892208705
CUST00439,-0.152639265334278,Female,East,Secondary,Salaried,-0.5347318941908633,-0.05411514728137749,Other,1.1357380596922737,0.14321694260233545,0.01434159346963078,0.9524469008854742,2017-04-04,1,Davanagere,Goa,Savings,True,5,17807.22,282165.66833333333,6.52,4.820833333333334,6.12,0,2017,4,4,1,3431,1.0,0,0.0,0.0,0.0,0.0,0.0,0.0,1.0,Very Low,High,1,2,0,3.6083760099402364,16.833333333333332,43.52457603472743
CUST00440,1.6715426089293453,Female,North,Graduate,Salaried,-0.06009499803971928,-0.3140242456391346,Other,0.8120833625846404,-0.7247645277148489,1.6994788261512535,0.23927834472641638,2019-05-02,1,Chittoor,Sikkim,Savings,True,5,31835.423333333336,246198.47999999998,6.52,4.820833333333334,6.12,1,2019,5,2,3,2673,2.0,0,1.0,0.0,0.0,0.0,0.0,0.0,1.0,Very Low,Medium,1,3,1,1.507304101700558,32.5,31.94680593685647
CUST00441,0.26194752427109097,Male,North,Post-Graduate,Salaried,-0.14470928286852483,-0.4261583242142647,Other,2.2771031269011797,1.5898527264643094,-0.3979792187822556,-0.11991727873839615,2018-09-17,0,Davanagere,Tamil Nadu,NRI,False,4,23830.371666666662,235567.80999999997,6.52,4.820833333333334,6.12,0,2018,9,17,0,2900,3.0,1,1.0,0.0,0.0,0.0,0.0,0.0,1.0,Very Low,High,1,1,3,1.1439482779403796,13.0,26.1155276047962
CUST00442,0.01319545050786959,Male,West,Primary,Salaried,-0.350345330385314,-0.5150565115581537,Other,-0.24119472226763908,0.721871256147125,1.6994788261512535,0.02463727535004166,2024-12-29,1,Bijapur,Mizoram,NRI,True,4,27852.210000000003,218781.6366666667,6.52,4.820833333333334,6.12,0,2024,12,29,6,605,0.0,1,0.0,0.0,1.0,0.0,0.0,0.0,1.0,Very Low,High,0,3,1,1.4364523474366317,32.5,28.46226510378223
CUST00443,-0.40139133909749936,Male,South,Graduate,Self-Employed,-0.5040883387296314,0.6007845746989666,Home,0.9447678508302386,1.0111984129195197,-1.4198177534934522,0.312201551634672,2025-12-01,0,Jaipur,Assam,Savings,False,4,28962.521666666667,300760.4166666667,6.52,4.820833333333334,6.12,0,2025,12,1,0,268,2.0,1,0.0,1.0,0.0,0.0,0.0,1.0,0.0,Very Low,High,1,0,2,5.066919927936218,3.5,33.130660885440264
CUST00444,1.5057078930871979,Other,South,Graduate,Self-Employed,0.2728724286084248,-0.2889661648862314,Home,-1.6424175420181328,-1.3034188412596384,-0.846154014708219,-0.3170270742698574,2023-07-18,1,Jodhpur,Uttar Pradesh,NRI,False,4,18985.221666666668,218262.76,6.52,4.820833333333334,6.12,1,2023,7,18,1,1135,2.0,2,0.0,1.0,0.0,0.0,0.0,1.0,0.0,Very Low,Low,0,1,2,1.5465635423494188,8.833333333333334,22.915594185139604
CUST00445,-0.898895486623942,Other,West,Post-Graduate,Salaried,1.1424724793482117,-0.5008785799989582,Education,0.9789164294381312,-0.4354373709424541,-0.2724902759229858,-0.8161335190238292,2018-10-25,0,Ramgarh,Uttarakhand,Current,True,1,27282.146666666667,206224.97666666665,6.52,4.820833333333334,6.12,0,2018,10,25,3,2862,3.0,2,0.0,0.0,1.0,0.0,1.0,0.0,0.0,Low,Medium,1,1,3,0.3731669030395124,14.166666666666666,14.81296596096642
CUST00446,0.26194752427109097,Female,West,Secondary,Salaried,-0.27537067753956784,-0.5953355014114425,Education,1.224849552616324,-0.7247645277148489,0.354954438373363,0.27892479824489697,2024-07-07,1,Berhampur,Gujarat,NRI,False,6,20629.13666666667,229242.17666666667,6.52,4.820833333333334,6.12,0,2024,7,7,6,780,1.0,0,0.0,0.0,1.0,0.0,1.0,0.0,0.0,Very Low,Medium,1,2,0,1.1205355944900761,20.0,32.59043712343745
CUST00447,-1.3963996341503848,Female,West,Graduate,Salaried,0.07517775633218018,-0.18571786876140095,Car,1.5687392736692387,0.721871256147125,-1.312255802471221,0.7761168059883585,2017-11-26,1,Rewa,Bihar,NRI,False,5,27648.838333333333,210029.65666666665,6.52,4.820833333333334,6.12,0,2017,11,26,6,3195,2.0,0,0.0,0.0,1.0,1.0,0.0,0.0,0.0,Very Low,High,1,0,2,1.1230127850594065,4.5,40.661985862427045
CUST00448,-0.06972190741320419,Female,West,Post-Graduate,Salaried,-0.13301730245800747,-0.43963712557590545,Home,0.11859791677961726,-0.7247645277148489,0.03226858530666932,-0.24661545716114097,2020-08-24,1,Kadapa,Meghalaya,Savings,False,4,31257.443333333333,166847.94999999998,6.52,4.820833333333334,6.12,1,2020,8,24,0,2193,3.0,0,0.0,0.0,1.0,0.0,0.0,1.0,0.0,Very Low,Medium,0,2,0,1.3105016628689738,17.0,24.05867530959992
CUST00449,0.34486488219216477,Female,South,Post-Graduate,Salaried,-0.4945117569385264,-0.5298126491709393,Other,-0.3657687588255133,0.4325440993747302,-0.43383320245633267,-1.2106814206892,2019-10-12,0,Munger,Jharkhand,Current,False,6,29271.156666666666,226161.525,6.52,4.820833333333334,6.12,0,2019,10,12,5,2510,3.0,0,0.0,1.0,0.0,0.0,0.0,0.0,1.0,Very Low,High,0,1,3,1.9621048838496633,12.666666666666666,8.407769239056732
CUST00450,-0.48430869701857315,Male,North,Graduate,Salaried,0.2597877497896009,-0.7744426592271736,Car,-1.1489747117767146,0.4325440993747302,0.8031292342993265,0.7789393358707138,2026-05-11,1,Hospet,Odisha,Current,False,3,29403.235,332141.00333333336,6.52,4.820833333333334,6.12,0,2026,5,11,0,107,2.0,1,1.0,0.0,0.0,1.0,0.0,0.0,0.0,Very Low,High,0,2,0,0.43159218067490485,24.166666666666668,40.70780757146071
CUST00451,1.5057078930871979,Male,West,Graduate,Salaried,-0.6007357846505347,0.34143662431188015,Business,-1.0531417790771278,-0.14611021417005934,0.9823991526697118,0.0930265922843529,2021-06-08,1,Bhatpara,Himachal Pradesh,NRI,True,4,21721.008333333335,298644.865,6.52,4.820833333333334,6.12,0,2021,6,8,1,1905,2.0,1,0.0,0.0,1.0,0.0,0.0,0.0,0.0,Very Low,Medium,0,3,1,5.985869696870902,25.833333333333332,29.57251566345398
CUST00452,-0.06972190741320419,Female,East,Graduate,Unemployed,-0.4047870448006101,-0.34163511632296695,Home,-0.03442775150478993,-0.14611021417005934,-0.7027380800119107,-0.274139450550853,2021-01-29,1,Jehanabad,Karnataka,Savings,False,5,24615.47,274770.36166666663,6.52,4.820833333333334,6.12,0,2021,1,29,4,2035,2.0,0,0.0,0.0,0.0,0.0,0.0,1.0,0.0,Very Low,Medium,0,1,3,1.9740822901314723,10.166666666666666,23.61184340024365
CUST00453,0.0,Female,South,Post-Graduate,Salaried,-0.2635282379989589,-0.694156655947881,Education,-1.8424035092757431,1.3005255696919145,1.6815518343142148,0.715843142022108,2017-07-21,0,Tirunelveli,Arunachal Pradesh,Current,False,3,30794.298333333336,186083.94999999998,6.52,4.820833333333334,6.12,0,2017,7,21,4,3323,3.0,0,0.0,1.0,0.0,0.0,1.0,0.0,0.0,Very Low,High,0,3,1,0.938900564505798,32.333333333333336,39.68348699518038
CUST00454,-1.4793169920714586,Male,West,Graduate,Salaried,-0.23512928050655676,-0.40184824645917916,Home,-0.8123858031558306,0.4325440993747302,1.5381358996179064,-0.9142035382184509,2017-09-29,1,Pune,West Bengal,Current,False,2,32451.345,189615.7333333333,6.52,4.820833333333334,6.12,0,2017,9,29,4,3253,2.0,1,0.0,0.0,1.0,0.0,0.0,1.0,0.0,Very Low,High,0,3,1,1.3465542108019597,31.0,13.220870900235942
CUST00455,1.3398731772450503,Female,North,Primary,Salaried,-0.33529234186602136,0.04147536243777963,Home,0.08618075852948029,1.5898527264643094,0.9286181771585962,0.7559187379669203,2026-02-03,1,Ghaziabad,Goa,NRI,True,4,25676.471666666668,140399.73166666666,6.52,4.820833333333334,6.12,0,2026,2,3,1,204,0.0,0,1.0,0.0,0.0,0.0,0.0,1.0,0.0,Very Low,High,0,3,1,2.4157522270539378,25.333333333333332,40.3340849952985
CUST00456,-1.1476475603871634,Male,South,Post-Graduate,Salaried,-0.11858364143772267,-0.26032694546193064,Home,0.06279986162889925,1.5898527264643094,-0.18285531673779315,-0.8916889981684164,2023-08-13,0,Ballia,Sikkim,Current,True,6,29470.51166666667,292206.89999999997,6.52,4.820833333333334,6.12,0,2023,8,13,6,1109,3.0,1,0.0,1.0,0.0,0.0,0.0,1.0,0.0,Very Low,High,0,1,3,1.3190616050903377,15.0,13.5863779971311
CUST00457,-1.0647302024660896,Male,North,Graduate,Salaried,0.026330773286086788,-0.17454194215281574,Home,-1.0231362866917477,1.0111984129195197,1.5022819159438294,-0.8991570498853184,2021-02-24,0,Ghaziabad,Maharashtra,Current,False,4,27804.811666666665,297675.9766666666,6.52,4.820833333333334,6.12,0,2021,2,24,2,2009,2.0,1,1.0,0.0,0.0,0.0,0.0,1.0,0.0,Very Low,High,0,3,1,1.1969500972760347,30.666666666666668,13.465139637544732
CUST00458,-0.40139133909749936,Female,South,Graduate,Self-Employed,0.04886643604721878,-0.25334130847033826,Business,-1.300193807672127,0.721871256147125,-1.312255802471221,-1.6334591325036274,2023-08-20,1,Loni,Nagaland,Current,True,5,23597.646666666667,132899.26833333334,6.52,4.820833333333334,6.12,0,2023,8,20,6,1102,2.0,0,0.0,1.0,0.0,0.0,0.0,0.0,0.0,Very Low,High,0,0,2,1.0838126789572655,4.5,1.544282188739145
CUST00459,1.5886252510082715,Female,North,Secondary,Salaried,-0.537158079107951,-0.7473232435784612,Education,-1.1437342973931268,-0.4354373709424541,0.15775752816593908,-0.8630212006818938,2025-10-03,0,Jabalpur,Chhattisgarh,Current,True,5,35478.53333333333,173231.935,6.52,4.820833333333334,6.12,0,2025,10,3,4,327,1.0,0,1.0,0.0,0.0,0.0,1.0,0.0,0.0,Very Low,Medium,0,2,0,1.5730809665829777,18.166666666666668,14.051778729741716
CUST00460,-0.7330607707817945,Female,North,Graduate,Salaried,-0.3674324337975829,0.33268625613540465,Home,-0.238966339780658,1.3005255696919145,1.1975230547141742,0.11804593560207569,2022-06-02,1,Junagadh,Rajasthan,NRI,False,5,20789.93,297633.6566666667,6.52,4.820833333333334,6.12,0,2022,6,2,3,1546,2.0,0,1.0,0.0,0.0,0.0,0.0,1.0,0.0,Very Low,High,0,3,1,3.141609717011202,27.833333333333332,29.97868641008978
CUST00461,-1.0647302024660896,Male,North,Secondary,Unemployed,0.3382800967055297,-0.8499139993242071,Business,2.2235668736702903,-1.5927459980320333,-0.5234681616415253,-0.8636269238169662,2019-12-14,0,Gopalpur,Karnataka,Current,True,2,25748.97666666667,274645.1933333333,6.52,4.820833333333334,6.12,0,2019,12,14,5,2447,1.0,1,1.0,0.0,0.0,0.0,0.0,0.0,0.0,Very Low,None,1,1,3,0.3426705655384776,11.833333333333334,14.041945257499757
CUST00462,-1.313482276229311,Male,East,Graduate,Self-Employed,0.14058894510443365,-0.014985550949467687,Car,1.1032057956995311,-1.5927459980320333,-1.1150588922637972,1.07150285962667,2024-08-24,1,Kochi,Bihar,Savings,False,5,35776.486666666664,222705.83833333335,6.52,4.820833333333334,6.12,0,2024,8,24,5,732,2.0,1,0.0,0.0,0.0,1.0,0.0,0.0,0.0,Very Low,None,1,0,2,1.2140647805950537,6.333333333333333,45.45736248076888
CUST00463,0.4277822401132385,Female,East,Secondary,Self-Employed,-0.6043518102356181,0.08597922734090509,Home,0.21678714465408128,-1.3034188412596384,-1.1329858841008356,-0.9842563404114558,2022-02-14,1,Alappuzha,Himachal Pradesh,NRI,False,5,31380.92,318758.4583333333,6.52,4.820833333333334,6.12,0,2022,2,14,0,1654,1.0,0,0.0,0.0,0.0,0.0,0.0,1.0,0.0,Very Low,Low,0,0,2,5.111424057430419,6.166666666666667,12.083614873595655
CUST00464,1.6715426089293453,Female,East,Graduate,Salaried,-0.138084689465367,-0.379092432156285,Business,0.5726520420296448,1.0111984129195197,-0.8999349902193347,-0.2849522952866129,2016-11-08,0,Ichalkaranji,Arunachal Pradesh,NRI,False,6,23490.968333333334,340339.88833333337,6.52,4.820833333333334,6.12,0,2016,11,8,1,3578,2.0,0,0.0,0.0,0.0,0.0,0.0,0.0,0.0,Very Low,High,0,0,2,1.1962384444498824,8.333333333333334,23.43630477143921
CUST00465,1.2569558193239765,Male,West,Post-Graduate,Self-Employed,-0.6826373395412055,-0.08134726719022253,Other,1.0566147433613953,1.0111984129195197,-0.2724902759229858,0.41425711130943305,2018-06-16,1,Kota,Andhra Pradesh,Savings,True,4,37977.57166666666,123669.765,6.52,4.820833333333334,6.12,0,2018,6,16,5,2993,3.0,1,0.0,0.0,1.0,0.0,0.0,0.0,1.0,Very Low,High,1,1,3,6.446989099475661,14.166666666666666,34.787458281959815
CUST00466,1.422790535166124,Female,South,Primary,Salaried,-0.25888011569489167,-0.40442316524354643,Car,0.7001738127234488,-0.4354373709424541,1.3767929730845596,0.38032699339087717,2022-04-25,1,Surendranagar Dudhrej,Meghalaya,Current,True,5,29450.981666666663,171187.33,6.52,4.820833333333334,6.12,0,2022,4,25,0,1584,0.0,0,0.0,1.0,0.0,1.0,0.0,0.0,0.0,Very Low,Medium,1,3,1,1.3955121428536874,29.5,34.23662762451973
CUST00467,1.754459966850419,Male,South,Post-Graduate,Salaried,0.9677564747722844,-0.07411358613683255,Education,-0.3304821264143028,-0.7247645277148489,0.9106911853215577,1.5072043136298372,2026-08-24,1,Chapra,Odisha,Current,False,3,30513.01,200831.1466666667,6.52,4.820833333333334,6.12,0,2026,8,24,0,2,3.0,1,0.0,1.0,0.0,0.0,1.0,0.0,0.0,Low,Medium,0,3,1,0.6338671731056172,25.166666666666668,52.53065703672194
CUST00468,0.17903016635001717,Female,West,Graduate,Salaried,-0.5296983386749307,0.36881197926431797,Home,-0.8934379642929869,-1.5927459980320333,-0.1649283249007546,-0.29425088987014164,2025-01-28,1,Mirzapur,Chhattisgarh,NRI,False,4,26042.03333333333,248789.16,6.52,4.820833333333334,6.12,0,2025,1,28,1,575,2.0,0,0.0,0.0,1.0,0.0,0.0,1.0,0.0,Very Low,None,0,1,3,4.783531169712935,15.166666666666666,23.285348886758573
CUST00469,-1.0647302024660896,Female,North,Post-Graduate,Salaried,-0.5063083164334309,-0.6023044164657695,Home,-0.1388391238956177,-0.7247645277148489,-1.4556717371675294,2.0758109087240695,2020-06-02,1,Jabalpur,Tamil Nadu,Savings,True,4,28588.373333333333,210481.405,6.52,4.820833333333334,6.12,0,2020,6,2,1,2276,3.0,0,1.0,0.0,0.0,0.0,0.0,1.0,0.0,Very Low,Medium,0,0,2,1.830362258304232,3.1666666666666665,61.7615693887606
CUST00470,1.6715426089293453,Male,West,Graduate,Salaried,0.06506152456291958,0.12633375674082115,Business,1.0444383063305425,-0.7247645277148489,0.48044338123263275,-0.46387346958011133,2020-10-27,0,Nanded,Chhattisgarh,NRI,True,2,33030.323333333334,273782.25666666665,6.52,4.820833333333334,6.12,0,2020,10,27,1,2129,2.0,1,0.0,0.0,1.0,0.0,0.0,0.0,0.0,Very Low,Medium,1,2,0,1.4601777216430276,21.166666666666668,20.53165031952698
CUST00471,-0.898895486623942,Male,North,Graduate,Salaried,-0.6292689710222594,1.0575247354898623,Education,-0.2908632661908052,1.0111984129195197,0.4445893975585557,-0.9174140950297515,2022-05-30,1,Kochi,Manipur,NRI,True,3,27213.226666666666,253519.84333333335,6.52,4.820833333333334,6.12,0,2022,5,30,0,1549,2.0,1,1.0,0.0,0.0,0.0,1.0,0.0,0.0,Very Low,High,0,2,0,9.697366429030346,20.833333333333332,13.168749857704867
CUST00472,1.091121103481829,Female,West,Graduate,Unemployed,-0.4606595256029743,-0.13326615083900134,Other,-1.1648571771649252,-0.7247645277148489,-0.32627125143410146,0.22225325694443107,2018-08-26,0,Delhi,Karnataka,Current,True,6,31471.161666666667,287175.50166666665,6.52,4.820833333333334,6.12,0,2018,8,26,6,2922,2.0,0,0.0,0.0,1.0,0.0,0.0,0.0,1.0,Very Low,Medium,0,1,3,2.7508799473967462,13.666666666666666,31.67041608408801
CUST00473,0.5936169559553861,Female,North,Post-Graduate,Unemployed,-0.02356571535078756,-0.49754798639343834,Car,-1.8130812639297689,-1.5927459980320333,-0.5413951534785639,-0.5919510018278145,2019-01-26,0,Sri Ganganagar,Manipur,NRI,False,5,28082.61,251266.32499999998,6.52,4.820833333333334,6.12,0,2019,1,26,5,2769,3.0,0,1.0,0.0,0.0,1.0,0.0,0.0,0.0,Very Low,None,0,1,3,0.8963503943157385,11.666666666666666,18.452405223454853
CUST00474,-1.1476475603871634,Female,West,Graduate,Self-Employed,-0.46102742497530397,1.8283577163159965,Education,-0.13439374120543665,0.721871256147125,-1.0254239330786044,-0.4762285020461381,2024-09-13,0,Ranchi,Chhattisgarh,Savings,True,4,28229.896666666667,253629.08833333335,6.52,4.820833333333334,6.12,0,2024,9,13,4,712,2.0,0,0.0,0.0,1.0,0.0,1.0,0.0,0.0,Very Low,High,0,0,2,7.4795535675173195,7.166666666666667,20.331075400445037
CUST00475,-0.40139133909749936,Female,East,Secondary,Salaried,-0.3529431160877736,-0.22946282443226698,Home,-1.0820620365553892,-1.0140916844872436,-1.4018907616564138,0.32769346137509864,2019-11-14,1,Jalna,West Bengal,Savings,False,5,25896.463333333333,297112.38,6.52,4.820833333333334,6.12,0,2019,11,14,3,2477,1.0,0,0.0,0.0,0.0,0.0,0.0,1.0,0.0,Very Low,Low,0,0,2,1.9856045780424547,3.6666666666666665,33.38216071364024
CUST00476,-1.2305649183082372,Female,West,Graduate,Self-Employed,0.05409617633389236,-0.15198789668047827,Business,-0.4648950189990423,-0.7247645277148489,1.6277708588030992,-0.9193054682695629,2022-03-24,1,Tiruvottiyur,Haryana,Savings,True,4,22583.145,363910.68166666664,6.52,4.820833333333334,6.12,0,2022,3,24,3,1616,2.0,0,0.0,0.0,1.0,0.0,0.0,0.0,0.0,Very Low,Medium,0,3,1,1.184412704750782,31.833333333333332,13.138044795976208
CUST00477,-0.8159781287028683,Other,North,Post-Graduate,Salaried,-0.10702887654497623,-0.14021107350918277,Other,1.517942588238091,-0.4354373709424541,1.1437420792030586,-1.3390135614074679,2017-09-30,1,Pune,Telangana,Current,False,1,29443.698333333334,297969.36,6.52,4.820833333333334,6.12,0,2017,9,30,5,3252,3.0,2,1.0,0.0,0.0,0.0,0.0,0.0,1.0,Very Low,Medium,1,3,1,1.4524497133893348,27.333333333333332,6.324390760614179
CUST00478,-0.567226054939647,Male,East,Graduate,Self-Employed,0.11973007522129712,-0.023577839983969652,Business,-0.0640150726951467,0.14321694260233545,-1.3481097861452982,-0.9357161251428854,2023-09-02,1,Bhubaneswar,Chhattisgarh,NRI,False,5,23179.48833333333,166563.18166666667,6.52,4.820833333333334,6.12,1,2023,9,2,5,1089,2.0,1,0.0,0.0,0.0,0.0,0.0,0.0,0.0,Very Low,High,0,0,2,1.9623574450486023,4.166666666666667,12.87162977978753
CUST00479,0.0,Male,West,Graduate,Salaried,-0.3834576374547595,-0.43092019760516975,Car,-0.7937827498015375,-0.14611021417005934,1.287158013899367,2.2678539885743896,2026-03-24,1,Nashik,Chhattisgarh,Current,False,4,31615.231666666663,270848.0783333333,6.52,4.820833333333334,6.12,0,2026,3,24,1,155,2.0,1,0.0,0.0,1.0,1.0,0.0,0.0,0.0,Very Low,Medium,0,3,1,1.7057816969273756,28.666666666666668,64.87924838370803
CUST00480,0.17903016635001717,Male,East,Graduate,Self-Employed,-0.12997562177760644,-0.17509416763866162,Education,0.3158446477238501,-0.4354373709424541,-1.240547835123067,0.2406728170617952,2024-05-10,1,Raiganj,Chhattisgarh,Current,True,4,26091.666666666668,292483.32666666666,6.52,4.820833333333334,6.12,0,2024,5,10,4,838,2.0,1,0.0,0.0,0.0,0.0,1.0,0.0,0.0,Very Low,Medium,0,0,2,1.4520126785867262,5.166666666666667,31.96944417569556
CUST00481,1.2569558193239765,Male,East,Post-Graduate,Salaried,-0.31752377979299284,0.33564526069913847,Business,2.004784117295841,0.4325440993747302,-1.6887226310490304,-0.7940507683208822,2023-10-27,1,Alappuzha,Mizoram,Current,True,5,19950.503333333334,387855.9466666667,6.52,4.820833333333334,6.12,0,2023,10,27,4,1034,3.0,1,0.0,0.0,0.0,0.0,0.0,0.0,0.0,Very Low,High,1,0,2,2.858567339472852,1.0,15.171463273501184
CUST00482,0.0,Female,East,Secondary,Self-Employed,-0.09043735735107952,-0.445385175166496,Business,-0.13404330609800774,-1.5927459980320333,0.01434159346963078,0.4319180864759793,2021-12-26,1,Kirari Suleman Nagar,Telangana,Current,True,4,21371.556666666667,209191.21833333335,6.52,4.820833333333334,6.12,0,2021,12,26,6,1704,1.0,0,0.0,0.0,0.0,0.0,0.0,0.0,0.0,Very Low,None,0,2,0,1.0393634167688526,16.833333333333332,35.074171301507015
CUST00483,-0.898895486623942,Male,South,Graduate,Unemployed,-0.42663479982723157,-0.46451398057926474,Home,-2.4752446203800043,0.14321694260233545,-1.0254239330786044,0.8757040969460747,2025-05-26,1,Gangtok,Chhattisgarh,NRI,True,3,20469.914999999997,353614.23666666663,6.52,4.820833333333334,6.12,0,2025,5,26,0,457,2.0,1,0.0,1.0,0.0,0.0,0.0,1.0,0.0,Very Low,High,0,0,2,1.800651560667817,7.166666666666667,42.27871272092453
CUST00484,1.091121103481829,Female,East,Primary,Salaried,-0.33638833249751504,-0.4109141501033117,Business,0.6734160115885343,1.5898527264643094,-0.7206650718489492,-1.1620948083674325,2024-07-20,1,Shimoga,Chhattisgarh,Savings,False,4,30186.84,307019.36833333335,6.52,4.820833333333334,6.12,0,2024,7,20,5,767,0.0,0,0.0,0.0,0.0,0.0,0.0,0.0,0.0,Very Low,High,1,1,3,1.58960863454833,10.0,9.196537367485474
CUST00485,-0.40139133909749936,Female,East,Secondary,Salaried,-0.5379651884920577,-0.6977922723276652,Other,0.3553168254568877,-0.14611021417005934,0.19361151184001615,0.6451723723173918,2026-01-31,1,Motihari,Arunachal Pradesh,Current,False,4,24747.664999999997,160071.53333333333,6.52,4.820833333333334,6.12,0,2026,1,31,5,207,1.0,0,0.0,0.0,0.0,0.0,0.0,0.0,1.0,Very Low,Medium,0,2,0,1.7247289700993609,18.5,38.5361987177955
CUST00486,0.4277822401132385,Female,West,Secondary,Unemployed,-0.2877864610406659,-0.5644619408259606,Education,0.08680963598352054,1.3005255696919145,0.552151348580787,0.262194111259493,2021-10-27,0,Bhopal,Rajasthan,NRI,False,5,19585.156666666666,230325.92166666666,6.52,4.820833333333334,6.12,0,2021,10,27,2,1764,1.0,0,0.0,0.0,1.0,0.0,1.0,0.0,0.0,Very Low,High,0,2,0,1.1967080435406887,21.833333333333332,32.31882665235935
CUST00487,-1.5622343499925324,Male,North,Secondary,Salaried,-0.5013046035928397,-0.5788113144595081,Car,-0.23721171937417693,-0.4354373709424541,-1.4915257208416064,0.35889882523139444,2026-04-30,1,Mira-Bhayandar,Assam,Savings,False,5,32210.005,158324.27333333335,6.52,4.820833333333334,6.12,0,2026,4,30,3,118,1.0,1,1.0,0.0,0.0,1.0,0.0,0.0,0.0,Very Low,Medium,0,0,2,1.867861282403045,2.8333333333333335,33.88875698100011
CUST00488,-1.6451517079136062,Male,South,Graduate,Self-Employed,-0.5611707107148891,-0.2751311245452344,Business,-0.8532982035211484,0.14321694260233545,0.5342243567437484,-0.7250125969596802,2016-09-05,0,Thrissur,Rajasthan,NRI,False,6,29101.228333333333,205718.39333333334,6.52,4.820833333333334,6.12,0,2016,9,5,0,3642,2.0,1,0.0,1.0,0.0,0.0,0.0,0.0,0.0,Very Low,High,0,2,0,3.2160273092083553,21.666666666666668,16.292247510403442
CUST00489,-1.4793169920714586,Male,West,Secondary,Salaried,-0.17726539949233067,0.24479495246864333,Other,1.579480213197303,-1.0140916844872436,1.5739898832919836,-0.6296816555366669,2020-11-03,0,Bareilly,Meghalaya,NRI,False,4,22244.153333333332,316372.87,6.52,4.820833333333334,6.12,0,2020,11,3,1,2122,1.0,1,0.0,0.0,1.0,0.0,0.0,0.0,1.0,Very Low,Low,1,3,1,2.1444164526425946,31.333333333333332,17.839875646104772
CUST00490,-0.31847398117642556,Male,West,Graduate,Salaried,-0.19585768687656124,0.7950030734418336,Car,-1.9334096639291274,-1.5927459980320333,1.753259801662369,1.2584079538744128,2016-12-14,1,Madanapalle,Odisha,Savings,False,3,26683.341666666664,287534.81,6.52,4.820833333333334,6.12,0,2016,12,14,2,3542,2.0,1,0.0,0.0,1.0,1.0,0.0,0.0,0.0,Very Low,None,0,3,1,3.001776460135606,33.0,48.49163003593945
CUST00491,-0.152639265334278,Male,South,Secondary,Salaried,0.0755957841956966,-0.24582713826514258,Other,-0.331268984275095,0.721871256147125,-0.7206650718489492,-0.14519587281325758,2025-04-07,1,Rajahmundry,Tamil Nadu,NRI,False,5,25589.446666666667,227458.015,6.52,4.820833333333334,6.12,0,2025,4,7,0,506,1.0,1,0.0,1.0,0.0,0.0,0.0,0.0,1.0,Very Low,High,0,1,3,1.060630703592934,10.0,25.705148111661515
CUST00492,-0.06972190741320419,Female,East,Secondary,Salaried,-0.40912553919296174,-0.018176403002025172,Business,-0.35576085019713827,-1.3034188412596384,-1.2226208432860284,-0.2626341153282065,2017-08-14,1,Katni,Uttarakhand,Current,False,2,25300.541666666668,297185.525,6.52,4.820833333333334,6.12,0,2017,8,14,0,3299,1.0,0,0.0,0.0,0.0,0.0,0.0,0.0,0.0,Very Low,Low,0,0,2,2.682896774823672,5.333333333333333,23.79862410580946
CUST00493,-0.6501434128607207,Female,South,Secondary,Self-Employed,-0.11311149508831227,-0.1452999637310681,Business,0.8864608170244452,1.0111984129195197,-0.5772491371526409,-0.36881076803130597,2020-09-15,1,Gopalpur,West Bengal,NRI,False,5,16308.101666666667,234194.32333333333,6.52,4.820833333333334,6.12,0,2020,9,15,1,2171,1.0,0,0.0,1.0,0.0,0.0,0.0,0.0,0.0,Very Low,High,1,1,3,1.45769622978146,11.333333333333334,22.074923776985923
CUST00494,-1.1476475603871634,Female,North,Primary,Salaried,-0.04619918576986098,-0.9245736562868099,Education,-0.16062661292937574,-1.0140916844872436,-0.4517601942933712,1.176773293829539,2022-08-28,0,Kozhikode,Karnataka,Current,False,3,31939.77666666667,190917.95666666667,6.52,4.820833333333334,6.12,0,2022,8,28,6,1459,0.0,0,1.0,0.0,0.0,0.0,1.0,0.0,0.0,Very Low,Low,0,1,3,0.4159437267022111,12.5,47.166351014795104
CUST00495,0.0,Male,South,Graduate,Salaried,-0.09644200247899533,-0.7121037869787579,Home,-0.24512794009849764,0.4325440993747302,1.7174058179882918,0.2938352481398491,2022-01-09,1,Navi Mumbai,Assam,Savings,True,5,16722.908333333333,259155.14333333334,6.52,4.820833333333334,6.12,0,2022,1,9,6,1690,2.0,1,0.0,1.0,0.0,0.0,0.0,1.0,0.0,Very Low,High,0,3,1,0.711188689727574,32.666666666666664,32.83249737616272
CUST00496,0.34486488219216477,Male,South,Graduate,Salaried,-0.5044564987481452,0.18890480829465595,Other,0.19454817715485845,1.5898527264643094,1.5739898832919836,-0.1403496673469101,2025-04-05,1,Jehanabad,Manipur,NRI,False,5,14337.596666666666,240745.91333333333,6.52,4.820833333333334,6.12,0,2025,4,5,5,508,2.0,1,0.0,1.0,0.0,0.0,0.0,0.0,1.0,Very Low,High,0,3,1,3.9590643831987014,31.333333333333332,25.783822714252803
CUST00497,-0.23555662325535176,Female,East,Graduate,Salaried,-0.22068999117605972,0.2618780947619836,Home,0.2836158841539193,1.0111984129195197,1.3050850057364056,-0.621723493636082,2026-04-03,1,Burhanpur,Uttarakhand,Savings,False,3,22912.568333333333,272099.02,6.52,4.820833333333334,6.12,0,2026,4,3,4,145,2.0,0,0.0,0.0,0.0,0.0,0.0,1.0,0.0,Very Low,High,0,3,1,2.315475891038473,28.833333333333332,17.969070586194164
CUST00498,1.6715426089293453,Female,North,Graduate,Self-Employed,-0.19063747464446792,0.24438617038660154,Home,1.095859158410199,0.721871256147125,0.4087354138844786,-1.5769607284744023,2022-04-13,1,Chennai,Tripura,Savings,False,3,33470.39166666667,245122.09333333335,6.52,4.820833333333334,6.12,1,2022,4,13,2,1596,2.0,0,1.0,0.0,0.0,0.0,0.0,1.0,0.0,Very Low,High,1,2,0,2.3821867713610456,20.5,2.461492471074006
CUST00499,0.5106995980343123,Male,West,Secondary,Unemployed,-0.27308227103656557,-0.3600417837329401,Car,1.0742830679524924,-1.0140916844872436,0.0681225689807464,-0.1854804189976435,2018-09-29,1,Kolkata,Assam,NRI,False,5,33176.755,240162.69333333336,6.52,4.820833333333334,6.12,0,2018,9,29,5,2888,1.0,1,0.0,0.0,1.0,1.0,0.0,0.0,0.0,Very Low,Low,1,2,0,1.5019688905619761,17.333333333333332,25.051157957171498
CUST00500,0.5936169559553861,Female,West,Post-Graduate,Salaried,-0.6938786431907913,-0.906808804761524,Car,-0.5716427024150139,-0.14611021417005934,-0.9895699494045274,-1.3214724834848537,2024-06-21,1,Naihati,Goa,NRI,False,3,20936.626666666667,296631.61000000004,6.52,4.820833333333334,6.12,0,2024,6,21,4,796,3.0,0,0.0,0.0,1.0,1.0,0.0,0.0,0.0,Very Low,Medium,0,0,2,2.1264075106784586,7.5,6.609157336065342
CUST00501,0.0,Male,East,Graduate,Self-Employed,-0.21639856321183032,-0.6774186825241761,Other,0.45114192956855914,0.14321694260233545,-1.6528686473749532,-0.07149287285964417,2021-05-20,0,Tadipatri,Punjab,Current,True,5,24496.081666666665,291807.55333333334,6.52,4.820833333333334,6.12,0,2021,5,20,3,1924,2.0,1,0.0,0.0,0.0,0.0,0.0,0.0,1.0,Very Low,High,0,0,2,0.8953277135794259,1.3333333333333333,26.901662430214863
CUST00502,1.754459966850419,Female,East,Graduate,Self-Employed,1.3479812702116674,-0.6298174943101014,Home,0.3938911618481261,-1.5927459980320333,1.591916875129022,-1.1701824194784574,2026-06-03,0,Guntakal,Andhra Pradesh,Current,True,4,33756.775,293124.685,6.52,4.820833333333334,6.12,0,2026,6,3,2,84,2.0,0,0.0,0.0,0.0,0.0,0.0,1.0,0.0,Low,None,0,3,1,0.28216162546080836,31.5,9.065240914107422
CUST00503,0.5106995980343123,Other,South,Primary,Salaried,-0.3894183147880954,0.09499700704937096,Education,-0.12902919083010175,0.14321694260233545,1.1078880955289816,-0.3826696332790686,2021-12-29,0,Eluru,Nagaland,Savings,False,6,30470.975000000002,254273.8633333333,6.52,4.820833333333334,6.12,0,2021,12,29,2,1701,0.0,2,0.0,1.0,0.0,0.0,1.0,0.0,0.0,Very Low,High,0,3,1,2.802173253532431,27.0,21.849935232173827
CUST00504,1.5886252510082715,Male,West,Secondary,Unemployed,-0.48293557981413265,-0.43870035688573467,Home,0.3839703568072286,-0.7247645277148489,-0.14700133306371607,-0.12357767552517117,2019-09-19,1,Junagadh,West Bengal,Savings,False,5,25864.148333333334,167020.44333333333,6.52,4.820833333333334,6.12,0,2019,9,19,3,2533,1.0,1,0.0,0.0,1.0,0.0,0.0,1.0,0.0,Very Low,Medium,0,1,3,2.134313461111508,15.333333333333334,26.056103739150032
CUST00505,0.34486488219216477,Female,East,Secondary,Salaried,-0.12853150506627428,1.0551952083647713,Car,0.013546363823405927,-0.4354373709424541,-0.21870930041187023,1.7867169867895585,2025-10-22,1,Raurkela Industrial Township,Madhya Pradesh,Savings,False,5,21498.051666666666,145850.67833333334,6.52,4.820833333333334,6.12,0,2025,10,22,2,308,1.0,0,0.0,0.0,0.0,1.0,0.0,0.0,0.0,Very Low,Medium,0,1,3,3.0684821363526775,14.666666666666666,57.06834092833037
CUST00506,-1.3963996341503848,Female,North,Secondary,Salaried,-0.15485668147354834,0.8094725810020704,Home,0.1578034463296186,0.4325440993747302,-0.8999349902193347,0.49089562155699357,2017-11-25,1,Madhyamgram,Karnataka,Savings,True,3,34169.605,312443.75833333336,6.52,4.820833333333334,6.12,0,2017,11,25,5,3196,1.0,0,1.0,0.0,0.0,0.0,0.0,1.0,0.0,Very Low,High,0,0,2,2.8473360672822423,8.333333333333334,36.03162846392685
CUST00507,-0.567226054939647,Other,West,Graduate,Self-Employed,0.3368214425927701,1.0358076424739067,Business,-1.4281504523050035,-0.7247645277148489,1.5739898832919836,0.5065725847966389,2020-09-29,0,Hospet,Uttar Pradesh,Current,True,2,29753.28,197584.05000000002,6.52,4.820833333333334,6.12,0,2020,9,29,1,2157,2.0,2,0.0,0.0,1.0,0.0,0.0,0.0,0.0,Very Low,Medium,0,3,1,1.8611659971146006,31.333333333333332,36.28613250039044
CUST00508,-1.0647302024660896,Male,West,Graduate,Salaried,-0.5859913254441558,-0.6429328276266769,Business,-0.9692558770952127,-0.7247645277148489,1.1258150873660202,-0.390922718732505,2020-03-18,0,Asansol,Haryana,Savings,False,6,20412.891666666666,267767.0933333333,6.52,4.820833333333334,6.12,0,2020,3,18,2,2352,2.0,1,0.0,0.0,1.0,0.0,0.0,0.0,0.0,Very Low,Medium,0,3,1,2.217638409282704,27.166666666666668,21.715952423828224
CUST00509,0.8423690297186075,Female,West,Graduate,Self-Employed,0.04708918778988934,0.003660578112881424,Education,0.8490759628594904,0.4325440993747302,-0.14700133306371607,0.08393757657193898,2024-01-14,1,Khammam,Meghalaya,Current,False,6,28662.541666666668,306526.39666666667,6.52,4.820833333333334,6.12,0,2024,1,14,6,955,2.0,0,0.0,0.0,1.0,0.0,1.0,0.0,0.0,Very Low,High,1,1,3,1.3588121822996546,15.333333333333334,29.424962138518712
CUST00510,0.34486488219216477,Male,East,Graduate,Self-Employed,-0.026586019738769024,-0.48752643479708657,Other,-1.2758105326558384,-0.4354373709424541,-1.5990876718638376,-0.08764698066176742,2025-07-27,0,Bhalswa Jahangir Pur,Chhattisgarh,NRI,False,4,25452.045000000002,257072.55166666667,6.52,4.820833333333334,6.12,0,2025,7,27,6,395,2.0,1,0.0,0.0,0.0,0.0,0.0,0.0,1.0,Very Low,Medium,0,0,2,0.9111730994001442,1.8333333333333333,26.639412300629097
CUST00511,1.2569558193239765,Male,East,Post-Graduate,Salaried,-0.32349952667508725,-0.09651343918153744,Home,0.4848827331313094,-0.14611021417005934,-0.34419824327113996,-1.1785617824244938,2020-10-03,1,Pondicherry,Telangana,NRI,True,6,33102.488333333335,201044.65333333335,6.52,4.820833333333334,6.12,0,2020,10,3,5,2153,3.0,1,0.0,0.0,0.0,0.0,0.0,1.0,0.0,Very Low,Medium,0,1,3,2.1153341686093508,13.5,8.92920808299338
CUST00512,-0.567226054939647,Male,South,Graduate,Self-Employed,-0.14361521268305363,-0.6068329070096006,Business,-0.09290389085195187,1.5898527264643094,1.5381358996179064,-0.25634880296396606,2024-05-01,1,Navi Mumbai,Chhattisgarh,Current,False,3,33987.805,218200.71333333335,6.52,4.820833333333334,6.12,0,2024,5,1,2,847,2.0,1,0.0,1.0,0.0,0.0,0.0,0.0,0.0,Very Low,High,0,3,1,0.8993998878770139,31.0,23.90066155672906
CUST00513,1.5886252510082715,Other,West,Post-Graduate,Salaried,0.2250032480774948,0.5722680066370252,Other,1.0721085519179263,1.3005255696919145,0.7134942751141338,-0.430532121090224,2022-04-06,1,Dehri,Himachal Pradesh,Current,False,6,24415.191666666666,156631.02333333335,6.52,4.820833333333334,6.12,0,2022,4,6,2,1603,3.0,2,0.0,0.0,1.0,0.0,0.0,0.0,1.0,Very Low,High,1,2,0,1.6411516692274852,23.333333333333332,21.07292273575339
CUST00514,-1.4793169920714586,Female,West,Primary,Salaried,0.12725287289123655,-0.6005520262732701,Business,0.6720792417177075,-0.4354373709424541,1.556062891454945,-0.3954777209849819,2025-06-12,1,Howrah,Himachal Pradesh,NRI,True,4,29386.97666666667,244039.28166666665,6.52,4.820833333333334,6.12,0,2025,6,12,3,440,0.0,0,0.0,0.0,1.0,0.0,0.0,0.0,0.0,Very Low,Medium,1,3,1,0.6591125267435511,31.166666666666668,21.642005292509804
CUST00515,1.1740384614029027,Female,North,Secondary,Self-Employed,-0.5663445589871984,-0.8979153623114573,Other,-0.4824561855166315,-1.5927459980320333,1.3588659812475212,1.6423678785706142,2026-07-28,1,Ranchi,Karnataka,NRI,True,6,35214.418333333335,221964.60666666666,6.52,4.820833333333334,6.12,0,2026,7,28,1,29,1.0,0,1.0,0.0,0.0,0.0,0.0,0.0,1.0,Very Low,None,0,3,1,1.236360475056103,29.333333333333332,54.72493869283011
CUST00516,-0.152639265334278,Female,North,Primary,Unemployed,0.09679302720283896,1.4918679168690197,Other,-0.24147658031618457,0.14321694260233545,0.8031292342993265,0.604208048729172,2021-10-21,1,Kurnool,Punjab,Savings,False,3,27061.515,185698.84333333335,6.52,4.820833333333334,6.12,0,2021,10,21,3,1770,0.0,0,1.0,0.0,0.0,0.0,0.0,0.0,1.0,Very Low,High,0,2,0,2.7865082893890394,24.166666666666668,37.87117287415269
CUST00517,0.4277822401132385,Male,South,Graduate,Salaried,-0.29791113683995174,-0.02693422973005064,Business,-2.0876457812894897,-0.14611021417005934,-0.05736637387852337,1.8649751021232381,2017-12-31,0,Raichur,Rajasthan,Savings,True,4,22314.748333333333,318330.07166666666,6.52,4.820833333333334,6.12,0,2017,12,31,6,3160,2.0,1,0.0,1.0,0.0,0.0,0.0,0.0,0.0,Very Low,Medium,0,1,3,2.1383852151787446,16.166666666666668,58.33880421474584
CUST00518,-0.06972190741320419,Male,West,Post-Graduate,Salaried,-0.24942957199145394,-0.6894497013228108,Car,-0.14420695287129695,-1.3034188412596384,-1.3660367779823366,0.905049165056538,2024-07-01,1,Sangli-Miraj & Kupwad,Jharkhand,Current,True,2,32443.003333333338,238378.91333333333,6.52,4.820833333333334,6.12,0,2024,7,1,0,786,3.0,1,0.0,0.0,1.0,1.0,0.0,0.0,0.0,Very Low,Low,0,0,2,0.9246892557165627,4.0,42.75510844694913
CUST00519,0.01319545050786959,Male,West,Secondary,Self-Employed,-0.24931100162615355,-0.3528959668571324,Other,-1.3382063184073847,1.3005255696919145,-0.32627125143410146,0.21546018410843537,2017-01-13,1,Berhampore,Nagaland,NRI,True,2,20084.425,188598.15166666664,6.52,4.820833333333334,6.12,0,2017,1,13,4,3512,1.0,1,0.0,0.0,1.0,0.0,0.0,0.0,1.0,Very Low,High,0,1,3,1.4548991028303544,13.666666666666666,31.560135513143
CUST00520,0.0,Male,North,Post-Graduate,Self-Employed,-0.32610619877152025,-0.5257349150561128,Home,-0.23671840525204643,0.14321694260233545,1.1437420792030586,-0.2685631586013493,2023-03-22,0,Noida,Andhra Pradesh,Current,True,2,28320.40166666667,239499.51,6.52,4.820833333333334,6.12,0,2023,3,22,2,1253,3.0,1,1.0,0.0,0.0,0.0,0.0,1.0,0.0,Very Low,High,0,3,1,1.3521638488801222,27.333333333333332,23.702370423108583
CUST00521,0.7594516717975337,Male,East,Primary,Self-Employed,0.33608285119759,-0.2719912228643374,Business,-0.6758835189779153,-0.14611021417005934,1.6456978506401378,-1.1523055221613037,2020-12-20,0,Nagercoil,Rajasthan,NRI,False,4,19767.231666666667,262346.4383333333,6.52,4.820833333333334,6.12,0,2020,12,20,6,2075,0.0,1,0.0,0.0,0.0,0.0,0.0,0.0,0.0,Very Low,Medium,0,3,1,0.8088363005557946,32.0,9.35545927190486
CUST00522,-0.40139133909749936,Male,South,Post-Graduate,Salaried,-0.3043081458530436,0.21963339412389063,Car,-0.9259564186143556,-0.4354373709424541,1.4664279322697524,-0.2675031634097207,2019-08-03,0,Silchar,Kerala,Savings,True,6,28197.463333333333,214197.42,6.52,4.820833333333334,6.12,0,2019,8,3,5,2580,3.0,1,0.0,1.0,0.0,1.0,0.0,0.0,0.0,Very Low,Medium,0,3,1,2.589877408565783,30.333333333333332,23.71957867006162
CUST00523,-1.2305649183082372,Male,West,Secondary,Salaried,-0.5621597478156238,0.10670818361542249,Business,1.2366543889511914,0.4325440993747302,-1.240547835123067,-0.2615795567268305,2020-02-04,1,Berhampur,Himachal Pradesh,Current,True,5,25727.23,275088.505,6.52,4.820833333333334,6.12,0,2020,2,4,1,2395,1.0,1,0.0,0.0,1.0,0.0,0.0,0.0,0.0,Very Low,High,1,0,2,4.457541553385382,5.166666666666667,23.81574409369454
CUST00524,-0.23555662325535176,Male,West,Secondary,Salaried,-0.3988076529490183,-0.13944136248466243,Education,-0.4536212768310079,-0.4354373709424541,0.42666240572151715,0.6658530302579485,2022-03-08,1,Dehradun,West Bengal,Current,False,2,19736.201666666668,203153.7383333333,6.52,4.820833333333334,6.12,0,2022,3,8,1,1632,1.0,1,0.0,0.0,1.0,0.0,1.0,0.0,0.0,Very Low,Medium,0,2,0,2.370188756199344,20.666666666666668,38.87193407943008
CUST00525,0.5106995980343123,Male,West,Graduate,Self-Employed,-0.20931465364037458,-0.2722363603721534,Home,-1.0165064223038727,1.3005255696919145,-1.276401818797144,-0.03609768187275865,2017-05-10,1,Eluru,Maharashtra,Current,False,3,29066.333333333332,156070.15666666668,6.52,4.820833333333334,6.12,0,2017,5,10,2,3395,2.0,1,0.0,0.0,1.0,0.0,0.0,1.0,0.0,Very Low,High,0,0,2,1.484978993605059,4.833333333333333,27.47627747777593
CUST00526,0.0,Male,South,Secondary,Salaried,0.36333677014477195,0.440869325430025,Education,0.014975935488704314,-1.3034188412596384,-0.7923730391971034,-1.2669155882151197,2025-01-01,1,Nellore,Arunachal Pradesh,Savings,True,4,27671.671666666665,239065.54333333333,6.52,4.820833333333334,6.12,0,2025,1,1,2,602,1.0,1,0.0,1.0,0.0,0.0,1.0,0.0,0.0,Very Low,Low,0,1,3,1.3522929904163643,9.333333333333334,7.494848643164599
CUST00527,0.4277822401132385,Other,South,Secondary,Salaried,-0.020214323083068118,-0.8937743848042671,Other,-0.5116201221742019,-0.14611021417005934,-1.3481097861452982,1.501806676839711,2021-06-14,0,Loni,Jharkhand,NRI,False,3,16883.036666666667,262452.63333333336,6.52,4.820833333333334,6.12,0,2021,6,14,0,1899,1.0,2,0.0,1.0,0.0,0.0,0.0,0.0,1.0,Very Low,Medium,0,0,2,0.438413401575464,4.166666666666667,52.44303034975125
CUST00528,-0.7330607707817945,Female,South,Secondary,Unemployed,0.2250032480774948,-0.5875944952933623,Other,-0.9261128348882007,1.5898527264643094,-1.4018907616564138,-1.619650691115523,2017-05-09,1,Meerut,Arunachal Pradesh,NRI,True,4,25245.36333333333,279846.2216666667,6.52,4.820833333333334,6.12,1,2017,5,9,1,3396,1.0,0,0.0,1.0,0.0,0.0,0.0,0.0,1.0,Very Low,High,0,0,2,1.0786912687584411,3.6666666666666665,1.7684521390555517
CUST00529,-1.6451517079136062,Other,North,Post-Graduate,Salaried,1.7406698819139534,-0.6623055617316564,Education,-0.38384516720599576,-1.5927459980320333,-1.0254239330786044,0.9034901131579961,2020-02-10,1,Delhi,Rajasthan,Savings,True,5,27381.99166666667,301156.67833333334,6.52,4.820833333333334,6.12,0,2020,2,10,0,2389,3.0,2,1.0,0.0,0.0,0.0,1.0,0.0,0.0,Low,None,0,0,2,0.22753580982882787,7.166666666666667,42.7297983792294
CUST00530,0.01319545050786959,Male,West,Graduate,Unemployed,2.2581644042985247,0.37981619448657145,Education,0.30893368768786267,-0.4354373709424541,-1.4556717371675294,-0.5213544854618437,2022-05-12,1,Bikaner,West Bengal,Savings,False,6,29856.803333333333,303677.4216666667,6.52,4.820833333333334,6.12,1,2022,5,12,3,1567,2.0,1,0.0,0.0,1.0,0.0,1.0,0.0,0.0,Medium,Medium,0,0,2,2.594370100389967,3.1666666666666665,19.59848805217326
CUST00531,-0.152639265334278,Male,West,Secondary,Self-Employed,0.397742981805538,-0.5841987258345859,Other,0.6941397660620269,-0.14611021417005934,-0.774446047360065,1.6659553261427784,2020-11-15,1,Chapra,Tripura,NRI,True,4,28536.123333333333,335980.685,6.52,4.820833333333334,6.12,0,2020,11,15,6,2110,1.0,1,0.0,0.0,1.0,0.0,0.0,0.0,1.0,Very Low,Medium,1,1,3,0.5300491910723466,9.5,55.10786365892353
CUST00532,1.754459966850419,Female,West,Graduate,Self-Employed,-0.32657857565343296,-0.7497235643228047,Car,0.6432780918143276,0.14321694260233545,-1.043350924915643,-0.5889515972740983,2018-08-24,1,Ajmer,Tamil Nadu,Current,True,3,21663.96,290427.1,6.52,4.820833333333334,6.12,0,2018,8,24,4,2924,2.0,0,0.0,0.0,1.0,1.0,0.0,0.0,0.0,Very Low,High,0,0,2,0.9493667159790414,7.0,18.50109836346156
CUST00533,-1.3963996341503848,Male,West,Graduate,Salaried,-0.05468407143776962,0.04160415421954129,Home,-2.0066296179549297,-1.3034188412596384,1.4305739485956752,-0.5110824342771362,2019-03-22,1,Jalandhar,Odisha,Savings,False,5,27838.13333333333,262800.98666666663,6.52,4.820833333333334,6.12,0,2019,3,22,4,2714,2.0,1,0.0,0.0,1.0,0.0,0.0,1.0,0.0,Very Low,Low,0,3,1,1.5756074341777706,30.0,19.765247293061023
CUST00534,-1.313482276229311,Male,East,Secondary,Salaried,0.10795929525583885,-0.6404696870422896,Business,0.39068981119006835,-1.5927459980320333,-0.7923730391971034,-0.5380752427491096,2023-12-01,0,Bhagalpur,Assam,NRI,False,4,30358.596666666665,283565.6933333333,6.52,4.820833333333334,6.12,0,2023,12,1,4,999,1.0,1,0.0,0.0,0.0,0.0,0.0,0.0,0.0,Very Low,None,0,1,3,0.6325088826373723,9.333333333333334,19.32703878248464
CUST00535,1.091121103481829,Male,West,Graduate,Self-Employed,0.3552655282812379,-0.43591366620374616,Education,-0.6676565896111597,-0.14611021417005934,-0.43383320245633267,-1.072451171781058,2019-01-17,1,Thiruvananthapuram,Haryana,Current,False,4,32667.865,180948.72166666668,6.52,4.820833333333334,6.12,0,2019,1,17,3,2778,2.0,1,0.0,0.0,1.0,0.0,1.0,0.0,0.0,Very Low,Medium,0,1,3,0.6661203323191932,12.666666666666666,10.651836267262906
CUST00536,-1.72806906583468,Male,West,Secondary,Self-Employed,-0.16803027286042863,2.0168848107994872,Home,-0.7015296471857737,-1.0140916844872436,-1.2226208432860284,0.3736748493519664,2018-06-03,0,Pali,Rajasthan,NRI,True,3,16545.87,140228.01666666666,6.52,4.820833333333334,6.12,1,2018,6,3,6,3006,1.0,1,0.0,0.0,1.0,0.0,0.0,1.0,0.0,Very Low,Low,0,0,2,5.159227274170254,5.333333333333333,34.12863492955961
CUST00537,1.091121103481829,Male,West,Secondary,Self-Employed,0.12718265399673578,6.216083252814687,Business,1.7394587362877767,-0.4354373709424541,0.8569102098104421,-0.32666804133386207,2020-08-17,0,Bellary,Jharkhand,Current,False,5,27881.789999999997,217275.26333333334,6.52,4.820833333333334,6.12,0,2020,8,17,0,2200,1.0,1,0.0,0.0,1.0,0.0,0.0,0.0,0.0,Very Low,Medium,1,2,1,11.584715686429572,24.666666666666668,22.759080133553603
CUST00538,-1.5622343499925324,Male,North,Graduate,Salaried,0.4901730209044848,5.931542806607556,Business,1.1318336322626146,1.5898527264643094,0.3908084220474401,-0.6983485151834045,2022-05-21,1,Siliguri,Andhra Pradesh,NRI,True,0,28773.653333333335,201535.18666666668,6.52,4.820833333333334,6.12,1,2022,5,21,5,1558,2.0,1,1.0,0.0,0.0,0.0,0.0,0.0,0.0,Very Low,High,1,2,0,11.292469670605945,20.333333333333332,16.72511938341364
CUST00539,1.1740384614029027,Male,South,Secondary,Self-Employed,-0.44571879612643833,-0.33370780604066214,Education,-0.19933807456546057,1.3005255696919145,0.8569102098104421,0.4730524484976574,2020-11-05,1,Panihati,Arunachal Pradesh,Savings,False,4,33324.138333333336,274090.41833333333,6.52,4.820833333333334,6.12,0,2020,11,5,3,2120,1.0,1,0.0,1.0,0.0,0.0,1.0,0.0,0.0,Very Low,High,0,2,1,2.186865601864322,24.666666666666668,35.74195759479862
CUST00540,-1.2305649183082372,Male,North,Graduate,Self-Employed,-0.14622880685958706,0.30002558137785945,Car,-0.6319368985219296,-1.3034188412596384,-1.0971319004267586,1.105482611235878,2020-05-01,1,Dindigul,Gujarat,Current,False,5,25107.666666666668,239427.405,6.52,4.820833333333334,6.12,0,2020,5,1,4,2308,2.0,1,1.0,0.0,0.0,1.0,0.0,0.0,0.0,Very Low,Low,0,0,2,2.1258484420099184,6.5,46.00899890488855
CUST00541,0.5936169559553861,Male,West,Graduate,Self-Employed,0.16399233099083296,0.11857575119091322,Car,1.7224460273714965,-1.5927459980320333,0.8748372016474806,-0.4663347166811126,2019-10-03,1,Patiala,Nagaland,NRI,False,4,21131.891666666666,294830.2733333333,6.52,4.820833333333334,6.12,0,2019,10,3,3,2519,2.0,1,0.0,0.0,1.0,1.0,0.0,0.0,0.0,Very Low,None,1,2,1,1.3119998609654815,24.833333333333332,20.491693772307745
CUST00542,-0.567226054939647,Female,East,Secondary,Self-Employed,-0.34888506259395785,-0.23629933642190765,Home,-0.02752101064145311,-1.5927459980320333,0.050195577143707856,-0.9890122653078238,2025-06-23,1,Bahraich,Odisha,NRI,False,3,36618.75,383809.7266666666,6.52,4.820833333333334,6.12,0,2025,6,23,0,429,1.0,0,0.0,0.0,0.0,0.0,0.0,1.0,0.0,Very Low,None,0,2,0,1.9570154572787943,17.166666666666668,12.006405910052106
CUST00543,-0.898895486623942,Male,North,Graduate,Self-Employed,0.24853448080381607,-0.2216607460740031,Home,0.08148229310438293,1.3005255696919145,-0.7923730391971034,-0.5903311740258416,2025-06-27,1,Gandhinagar,Karnataka,Current,False,4,36797.885,242756.515,6.52,4.820833333333334,6.12,0,2025,6,27,4,425,2.0,1,1.0,0.0,0.0,0.0,0.0,1.0,0.0,Very Low,High,0,1,3,0.9163759666199968,9.333333333333334,18.478701943532343
CUST00544,-0.31847398117642556,Male,East,Secondary,Self-Employed,0.5390116369240535,-0.7983574064793789,Other,0.06830304008608991,-0.7247645277148489,0.7852022424622879,-0.00863375858304647,2025-03-31,1,Sasaram,Kerala,Savings,False,5,33150.96833333333,182871.65500000003,6.52,4.820833333333334,6.12,0,2025,3,31,0,513,1.0,1,0.0,0.0,0.0,0.0,0.0,0.0,1.0,Very Low,Medium,0,2,0,0.32906547861872,24.0,27.92213419297712
CUST00545,-1.4793169920714586,Female,East,Post-Graduate,Salaried,-0.5233551637457559,-0.846010444299956,Car,2.4051231148834944,1.0111984129195197,-0.23663629224890875,-0.8108760346324848,2024-07-06,1,Jalna,Nagaland,Current,True,4,30576.021666666667,312516.01,6.52,4.820833333333334,6.12,0,2024,7,6,5,781,3.0,0,0.0,0.0,0.0,1.0,0.0,0.0,0.0,Very Low,High,1,1,3,1.2272424257239671,14.5,14.89831737621103
CUST00546,0.17903016635001717,Male,South,Graduate,Salaried,-0.5068613158477748,-0.3595883613083394,Home,-0.23442302180120933,-1.3034188412596384,-0.8640810065452575,-0.15825180684839266,2022-12-08,0,Sikar,Haryana,Savings,False,3,21950.933333333334,238662.87333333332,6.52,4.820833333333334,6.12,0,2022,12,8,3,1357,2.0,1,0.0,1.0,0.0,0.0,0.0,1.0,0.0,Very Low,Low,0,1,2,2.493592762016025,8.666666666666666,25.493194568047837
CUST00547,-0.898895486623942,Male,North,Post-Graduate,Salaried,-0.32292750470867104,-0.5466095920312142,Other,-0.032369539981330554,-1.5927459980320333,-1.3301827943082596,1.0909408462811687,2019-05-21,1,Bangalore,Sikkim,NRI,False,4,28256.925,225553.255,6.52,4.820833333333334,6.12,0,2019,5,21,1,2654,3.0,1,1.0,0.0,0.0,0.0,0.0,0.0,1.0,Very Low,None,0,0,2,1.3067869604538631,4.333333333333333,45.7729239826154
CUST00548,-1.313482276229311,Male,East,Graduate,Salaried,-0.15687400821384626,0.06604159803336812,Business,-0.8782210480722557,-0.14611021417005934,0.48044338123263275,0.569062091121274,2017-05-08,1,Noida,West Bengal,NRI,False,3,24342.91833333333,360333.62833333336,6.52,4.820833333333334,6.12,0,2017,5,8,0,3397,2.0,1,0.0,0.0,0.0,0.0,0.0,0.0,0.0,Very Low,Medium,0,2,0,1.8376057353312358,21.166666666666668,37.30060394828013
CUST00549,-0.31847398117642556,Male,East,Primary,Salaried,-0.4337840588498624,-0.1711295829238252,Home,-0.41564073206108604,-0.7247645277148489,0.552151348580787,-0.23831904930510367,2024-02-05,0,Ichalkaranji,Sikkim,NRI,False,4,31721.535,296104.88666666666,6.52,4.820833333333334,6.12,0,2024,2,5,0,933,0.0,1,0.0,0.0,0.0,0.0,0.0,1.0,0.0,Very Low,Medium,0,2,0,2.4925747266591447,21.833333333333332,24.1933614254779
CUST00550,-0.567226054939647,Female,West,Graduate,Salaried,0.12725287289123655,-0.5957532162475814,Other,-1.0880856688962206,1.0111984129195197,1.4485009404327138,-0.5314774705482436,2020-06-23,1,Guntur,Odisha,Savings,False,4,34135.113333333335,223547.49833333332,6.52,4.820833333333334,6.12,1,2020,6,23,1,2255,2.0,0,0.0,0.0,1.0,0.0,0.0,0.0,1.0,Very Low,High,0,3,1,1.0659086927810024,30.166666666666668,19.434148790406404
CUST00551,-1.5622343499925324,Female,East,Post-Graduate,Salaried,-0.10588706525133926,-0.18974497173429178,Car,-0.8569240186896606,1.5898527264643094,-0.7923730391971034,-0.3402761869642712,2019-02-16,0,Thiruvananthapuram,Rajasthan,Current,True,3,29644.243333333332,239284.1116666667,6.52,4.820833333333334,6.12,0,2019,2,16,5,2748,3.0,0,0.0,0.0,0.0,1.0,0.0,0.0,0.0,Very Low,High,0,1,3,1.3870112585498093,9.333333333333334,22.538161838423264
CUST00552,-0.40139133909749936,Male,West,Graduate,Salaried,-0.30701791722686306,-0.46379899574383343,Business,-1.903702245995829,0.14321694260233545,-0.3083442595970629,-0.035915416205342325,2017-09-09,0,Bhilai,Himachal Pradesh,NRI,True,4,22174.138333333336,285243.63166666665,6.52,4.820833333333334,6.12,1,2017,9,9,5,3273,2.0,1,0.0,0.0,1.0,0.0,0.0,0.0,0.0,Very Low,High,0,1,3,1.2726463491609061,13.833333333333334,27.479236427628468
CUST00553,0.9252863876396813,Female,East,Post-Graduate,Self-Employed,-0.6138939947765364,1.5376656268697353,Home,0.9158802418200699,1.3005255696919145,0.588005332254864,-0.6219318888688968,2025-05-14,1,Kharagpur,Odisha,NRI,False,6,29013.666666666668,223419.93166666667,6.52,4.820833333333334,6.12,0,2025,5,14,2,469,3.0,0,0.0,0.0,0.0,0.0,0.0,1.0,0.0,Very Low,High,1,2,0,10.966250582138484,22.166666666666668,17.965687441951214
CUST00554,1.008203745560755,Male,East,Post-Graduate,Unemployed,-0.5954020474197237,-0.06157993345351915,Car,0.15660472135744943,-0.14611021417005934,-0.5413951534785639,-0.8327149000404119,2025-05-01,1,Akola,Sikkim,Current,True,5,27499.073333333334,243958.43499999997,6.52,4.820833333333334,6.12,0,2025,5,1,3,482,3.0,1,0.0,0.0,0.0,1.0,0.0,0.0,0.0,Very Low,Medium,0,1,3,4.404330803497402,11.666666666666666,14.543779363131645
CUST00555,0.6765343138764599,Male,West,Secondary,Salaried,-0.16803027286042863,-0.817263598219393,Business,0.2428879075950768,-0.4354373709424541,-0.5772491371526409,-0.8061338517265357,2022-11-23,1,Berhampore,Goa,NRI,False,1,19361.28,153954.32,6.52,4.820833333333334,6.12,0,2022,11,23,2,1372,1.0,1,0.0,0.0,1.0,0.0,0.0,0.0,0.0,Very Low,Medium,0,1,3,0.638318692724394,11.333333333333334,14.975303248587164
CUST00556,-0.23555662325535176,Female,South,Secondary,Salaried,-0.6984503053424156,1.2119045701735882,Education,-0.06253648931683121,1.0111984129195197,-1.5811606800267992,0.1894505234603724,2022-05-22,1,Pallavaram,Himachal Pradesh,Savings,True,3,20496.808333333334,232397.20333333334,6.52,4.820833333333334,6.12,0,2022,5,22,6,1557,1.0,0,0.0,1.0,0.0,0.0,1.0,0.0,0.0,Very Low,High,0,0,2,14.72841333771053,2.0,31.137887688689347
CUST00557,-1.0647302024660896,Male,North,Graduate,Salaried,0.21409444654518542,-0.5465599195394076,Car,0.06757959094328794,1.5898527264643094,-1.276401818797144,-0.62103955300093,2021-01-01,1,Sambhal,Uttar Pradesh,NRI,False,4,25927.52,281329.5933333333,6.52,4.820833333333334,6.12,0,2021,1,1,4,2063,2.0,1,1.0,0.0,0.0,1.0,0.0,0.0,0.0,Very Low,High,0,0,2,0.6543175693939121,4.833333333333333,17.980173862363586
CUST00558,1.5057078930871979,Male,North,Graduate,Salaried,-0.3286409161123648,-0.6610995687490194,Education,1.6886029972659806,1.5898527264643094,1.753259801662369,1.193861755192023,2019-07-23,1,Munger,Telangana,NRI,True,4,18705.763333333332,257335.31000000003,6.52,4.820833333333334,6.12,0,2019,7,23,1,2591,2.0,1,1.0,0.0,0.0,0.0,1.0,0.0,0.0,Very Low,High,1,3,1,1.113504971936168,33.0,47.443769691309306
CUST00559,0.7594516717975337,Male,West,Post-Graduate,Salaried,3.2388495579848176,1.6482322515923011,Home,-0.8129663644067626,1.5898527264643094,-0.03943938204148483,-0.277543574924448,2017-01-05,1,Ambarnath,Gujarat,NRI,True,5,34349.375,296906.89999999997,6.52,4.820833333333334,6.12,0,2017,1,5,3,3520,3.0,1,0.0,0.0,1.0,0.0,0.0,1.0,0.0,Medium,High,0,2,3,0.6879673471458243,16.333333333333332,23.556579929859726
CUST00560,0.4277822401132385,Male,East,Post-Graduate,Salaried,1.4781144656236305,-0.08587026170799537,Other,0.2840034780838141,1.5898527264643094,1.4843549241067908,0.5944853657894821,2024-08-31,0,Karimnagar,Bihar,NRI,True,5,23348.576666666664,237655.13166666668,6.52,4.820833333333334,6.12,0,2024,8,31,5,725,3.0,1,0.0,0.0,0.0,0.0,0.0,0.0,1.0,Low,High,0,3,1,0.4907433689909079,30.5,37.713332225069
CUST00561,0.26194752427109097,Male,East,Secondary,Self-Employed,-0.025510827116301746,0.14525351968143257,Home,0.2783824333974705,-1.3034188412596384,1.520208907780868,-0.4658431240413132,2026-04-30,1,Mehsana,Tamil Nadu,Current,False,5,31063.11333333333,329636.99166666664,6.52,4.820833333333334,6.12,1,2026,4,30,3,118,1.0,1,0.0,0.0,0.0,0.0,0.0,1.0,0.0,Very Low,Low,0,3,1,2.2268719068627774,30.833333333333332,20.49967441940197
CUST00562,-1.2305649183082372,Female,North,Secondary,Self-Employed,-0.31181748626188754,0.16839031721757095,Car,1.1887422418233278,-0.4354373709424541,-1.4556717371675294,0.6658569729268556,2025-03-17,1,Tirunelveli,Chhattisgarh,Savings,False,2,30413.774999999998,116253.72333333333,6.52,4.820833333333334,6.12,0,2025,3,17,0,527,1.0,0,1.0,0.0,0.0,1.0,0.0,0.0,0.0,Very Low,Medium,1,0,2,2.5353240570609117,3.1666666666666665,38.87199808577723
CUST00563,-1.2305649183082372,Male,North,Graduate,Salaried,0.20314454713474095,-0.37285736813022835,Education,0.4519312008131429,0.721871256147125,1.4664279322697524,-0.18244996218413562,2026-08-25,1,Bellary,Haryana,NRI,True,4,30225.61333333333,222158.49333333332,6.52,4.820833333333334,6.12,0,2026,8,25,1,1,2.0,1,1.0,0.0,0.0,0.0,1.0,0.0,0.0,Very Low,High,0,3,1,0.818444786993953,30.333333333333332,25.10035520791301
CUST00564,0.0,Male,North,Secondary,Salaried,0.7661875148745403,-0.5240628310813985,Education,0.5045876514441596,0.721871256147125,0.46251638939559425,-1.141830069823941,2019-04-30,1,Bijapur,Chhattisgarh,Savings,False,5,24048.288333333334,281801.18,6.52,4.820833333333334,6.12,0,2019,4,30,1,2675,1.0,1,1.0,0.0,0.0,0.0,1.0,0.0,0.0,Very Low,High,0,2,0,0.4456997112215447,21.0,9.525520581795448
CUST00565,1.754459966850419,Male,South,Post-Graduate,Salaried,-0.6421598545432206,-0.46014551568714074,Business,-1.3257617331035603,-1.3034188412596384,-0.38005222694521706,-1.0047843104094392,2025-05-17,1,Gaya,Rajasthan,Current,False,3,29297.423333333336,84490.22833333333,6.52,4.820833333333334,6.12,0,2025,5,17,5,466,3.0,1,0.0,1.0,0.0,0.0,0.0,0.0,0.0,Very Low,Low,0,1,3,3.5900338808373116,13.166666666666666,11.750358289075631
CUST00566,1.1740384614029027,Female,East,Graduate,Salaried,-0.6608299515612843,0.962066642623275,Home,-0.855005971906809,0.14321694260233545,0.13983053632890055,-0.02080410788352085,2018-01-10,0,Thane,Bihar,Savings,True,4,30279.899999999998,258720.94999999998,6.52,4.820833333333334,6.12,0,2018,1,10,2,3150,2.0,0,0.0,0.0,0.0,0.0,0.0,1.0,0.0,Very Low,High,0,2,0,10.764232498294543,18.0,27.72455747006247
CUST00567,0.0,Female,South,Graduate,Salaried,-0.4580736578099917,-0.16747286291005964,Home,-0.13919099172336657,1.0111984129195197,-1.043350924915643,-0.6702738907646232,2025-01-14,1,Vijayawada,Telangana,Savings,False,3,26401.60666666667,238180.205,6.52,4.820833333333334,6.12,0,2025,1,14,1,589,2.0,0,0.0,1.0,0.0,0.0,0.0,1.0,0.0,Very Low,High,0,0,2,2.6514322005520468,7.0,17.18089038494982
CUST00568,-1.6451517079136062,Female,South,Primary,Salaried,-0.03042618552531857,0.6542130436306663,Car,-2.601318202638745,-0.7247645277148489,1.287158013899367,-1.4132459163779174,2022-01-16,1,Dewas,Arunachal Pradesh,NRI,False,5,22168.285,251728.44333333333,6.52,4.820833333333334,6.12,0,2022,1,16,6,1683,0.0,0,0.0,1.0,0.0,1.0,0.0,0.0,0.0,Very Low,Medium,0,3,1,2.240743720565671,28.666666666666668,5.119282750384223
CUST00569,1.008203745560755,Female,West,Graduate,Self-Employed,-0.07215211738668782,-0.3124166308866803,Education,0.40850256705395516,-1.0140916844872436,1.753259801662369,-0.25991024045636624,2019-06-14,1,Siwan,Jharkhand,Savings,False,5,36002.026666666665,280945.11000000004,6.52,4.820833333333334,6.12,0,2019,6,14,4,2630,2.0,0,0.0,0.0,1.0,0.0,1.0,0.0,0.0,Very Low,Low,0,3,1,1.177797022445985,33.0,23.842844222876007
CUST00570,-0.40139133909749936,Female,South,Graduate,Unemployed,0.2516017661316932,-0.5898116188437033,Car,-0.28168386955855057,1.3005255696919145,0.33702744653632444,2.8031500294333553,2021-07-12,1,Panchkula,West Bengal,Current,False,5,30021.11333333333,348339.6483333333,6.52,4.820833333333334,6.12,0,2021,7,12,0,1871,2.0,0,0.0,1.0,0.0,1.0,0.0,0.0,0.0,Very Low,High,0,2,0,0.5947821985970392,19.833333333333332,73.56938824172977
CUST00571,0.17903016635001717,Male,East,Graduate,Salaried,-0.5762095021517059,-0.7892832943056883,Car,0.41046403793181874,-1.5927459980320333,-1.0254239330786044,0.39466332491177675,2024-08-28,0,Kakinada,Goa,NRI,False,5,16845.818333333333,232042.34333333335,6.52,4.820833333333334,6.12,0,2024,8,28,2,728,2.0,1,0.0,0.0,0.0,1.0,0.0,0.0,0.0,Very Low,None,0,0,2,1.6465619913045761,7.166666666666667,34.46936748519134
CUST00572,-1.0647302024660896,Male,West,Secondary,Unemployed,-0.7045446095255987,0.10824677387196587,Education,0.029576189235660535,-1.0140916844872436,0.2115385036770547,-0.9447233226337576,2019-10-13,1,Raurkela Industrial Township,Gujarat,Savings,False,4,40053.50166666667,280623.86666666664,6.52,4.820833333333334,6.12,0,2019,10,13,6,2509,1.0,1,0.0,0.0,1.0,0.0,1.0,0.0,0.0,Very Low,Low,0,2,0,9.149024422705764,18.666666666666668,12.7254045138601
CUST00573,-1.72806906583468,Female,South,Graduate,Salaried,-0.6485516993353793,1.059509239717494,Car,0.24427809285995492,1.3005255696919145,-1.4198177534934522,1.1119855275336343,2024-07-13,1,Ahmedabad,Tamil Nadu,Savings,True,4,34045.49,193929.83333333334,6.52,4.820833333333334,6.12,1,2024,7,13,5,774,2.0,0,0.0,1.0,0.0,1.0,0.0,0.0,0.0,Very Low,High,0,0,2,3.659270841664624,3.5,46.11456899657432
CUST00574,1.6715426089293453,Other,East,Post-Graduate,Salaried,-0.5050006068804986,-0.6331903336504247,Education,1.3942034478835825,0.721871256147125,0.6955672832770953,1.1745939110252,2022-03-23,0,Kavali,Sikkim,Savings,False,1,28868.093333333334,214492.91333333333,6.52,4.820833333333334,6.12,0,2022,3,23,2,1617,3.0,2,0.0,0.0,0.0,0.0,1.0,0.0,0.0,Very Low,High,1,2,0,1.7400513242608358,23.166666666666668,47.13097032835572
CUST00575,0.5106995980343123,Female,West,Secondary,Salaried,-0.6869038576059567,0.018126991995607435,Car,4.003837417095318e-05,0.721871256147125,0.3908084220474401,-0.006639396115178539,2022-08-06,1,Munger,Rajasthan,NRI,False,2,26885.041666666668,218138.0216666667,6.52,4.820833333333334,6.12,0,2022,8,6,5,1481,1.0,0,0.0,0.0,1.0,1.0,0.0,0.0,0.0,Very Low,High,0,2,0,7.154524796904918,20.333333333333332,27.95451120952585
CUST00576,-0.567226054939647,Male,West,Primary,Self-Employed,-0.2223407687662246,-0.772799524940574,Other,0.6932288386240814,0.14321694260233545,-1.0254239330786044,-0.05259930381764362,2020-02-29,1,Thanjavur,Odisha,Savings,False,4,30671.191666666666,258373.12666666668,6.52,4.820833333333334,6.12,0,2020,2,29,5,2370,0.0,1,0.0,0.0,1.0,0.0,0.0,0.0,1.0,Very Low,High,1,0,2,0.7596819721002201,7.166666666666667,27.20838571015676
CUST00577,-0.06972190741320419,Male,North,Primary,Unemployed,6.695133380197381,-0.5177538595689902,Car,-0.32423186149605177,-1.0140916844872436,-1.0971319004267586,-1.0529869336195299,2017-02-14,0,Bilaspur,Uttar Pradesh,Savings,False,2,28509.196666666667,160198.16,6.52,4.820833333333334,6.12,0,2017,2,14,1,3480,0.0,1,1.0,0.0,0.0,1.0,0.0,0.0,0.0,Very High,Low,0,0,2,0.07758823501943864,6.5,10.96782394313307
CUST00578,-0.567226054939647,Male,West,Graduate,Self-Employed,-0.3169767392379978,-0.13133799840311536,Car,0.5043287662187143,-1.0140916844872436,-0.8103000310341419,-0.8835737564411793,2026-05-06,0,Siwan,Manipur,NRI,True,2,22094.783333333336,343651.1666666667,6.52,4.820833333333334,6.12,0,2026,5,6,2,112,2.0,1,0.0,0.0,1.0,1.0,0.0,0.0,0.0,Very Low,Low,0,1,2,2.0282873605510474,9.166666666666666,13.71812301336208
CUST00579,0.09611280842894337,Female,South,Graduate,Salaried,-0.41631920277036655,-0.8541646280179406,Other,-1.306242993536452,-0.7247645277148489,-0.8820079983822962,0.7978114832778415,2021-03-16,1,Kalyan-Dombivli,Maharashtra,Current,False,4,30742.553333333333,234153.71666666667,6.52,4.820833333333334,6.12,0,2021,3,16,1,1989,2.0,0,0.0,1.0,0.0,0.0,0.0,0.0,1.0,Very Low,Medium,0,1,2,0.9144327569236772,8.5,41.01418308682222
CUST00580,-1.6451517079136062,Male,South,Graduate,Self-Employed,-0.3290270375133947,-0.28385166653043337,Home,-1.9326206838204998,0.14321694260233545,-1.07920490858972,-0.009412660621062448,2020-01-29,0,Silchar,Goa,NRI,False,5,20392.346666666668,240409.93666666665,6.52,4.820833333333334,6.12,0,2020,1,29,2,2401,2.0,1,0.0,1.0,0.0,0.0,0.0,1.0,0.0,Very Low,High,0,0,2,1.7978555012827464,6.666666666666667,27.909489287860325
CUST00581,0.0,Male,South,Secondary,Salaried,-0.3923946367923656,-0.6171549806849741,Education,2.1993289655434567,0.14321694260233545,-0.5772491371526409,1.1226309617417607,2024-10-22,1,Tiruchirappalli,Punjab,NRI,False,3,18945.028333333332,252173.90666666665,6.52,4.820833333333334,6.12,0,2024,10,22,1,673,1.0,1,0.0,1.0,0.0,0.0,1.0,0.0,0.0,Very Low,High,1,1,3,1.3552511236184752,11.333333333333334,46.28738983785971
CUST00582,-1.0647302024660896,Female,West,Secondary,Self-Employed,-0.6004965340142618,0.07863595661492706,Business,1.9161044899341446,1.5898527264643094,-0.021512390204446296,-1.3089977631234364,2022-07-17,0,Tirupati,Telangana,NRI,False,5,33736.685,203400.95166666666,6.52,4.820833333333334,6.12,0,2022,7,17,6,1501,1.0,0,0.0,0.0,1.0,0.0,0.0,0.0,0.0,Very Low,High,1,2,3,5.008743751447448,16.5,6.811675300622808
CUST00583,-1.6451517079136062,Male,South,Graduate,Salaried,-0.4798813506814678,-0.3543394169818318,Other,-2.045717472337427,1.5898527264643094,0.15775752816593908,0.231388233018053,2022-07-20,0,Ratlam,Karnataka,Savings,True,3,26890.906666666666,282509.8133333333,6.52,4.820833333333334,6.12,0,2022,7,20,2,1498,2.0,1,0.0,1.0,0.0,0.0,0.0,0.0,1.0,Very Low,High,0,2,0,2.330522592886147,18.166666666666668,31.81871574188498
CUST00584,-1.6451517079136062,Female,South,Graduate,Salaried,-0.06050962928828391,0.325407357165733,Home,-0.04543448826662811,-1.3034188412596384,-1.4915257208416064,-0.8495334011367439,2019-06-25,1,Thanjavur,Maharashtra,Current,True,4,28929.448333333334,299096.03833333333,6.52,4.820833333333334,6.12,0,2019,6,25,1,2619,2.0,0,0.0,1.0,0.0,0.0,0.0,1.0,0.0,Very Low,Low,0,0,2,1.928888938090439,2.8333333333333335,14.27074329416523
CUST00585,0.0,Male,East,Post-Graduate,Salaried,-0.15090305756257424,-0.40549588231513284,Car,0.14944963943675096,1.5898527264643094,0.8927641934845192,0.8875371703086103,2022-09-23,0,Kottayam,Andhra Pradesh,NRI,False,4,31519.796666666665,258305.25166666668,6.52,4.820833333333334,6.12,0,2022,9,23,4,1433,3.0,1,0.0,0.0,0.0,1.0,0.0,0.0,0.0,Very Low,High,0,3,1,1.18197335900437,25.0,42.470814015575726
CUST00586,-0.40139133909749936,Male,North,Secondary,Self-Employed,-0.21346227257367936,-0.7694576556904161,Home,0.7497806023645521,-0.4354373709424541,0.9465451689956348,-0.5737893338725742,2021-10-07,1,Bhiwani,Maharashtra,NRI,True,4,23004.021666666667,196956.40666666665,6.52,4.820833333333334,6.12,0,2021,10,7,3,1784,1.0,1,1.0,0.0,0.0,0.0,0.0,1.0,0.0,Very Low,Medium,1,3,1,0.7542474348460472,25.5,18.747246624360287
CUST00587,1.5886252510082715,Male,North,Graduate,Salaried,-0.5389709040875506,-0.8000531101973539,Other,1.814387788939908,0.14321694260233545,0.28324647102520883,-1.5534891544250313,2021-03-22,1,Shahjahanpur,Manipur,NRI,True,5,33085.159999999996,201517.8533333333,6.52,4.820833333333334,6.12,0,2021,3,22,0,1983,2.0,1,1.0,0.0,0.0,0.0,0.0,0.0,1.0,Very Low,High,1,2,0,1.4241720740126202,19.333333333333332,2.842536315242263
CUST00588,-1.1476475603871634,Female,North,Graduate,Self-Employed,-0.33605249240426077,-0.8906171223621174,Car,-1.1195324968473273,0.14321694260233545,-0.5593221453156024,0.20862743629503808,2025-01-20,1,Coimbatore,Bihar,NRI,False,5,23401.571666666667,282363.10500000004,6.52,4.820833333333334,6.12,0,2025,1,20,0,583,2.0,0,1.0,0.0,0.0,1.0,0.0,0.0,0.0,Very Low,High,0,1,3,0.7077855334563282,11.5,31.44921084794702
CUST00589,0.0,Male,North,Graduate,Salaried,-0.7027403516590415,0.09787193165387313,Home,-1.0632467571304451,-0.14611021417005934,-1.5811606800267992,0.292882594768556,2022-01-10,1,Kharagpur,Bihar,NRI,False,4,18176.71,208828.15333333332,6.52,4.820833333333334,6.12,0,2022,1,10,0,1689,2.0,1,1.0,0.0,0.0,0.0,0.0,1.0,0.0,Very Low,Medium,0,0,2,8.353499408607336,2.0,32.817031745183144
CUST00590,1.008203745560755,Male,North,Graduate,Self-Employed,-0.20939996038524972,2.3208549246203782,Business,-0.008829196134799155,1.0111984129195197,-0.8640810065452575,2.296864368777327,2024-10-10,1,Mehsana,Goa,NRI,False,6,18009.328333333335,284785.50666666665,6.52,4.820833333333334,6.12,0,2024,10,10,3,685,2.0,1,1.0,0.0,0.0,0.0,0.0,0.0,0.0,Very Low,High,0,1,2,5.32158057599204,8.666666666666666,65.35021069625077
CUST00591,-1.3963996341503848,Other,North,Graduate,Salaried,0.5191899211110549,-0.031459536599211226,Education,-1.0170437562656633,1.0111984129195197,-0.20078230857483167,0.12289205723178123,2023-01-30,1,Raebareli,Gujarat,Savings,True,5,19059.015,253930.31666666665,6.52,4.820833333333334,6.12,0,2023,1,30,0,1304,2.0,2,1.0,0.0,0.0,0.0,1.0,0.0,0.0,Very Low,High,0,1,3,0.8696192087113335,14.833333333333334,30.05735965165448
CUST00592,0.5936169559553861,Male,East,Post-Graduate,Self-Employed,-0.6195053984370175,1.0338993071333449,Education,-2.8509238877142153,1.5898527264643094,-0.9537159657304503,-1.434290984894716,2017-03-12,1,Jammu,West Bengal,Savings,True,4,29787.986666666664,173746.94,6.52,4.820833333333334,6.12,0,2017,3,12,6,3454,3.0,1,0.0,0.0,0.0,0.0,1.0,0.0,0.0,Very Low,High,0,0,2,9.211734756153227,7.833333333333333,4.777631449471995
CUST00593,0.5106995980343123,Female,North,Secondary,Salaried,-0.44924073890557426,0.48865490945775164,Other,-0.24565829106532802,0.4325440993747302,1.520208907780868,1.194744551139348,2022-08-02,0,Shivpuri,Nagaland,Current,False,5,27544.501666666667,307336.825,6.52,4.820833333333334,6.12,0,2022,8,2,1,1485,1.0,0,1.0,0.0,0.0,0.0,0.0,0.0,1.0,Very Low,High,0,3,1,4.130212472632671,30.833333333333332,47.45810123808488
CUST00594,-0.48430869701857315,Female,South,Secondary,Salaried,-0.14772938543349629,-0.503454754641365,Car,0.8907581697631979,-1.0140916844872436,-0.20078230857483167,-0.4230290099533999,2021-07-14,1,Fatehpur,Andhra Pradesh,Savings,True,4,29037.789999999997,192955.59333333335,6.52,4.820833333333334,6.12,0,2021,7,14,2,1869,1.0,0,0.0,1.0,0.0,1.0,0.0,0.0,0.0,Very Low,Low,1,1,3,1.0443133759914172,14.833333333333334,21.19473025938957
CUST00595,-0.6501434128607207,Male,West,Graduate,Salaried,6.695133380197381,0.6088151165293966,Car,-0.029043847624326005,-1.5927459980320333,1.054107120017866,-0.7672301605412061,2018-01-03,0,Alappuzha,Jharkhand,Savings,True,6,24540.399999999998,246783.985,6.52,4.820833333333334,6.12,0,2018,1,3,2,3157,2.0,1,0.0,0.0,1.0,1.0,0.0,0.0,0.0,Very High,None,0,3,1,0.14636772478896057,26.5,15.60687623173739
CUST00596,-1.6451517079136062,Female,South,Graduate,Self-Employed,-0.4137418060768851,-0.48794055926626273,Education,0.6461456809708495,-1.0140916844872436,-1.3839637698193752,0.5842459254169218,2021-04-29,1,Akola,Jharkhand,Current,False,4,26152.713333333333,243027.21833333335,6.52,4.820833333333334,6.12,0,2021,4,29,3,1945,2.0,0,0.0,1.0,0.0,0.0,1.0,0.0,0.0,Very Low,Low,0,0,2,1.6983108987881874,3.8333333333333335,37.54710239687405
CUST00597,1.5057078930871979,Male,East,Secondary,Salaried,-0.47471220517377155,-0.48007253741909545,Home,0.496298392412426,1.3005255696919145,-1.312255802471221,-0.1671628661581007,2020-06-22,1,Srinagar,Karnataka,Current,False,4,18949.524999999998,251258.08166666667,6.52,4.820833333333334,6.12,0,2020,6,22,0,2256,1.0,1,0.0,0.0,0.0,0.0,0.0,1.0,0.0,Very Low,High,0,0,2,1.9857187053953886,4.5,25.34853003520312
CUST00598,-1.4793169920714586,Female,North,Primary,Salaried,-0.6816368774249616,-0.37403198418830225,Car,-1.083469360435651,-1.3034188412596384,0.33702744653632444,-0.5296097052479435,2024-01-31,0,Ballia,Bihar,NRI,True,4,27047.789999999997,264445.79333333333,6.52,4.820833333333334,6.12,0,2024,1,31,2,938,0.0,0,1.0,0.0,0.0,1.0,0.0,0.0,0.0,Very Low,Low,0,2,0,4.840532383388173,19.833333333333332,19.464470594497318
CUST00599,1.5886252510082715,Male,North,Primary,Salaried,-0.23810362995337153,-0.35240049775134363,Business,0.0636568920266532,-1.3034188412596384,-0.8282270228711806,-0.6013926426583933,2020-07-30,1,Gurgaon,West Bengal,Current,True,3,32242.13666666667,220096.96166666667,6.52,4.820833333333334,6.12,0,2020,7,30,3,2218,0.0,1,1.0,0.0,0.0,0.0,0.0,0.0,0.0,Very Low,Low,0,1,2,1.429505515041209,9.0,18.299127087537244
CUST00600,0.7594516717975337,Female,North,Post-Graduate,Salaried,1.1331928315886792,0.11752947056672673,Business,-1.605356032708354,-1.3034188412596384,1.4843549241067908,-0.9572774989853531,2026-04-30,1,Baranagar,Arunachal Pradesh,Current,False,5,35090.1,256809.63333333333,6.52,4.820833333333334,6.12,0,2026,4,30,3,118,3.0,0,1.0,0.0,0.0,0.0,0.0,0.0,0.0,Low,Low,0,3,1,0.6739739170544532,30.5,12.521596639393907
CUST00601,0.34486488219216477,Male,North,Secondary,Self-Employed,-0.16954739913272443,-0.560196261667302,Car,-0.5438783610387464,-0.4354373709424541,-0.9537159657304503,1.5276786492105596,2026-03-30,1,Deoghar,Maharashtra,Current,True,4,28251.59833333333,303331.47500000003,6.52,4.820833333333334,6.12,0,2026,3,30,0,149,1.0,1,1.0,0.0,0.0,1.0,0.0,0.0,0.0,Very Low,Medium,0,0,2,0.9981347196175915,7.833333333333333,52.8630429056909
CUST00602,0.4277822401132385,Female,South,Secondary,Salaried,-0.28338896804418784,0.2856036816311078,Car,0.045252330448006486,-1.5927459980320333,0.050195577143707856,-0.635154266586274,2026-05-23,1,Bareilly,Mizoram,NRI,False,4,28273.64,283216.84500000003,6.52,4.820833333333334,6.12,0,2026,5,23,5,95,1.0,0,0.0,1.0,0.0,1.0,0.0,0.0,0.0,Very Low,None,0,2,0,2.6062398457410043,17.166666666666668,17.75103180684654
CUST00603,1.008203745560755,Male,North,Secondary,Self-Employed,-0.15073091268093824,0.2744318934649114,Education,-0.008809805215351291,1.0111984129195197,0.13983053632890055,1.123686486419446,2024-03-30,1,Dindigul,Maharashtra,Savings,False,5,40772.653333333335,325307.63833333337,6.52,4.820833333333334,6.12,0,2024,3,30,5,879,1.0,1,1.0,0.0,0.0,0.0,1.0,0.0,0.0,Very Low,High,0,2,0,2.104576596491747,18.0,46.30452550928736
CUST00604,0.7594516717975337,Male,North,Secondary,Salaried,-0.279496260048339,-0.08757885884585462,Other,-1.3599818107453299,-0.7247645277148489,0.354954438373363,1.3591479390599919,2016-12-26,0,Tirunelveli,Telangana,Current,True,2,30704.42,306323.91333333333,6.52,4.820833333333334,6.12,0,2016,12,26,0,3530,1.0,1,1.0,0.0,0.0,0.0,0.0,0.0,1.0,Very Low,Medium,0,2,0,1.970183668031154,20.0,50.12707004246917
CUST00605,-0.898895486623942,Male,North,Primary,Salaried,-0.5017393634633858,1.3645607618909348,Education,-1.1484307060911967,1.0111984129195197,-0.8103000310341419,0.32550240605546443,2025-11-12,1,Darbhanga,Goa,Current,True,1,25819.22666666667,268222.05,6.52,4.820833333333334,6.12,0,2025,11,12,2,287,0.0,1,1.0,0.0,0.0,0.0,1.0,0.0,0.0,Very Low,High,0,1,2,7.082295501099126,9.166666666666666,33.34659053244904
CUST00606,0.0,Male,South,Graduate,Salaried,0.09858942397768361,0.6297365807196649,Other,0.29720616673187167,-0.4354373709424541,0.17568452000297763,-0.7926553945667455,2020-09-24,1,Aurangabad,Uttar Pradesh,NRI,False,6,27725.911666666667,219589.2283333333,6.52,4.820833333333334,6.12,0,2020,9,24,3,2162,2.0,1,0.0,1.0,0.0,0.0,0.0,0.0,1.0,Very Low,Medium,0,2,0,1.9150087533365292,18.333333333333332,15.194116146214762
CUST00607,-0.8159781287028683,Female,North,Primary,Salaried,-0.19063747464446792,0.4332103926190203,Business,0.8591726251732197,-1.3034188412596384,0.28324647102520883,-0.5983814181814401,2022-10-08,1,Tiruvottiyur,Uttar Pradesh,NRI,False,2,28732.13666666667,209458.51,6.52,4.820833333333334,6.12,0,2022,10,8,5,1418,0.0,0,1.0,0.0,0.0,0.0,0.0,0.0,0.0,Very Low,Low,1,2,0,2.458125049869337,19.333333333333332,18.348012115355928
CUST00608,1.091121103481829,Male,South,Post-Graduate,Salaried,-0.26938738988999666,-0.24119874639806277,Other,-0.22442080571553535,-0.4354373709424541,1.3050850057364056,0.9731042540512114,2022-04-01,1,Nizamabad,Mizoram,Savings,False,5,23886.716666666664,279553.1666666667,6.52,4.820833333333334,6.12,0,2022,4,1,4,1608,3.0,1,0.0,1.0,0.0,0.0,0.0,0.0,1.0,Very Low,Medium,0,3,1,1.6862358086115699,28.833333333333332,43.859933060381394
CUST00609,1.008203745560755,Female,East,Secondary,Self-Employed,-0.53512114246709,-0.08233633480048821,Education,-0.2768626597519833,1.0111984129195197,-0.43383320245633267,-1.3594194246352078,2018-12-05,1,Sangli-Miraj & Kupwad,Rajasthan,Current,True,5,28566.813333333335,248457.19666666666,6.52,4.820833333333334,6.12,0,2018,12,5,2,2821,1.0,0,0.0,0.0,0.0,0.0,1.0,0.0,0.0,Very Low,High,0,1,3,3.5292468739216862,12.666666666666666,5.993116490234429
CUST00610,-0.7330607707817945,Other,East,Graduate,Salaried,0.4191651660613912,0.02489707984153071,Car,0.9679996908124034,-0.7247645277148489,0.7672752506252494,-1.4803299751420662,2022-02-28,1,Bongaigaon,Manipur,Savings,False,5,32498.164999999997,370449.8116666667,6.52,4.820833333333334,6.12,0,2022,2,28,0,1640,2.0,2,0.0,0.0,0.0,1.0,0.0,0.0,0.0,Very Low,Medium,1,2,0,0.9799970558679015,23.833333333333332,4.030222102805482
CUST00611,0.4277822401132385,Female,North,Post-Graduate,Self-Employed,0.01146148298620203,-0.26821882195576313,Other,-0.816416438935179,0.4325440993747302,-0.29041726776002436,-0.9496688304488324,2024-07-08,1,Ghaziabad,Uttarakhand,Savings,True,3,26908.88,283284.37833333336,6.52,4.820833333333334,6.12,0,2024,7,8,0,779,3.0,0,1.0,0.0,0.0,0.0,0.0,0.0,1.0,Very Low,High,0,1,3,1.1138163161786032,14.0,12.645117810239098
CUST00612,0.0,Male,West,Graduate,Salaried,-0.4409971089258455,-0.4462853530559129,Education,1.8016287586075121,-1.5927459980320333,1.5022819159438294,0.8734390210555715,2017-12-28,1,Ambarnath,Telangana,NRI,True,6,19114.24,264336.89499999996,6.52,4.820833333333334,6.12,0,2017,12,28,3,3163,2.0,1,0.0,0.0,1.0,0.0,1.0,0.0,0.0,Very Low,None,1,3,1,1.9039937561159048,30.666666666666668,42.24194086988315
CUST00613,-0.06972190741320419,Male,East,Graduate,Salaried,0.2071397806892652,-0.9405439766621063,Business,-1.416905957487795,1.5898527264643094,0.9823991526697118,2.208484966684351,2020-07-20,0,Gwalior,Madhya Pradesh,Savings,False,3,31695.563333333335,290379.575,6.52,4.820833333333334,6.12,0,2020,7,20,0,2228,2.0,1,0.0,0.0,0.0,0.0,0.0,0.0,0.0,Very Low,High,0,3,1,0.27145555977894575,25.833333333333332,63.91543571916729
CUST00614,1.5886252510082715,Female,North,Secondary,Salaried,-0.42680140480903755,0.1573859993896814,Other,1.0907993612455162,-0.4354373709424541,-0.846154014708219,0.28985536048837607,2019-06-25,0,Kumbakonam,Chhattisgarh,Savings,True,5,23213.600000000002,300895.21,6.52,4.820833333333334,6.12,0,2019,6,25,1,2619,1.0,0,1.0,0.0,0.0,0.0,0.0,0.0,1.0,Very Low,Medium,1,1,2,3.181686981344423,8.833333333333334,32.76788680991415
CUST00615,-0.898895486623942,Male,West,Secondary,Salaried,-0.4949848464509401,0.40920921937517823,Business,0.5572283536037015,1.3005255696919145,1.2513040302252898,1.5609770144965605,2023-06-22,1,Sangli-Miraj & Kupwad,Telangana,NRI,True,4,34556.954999999994,302375.62333333335,6.52,4.820833333333334,6.12,0,2023,6,22,3,1161,1.0,1,0.0,0.0,1.0,0.0,0.0,0.0,0.0,Very Low,High,0,3,1,4.436694019586033,28.333333333333332,53.40361752102806
CUST00616,0.01319545050786959,Male,West,Graduate,Salaried,-0.4900493006124537,-0.7158216649513556,Business,2.5172328116338756,1.5898527264643094,-0.8820079983822962,0.22091536087440286,2025-09-28,1,New Delhi,Karnataka,Savings,True,3,33510.43,193649.51333333334,6.52,4.820833333333334,6.12,0,2025,9,28,6,332,2.0,1,0.0,0.0,1.0,0.0,0.0,0.0,0.0,Very Low,High,1,1,2,1.455350059816848,8.5,31.648696319552883
CUST00617,-0.06972190741320419,Female,North,Post-Graduate,Salaried,-0.6589794825669861,0.07891331357035107,Home,-1.1821359190296774,1.0111984129195197,-0.43383320245633267,1.1981022245982325,2026-04-27,1,Suryapet,Goa,NRI,True,5,32911.74833333333,271393.29333333333,6.52,4.820833333333334,6.12,0,2026,4,27,0,121,3.0,0,1.0,0.0,0.0,0.0,0.0,1.0,0.0,Very Low,High,0,1,3,6.457202281371961,12.666666666666666,47.51261061182964
CUST00618,0.0,Female,South,Graduate,Salaried,-0.08405684919526978,-0.5312184755162461,Other,-2.4527176763834495,-1.5927459980320333,-1.5990876718638376,-0.40968748179463055,2024-09-15,0,Proddatur,Gujarat,Savings,False,4,27134.001666666667,292351.9166666667,6.52,4.820833333333334,6.12,0,2024,9,15,6,710,2.0,0,0.0,1.0,0.0,0.0,0.0,0.0,1.0,Very Low,None,0,0,2,0.9243205044694156,1.8333333333333333,21.411320214797044
CUST00619,-1.5622343499925324,Female,West,Graduate,Self-Employed,-0.6661456447338526,-0.4425260326079142,Education,1.301314020757007,1.0111984129195197,-0.5413951534785639,0.4826284288161788,2019-03-14,1,Parbhani,Uttarakhand,Savings,True,3,30400.666666666668,292845.7783333333,6.52,4.820833333333334,6.12,0,2019,3,14,3,2722,2.0,0,0.0,0.0,1.0,0.0,1.0,0.0,0.0,Very Low,High,1,1,3,4.118100213188155,11.666666666666666,35.89741663408477
CUST00620,-1.2305649183082372,Male,East,Graduate,Salaried,-0.5810860787231383,0.6521347328170459,Other,-1.548966879225418,1.0111984129195197,-0.34419824327113996,0.7357653783645507,2023-08-06,0,Junagadh,Punjab,Current,True,5,20297.228333333333,271864.35333333333,6.52,4.820833333333334,6.12,0,2023,8,6,6,1116,2.0,1,0.0,0.0,0.0,0.0,0.0,0.0,1.0,Very Low,High,0,1,3,6.635442735512096,13.5,40.00690993666633
CUST00621,-0.6501434128607207,Female,North,Graduate,Self-Employed,-0.6927805676817775,-0.6659685631576148,Other,0.637483345256083,-0.7247645277148489,-0.613103120826718,-0.6371260624810726,2022-04-24,1,Gopalpur,Manipur,Savings,False,3,24712.570000000003,268566.8016666667,6.52,4.820833333333334,6.12,0,2022,4,24,6,1585,2.0,0,1.0,0.0,0.0,0.0,0.0,0.0,1.0,Very Low,Medium,0,1,3,3.490344414298208,11.0,17.71902114211273
CUST00622,-0.567226054939647,Male,North,Primary,Self-Employed,-0.3195846949846593,-0.6664300666548013,Business,1.2308156787049311,0.4325440993747302,1.089961103691943,-0.9576814483552127,2016-10-02,0,Kamarhati,Tripura,Savings,True,5,34605.426666666666,177014.4783333333,6.52,4.820833333333334,6.12,1,2016,10,2,6,3615,0.0,1,1.0,0.0,0.0,0.0,0.0,0.0,0.0,Very Low,High,1,3,1,0.9551766043512379,26.833333333333332,12.51503881670946
CUST00623,-1.0647302024660896,Male,South,Graduate,Salaried,-0.32613107978623634,1.1924740527571538,Business,0.39023397156068784,-1.5927459980320333,-1.043350924915643,-0.0023202982577242965,2019-12-05,1,Ratlam,Gujarat,NRI,True,6,28397.67,307094.5916666667,6.52,4.820833333333334,6.12,0,2019,12,5,3,2456,2.0,1,0.0,1.0,0.0,0.0,0.0,0.0,0.0,Very Low,None,0,0,2,4.44863973903089,7.0,28.02462860546536
CUST00624,1.754459966850419,Female,South,Post-Graduate,Unemployed,-0.53512114246709,-0.3451483160755768,Business,0.23562973031936485,1.3005255696919145,0.5162973649067099,-1.2970530580684327,2019-08-18,0,Muzaffarpur,Sikkim,Savings,True,4,30028.603333333333,332020.55833333335,6.52,4.820833333333334,6.12,1,2019,8,18,6,2565,3.0,0,0.0,1.0,0.0,0.0,0.0,0.0,0.0,Very Low,High,0,2,0,1.458540846122459,21.5,7.005588854185129
CUST00625,-1.2305649183082372,Male,East,Secondary,Salaried,-0.548016866651988,0.5912076741387847,Business,0.4124213118795481,-1.3034188412596384,-0.21870930041187023,-0.18708757947227858,2025-03-07,0,Chinsurah,West Bengal,Current,True,2,25869.588333333333,293099.92333333334,6.52,4.820833333333334,6.12,0,2025,3,7,4,537,1.0,1,0.0,0.0,0.0,0.0,0.0,0.0,0.0,Very Low,Low,0,1,3,5.747704040375877,14.666666666666666,25.02506688189201
CUST00626,-0.8159781287028683,Male,South,Graduate,Unemployed,-0.5714712700576402,-0.8259205767469836,Education,0.8696784080019987,-1.5927459980320333,1.1616690710400972,0.8791176449550742,2024-10-26,1,Nellore,Uttar Pradesh,NRI,False,3,26083.33,297857.9733333333,6.52,4.820833333333334,6.12,0,2024,10,26,5,669,2.0,1,0.0,1.0,0.0,0.0,1.0,0.0,0.0,Very Low,None,1,3,1,1.49775654760556,27.5,42.334129177139445
CUST00627,-0.23555662325535176,Male,South,Secondary,Salaried,-0.0873949277749212,-0.8075254980690266,Car,0.6074089221610172,1.3005255696919145,-1.2046938514489898,2.0031000397900844,2026-07-13,0,Agra,Rajasthan,Savings,True,3,22249.87166666667,257069.19833333333,6.52,4.820833333333334,6.12,0,2026,7,13,0,44,1.0,1,0.0,1.0,0.0,1.0,0.0,0.0,0.0,Very Low,High,0,0,2,0.5839550784281939,5.5,60.58116159194468
CUST00628,0.4277822401132385,Female,East,Graduate,Self-Employed,-0.4403991596463196,-0.6418021161599948,Home,-1.2820918510514856,0.14321694260233545,0.31910045469928594,-0.7940542106709286,2016-11-15,1,Berhampore,Rajasthan,Current,True,4,24873.166666666668,189194.94166666665,6.52,4.820833333333334,6.12,0,2016,11,15,1,3571,2.0,0,0.0,0.0,0.0,0.0,0.0,1.0,0.0,Very Low,High,0,2,0,1.453311587760636,19.666666666666668,15.171407389464948
CUST00629,-0.31847398117642556,Female,North,Primary,Salaried,-0.15316741360202743,-0.4890770716293552,Business,1.9042620022204166,-1.3034188412596384,-0.3083442595970629,1.0171911158366005,2022-08-31,1,Sikar,Mizoram,Savings,False,5,21322.616666666665,334072.735,6.52,4.820833333333334,6.12,0,2022,8,31,2,1456,0.0,0,1.0,0.0,0.0,0.0,0.0,0.0,0.0,Very Low,Low,1,1,3,1.0719144336683608,13.833333333333334,44.57565102870697
CUST00630,-0.7330607707817945,Female,South,Graduate,Salaried,-0.516993929071321,-0.7797148165363861,Business,0.045938349804460085,-1.5927459980320333,-1.312255802471221,-1.3588575687549302,2025-02-02,0,Kavali,Punjab,NRI,True,4,36867.37333333333,193748.36833333332,6.52,4.820833333333334,6.12,0,2025,2,2,6,570,2.0,0,0.0,1.0,0.0,0.0,0.0,0.0,0.0,Very Low,None,0,0,2,1.390257085118374,4.5,6.0022378096669975
CUST00631,1.754459966850419,Female,East,Graduate,Self-Employed,-0.20838751456570584,-0.07182689404140692,Home,0.5354108280409494,1.5898527264643094,0.17568452000297763,2.118008500785799,2017-02-16,1,Rajpur Sonarpur,Punjab,NRI,True,2,21344.59,246656.65000000002,6.52,4.820833333333334,6.12,0,2017,2,16,3,3478,2.0,0,0.0,0.0,0.0,0.0,0.0,1.0,0.0,Very Low,High,0,2,0,1.7789112241637808,18.333333333333332,62.44661644440433
CUST00632,-1.72806906583468,Male,West,Secondary,Self-Employed,0.41898854242584843,-0.03186022338526408,Business,0.7372277035140635,-0.14611021417005934,0.6238593159289411,-0.772497634820346,2026-03-01,1,Kollam,Goa,Current,False,4,23595.893333333337,266086.00666666665,6.52,4.820833333333334,6.12,0,2026,3,1,6,178,1.0,1,0.0,0.0,1.0,0.0,0.0,0.0,0.0,Very Low,Medium,1,2,0,0.9373726478840699,22.5,15.52136263796822
CUST00633,1.3398731772450503,Male,East,Graduate,Salaried,-0.02871518918487633,-0.6370904557722638,Car,1.2033442499274996,-0.14611021417005934,0.08604956081778493,0.7448070462801333,2018-09-09,1,Meerut,Punjab,Current,True,6,24075.895,200268.97333333336,6.52,4.820833333333334,6.12,0,2018,9,9,6,2908,2.0,1,0.0,0.0,0.0,1.0,0.0,0.0,0.0,Very Low,Medium,1,2,0,0.7402420545219768,17.5,40.153694804736936
CUST00634,-0.06972190741320419,Male,East,Graduate,Salaried,-0.4040193188230931,-0.6111639667485892,Other,1.094581700857963,1.0111984129195197,1.3767929730845596,-0.9944005675296126,2020-08-01,1,Madurai,Tamil Nadu,Current,True,5,33663.21,183359.865,6.52,4.820833333333334,6.12,0,2020,8,1,5,2216,2.0,1,0.0,0.0,0.0,0.0,0.0,0.0,1.0,Very Low,High,1,3,1,1.4023311614421698,29.5,11.918930762973687
CUST00635,1.008203745560755,Male,North,Post-Graduate,Self-Employed,-0.17786532434932611,-0.5658631676375981,Home,0.13040483191368396,-1.3034188412596384,-1.5811606800267992,-0.60443306041411,2025-11-18,0,Etawah,Assam,NRI,True,2,19750.98,197135.345,6.52,4.820833333333334,6.12,0,2025,11,18,1,281,3.0,1,1.0,0.0,0.0,0.0,0.0,1.0,0.0,Very Low,Low,0,0,2,1.0022838233864122,2.0,18.249768128181607
CUST00636,-0.7330607707817945,Male,South,Secondary,Self-Employed,4.208786682311166,-0.7168759204343582,Education,0.06307541303796144,-1.5927459980320333,-0.18285531673779315,0.028799173984581813,2017-01-18,0,Chinsurah,Karnataka,NRI,False,2,28202.789999999997,225435.96833333335,6.52,4.820833333333334,6.12,0,2017,1,18,2,3507,1.0,1,0.0,1.0,0.0,0.0,1.0,0.0,0.0,High,None,0,1,3,0.1063914504627053,15.0,28.52983048526913
CUST00637,1.5886252510082715,Female,East,Secondary,Unemployed,-0.27283452276099157,-0.9405439766621063,Home,0.4204573743463284,1.0111984129195197,0.37288143021040154,0.06542832249038326,2025-02-28,0,Tinsukia,West Bengal,Current,True,4,36278.085,253608.69500000004,6.52,4.820833333333334,6.12,0,2025,2,28,4,544,1.0,0,0.0,0.0,0.0,0.0,0.0,1.0,0.0,Very Low,High,0,2,0,0.3857688037160713,20.166666666666668,29.12447793097951
CUST00638,0.09611280842894337,Male,North,Secondary,Self-Employed,-0.3795674084841871,-0.3165492152679112,Car,1.1448183607653715,-1.0140916844872436,-1.2046938514489898,0.2373238610186199,2024-03-07,1,Guwahati,West Bengal,Savings,False,5,30352.61666666667,293695.5466666667,6.52,4.820833333333334,6.12,0,2024,3,7,3,902,1.0,1,1.0,0.0,0.0,1.0,0.0,0.0,0.0,Very Low,Low,1,0,2,1.9209774836636142,5.5,31.915076322821363
CUST00639,-1.72806906583468,Male,South,Post-Graduate,Unemployed,-0.33061313000421205,-0.4687408673709436,Education,-1.1731814414648902,1.0111984129195197,-1.6887226310490304,0.3723760649022078,2018-12-07,1,Sambalpur,Gujarat,Current,False,4,40393.568333333336,168246.40833333335,6.52,4.820833333333334,6.12,0,2018,12,7,4,2819,3.0,1,0.0,1.0,0.0,0.0,1.0,0.0,0.0,Very Low,High,0,0,2,1.4672224114875532,1.0,34.107550113584296
CUST00640,0.09611280842894337,Male,South,Post-Graduate,Salaried,-0.19611576645944845,-0.4263740607069889,Other,0.6671501721596815,-0.4354373709424541,0.3011734628622474,-0.5127402364478566,2022-07-28,0,Nellore,Chhattisgarh,NRI,True,1,31475.141666666666,296763.14166666666,6.52,4.820833333333334,6.12,0,2022,7,28,3,1490,3.0,1,0.0,1.0,0.0,0.0,0.0,0.0,1.0,Very Low,Medium,1,2,0,1.232028682575091,19.5,19.738334086870715
CUST00641,0.0,Male,North,Graduate,Salaried,-0.5386244807836784,-0.6723923726427139,Business,-0.9361111988625169,-0.14611021417005934,1.4664279322697524,-0.9476384998262897,2026-08-22,1,Kishanganj,Madhya Pradesh,Current,False,3,33835.18666666667,338958.6533333333,6.52,4.820833333333334,6.12,0,2026,8,22,5,4,2.0,1,1.0,0.0,0.0,0.0,0.0,0.0,0.0,Very Low,Medium,0,3,1,1.8041599370021377,30.333333333333332,12.67807874348196
CUST00642,0.8423690297186075,Female,South,Post-Graduate,Salaried,0.3037100207457269,0.22541553700432151,Home,1.9317235043940997,-1.0140916844872436,-0.5593221453156024,-1.2342412099503723,2020-01-01,0,Dehradun,Karnataka,Savings,True,4,24480.271666666667,253816.97166666668,6.52,4.820833333333334,6.12,1,2020,1,1,2,2429,3.0,0,0.0,1.0,0.0,0.0,0.0,1.0,0.0,Very Low,Low,1,1,3,2.352464764209455,11.5,8.025293285420737
CUST00643,-1.1476475603871634,Male,North,Graduate,Self-Employed,-0.6067591715009844,2.090549937176553,Education,0.3771949538622582,0.721871256147125,0.2115385036770547,2.8481920728965533,2025-01-15,1,Raipur,Uttar Pradesh,Current,True,3,31017.061666666665,161558.0,6.52,4.820833333333334,6.12,0,2025,1,15,2,588,2.0,1,1.0,0.0,0.0,0.0,1.0,0.0,0.0,Very Low,High,0,2,0,12.753401534220732,18.666666666666668,74.30061288624272
CUST00644,0.34486488219216477,Male,South,Graduate,Self-Employed,-0.6371365310585709,-0.6162926564964746,Home,-0.4434315246058956,1.3005255696919145,-1.3660367779823366,-0.09269319371328599,2018-03-04,0,Bhiwandi,Tamil Nadu,Savings,True,3,13911.055,260823.875,6.52,4.820833333333334,6.12,0,2018,3,4,6,3097,2.0,1,0.0,1.0,0.0,0.0,0.0,1.0,0.0,Very Low,High,0,0,2,2.8379835262248774,4.0,26.557490721121983
CUST00645,-0.6501434128607207,Female,North,Primary,Salaried,-0.5792026644581024,0.7398136350013551,Other,0.4415199606649083,-0.4354373709424541,1.5022819159438294,-1.4258863283480079,2022-02-04,0,Satna,Punjab,Current,False,5,29277.198333333334,299729.995,6.52,4.820833333333334,6.12,0,2022,2,4,4,1664,0.0,0,1.0,0.0,0.0,0.0,0.0,0.0,1.0,Very Low,Medium,0,3,1,6.89086524183593,30.666666666666668,4.914074903700301
CUST00646,0.17903016635001717,Male,West,Graduate,Salaried,-0.21679593059346858,-0.0734194796019977,Home,0.0020373537673256358,-1.3034188412596384,-1.0612779167526816,1.4348376391561464,2021-03-09,1,South Dumdum,Himachal Pradesh,Current,False,4,32189.831666666665,270668.2233333333,6.52,4.820833333333334,6.12,0,2021,3,9,1,1996,2.0,1,0.0,0.0,1.0,0.0,0.0,1.0,0.0,Very Low,Low,0,0,2,1.7997327762452715,6.833333333333333,51.355836985321645
CUST00647,0.5936169559553861,Male,East,Secondary,Unemployed,-0.5185482227330617,-0.2569800821905646,Education,-0.17541366048735815,1.0111984129195197,-0.43383320245633267,0.42951092627436765,2024-08-12,0,Guna,Tamil Nadu,Current,False,4,29008.216666666664,230082.36833333332,6.52,4.820833333333334,6.12,0,2024,8,12,0,744,1.0,1,0.0,0.0,0.0,0.0,1.0,0.0,0.0,Very Low,High,0,1,3,2.867283732898896,12.666666666666666,35.03509281555539
CUST00648,-1.4793169920714586,Male,East,Post-Graduate,Salaried,-0.06418463801995547,-0.4331349269796951,Car,-1.9029412700508799,-0.14611021417005934,-1.240547835123067,0.9870503885177179,2017-01-16,1,Bhubaneswar,Nagaland,Savings,True,4,27852.041666666668,190627.4883333333,6.52,4.820833333333334,6.12,0,2017,1,16,0,3509,3.0,1,0.0,0.0,0.0,1.0,0.0,0.0,0.0,Very Low,Medium,0,0,2,1.0199590808750734,5.166666666666667,44.086338357155576
CUST00649,-0.31847398117642556,Female,West,Graduate,Salaried,-0.26328198575146194,-0.31567398614465514,Education,-1.0805438177144555,1.5898527264643094,1.4126469567586368,-0.9651800925109351,2020-02-19,1,Moradabad,Karnataka,NRI,True,4,23915.75833333333,336703.2816666667,6.52,4.820833333333334,6.12,0,2020,2,19,2,2380,2.0,0,0.0,0.0,1.0,0.0,1.0,0.0,0.0,Very Low,High,0,3,1,1.5489129997019688,29.833333333333332,12.39330381124557
CUST00650,-0.6501434128607207,Other,South,Graduate,Salaried,-0.6815916891568623,0.5028449639894415,Home,-0.1547405244910336,0.4325440993747302,0.48044338123263275,0.32405532701274725,2021-06-09,1,Ahmednagar,Tripura,Current,False,4,23899.691666666666,355830.6683333333,6.52,4.820833333333334,6.12,0,2021,6,9,2,1904,2.0,2,0.0,1.0,0.0,0.0,0.0,1.0,0.0,Very Low,High,0,2,0,9.543543666254779,21.166666666666668,33.3230982621781
CUST00651,0.0,Female,North,Primary,Salaried,0.006382092328620161,-0.709330654870615,Other,-1.7763170478630304,1.3005255696919145,0.6776402914400567,0.5296980440561482,2022-01-03,1,Kumbakonam,Himachal Pradesh,Savings,False,4,26697.408333333336,166261.42500000002,6.52,4.820833333333334,6.12,0,2022,1,3,0,1696,0.0,0,1.0,0.0,0.0,0.0,0.0,0.0,1.0,Very Low,High,0,2,0,0.6300017579570354,23.0,36.66155742399653
CUST00652,1.5886252510082715,Male,East,Secondary,Salaried,0.09142720867821995,-0.40349489654480514,Business,-0.6227264171985722,-0.14611021417005934,1.6456978506401378,0.6980100231027436,2018-10-30,1,Chennai,Nagaland,Current,False,4,34330.86,205588.92666666667,6.52,4.820833333333334,6.12,0,2018,10,30,1,2857,1.0,1,0.0,0.0,0.0,0.0,0.0,0.0,0.0,Very Low,Medium,0,3,1,0.8833897517864834,32.0,39.393979347663816
CUST00653,-1.5622343499925324,Female,East,Secondary,Salaried,-0.5387220659070052,0.5935008286282509,Business,-0.5312695893797037,-0.7247645277148489,-0.9178619820563731,3.179842962599484,2022-11-28,1,Dhanbad,Chhattisgarh,Current,False,2,29679.931666666667,341124.27999999997,6.52,4.820833333333334,6.12,0,2022,11,28,0,1367,1.0,0,0.0,0.0,0.0,0.0,0.0,0.0,0.0,Very Low,Medium,0,0,2,5.588994066191057,8.166666666666666,79.68472260416823
CUST00654,0.6765343138764599,Male,East,Secondary,Salaried,-0.10764171617165111,0.36125638179052316,Other,-0.8241440516993939,-0.14611021417005934,1.3588659812475212,2.4206633432726044,2019-02-25,1,Akola,Arunachal Pradesh,NRI,True,3,20919.303333333333,213819.22333333336,6.52,4.820833333333334,6.12,0,2019,2,25,0,2739,1.0,1,0.0,0.0,0.0,0.0,0.0,0.0,1.0,Very Low,Medium,0,3,1,2.095379218898412,29.333333333333332,67.35999653534887
CUST00655,1.1740384614029027,Male,South,Primary,Self-Employed,-0.5110014451976725,-0.7049226301024313,Home,0.8015143289318803,0.4325440993747302,-0.23663629224890875,-1.3300311747771503,2017-02-06,1,Rajkot,Madhya Pradesh,Current,False,6,26135.87,258532.82833333334,6.52,4.820833333333334,6.12,0,2017,2,6,0,3488,0.0,1,0.0,1.0,0.0,0.0,0.0,1.0,0.0,Very Low,High,1,1,3,1.572377865623675,14.5,6.470213240360205
CUST00656,0.09611280842894337,Male,North,Post-Graduate,Salaried,-0.24025688323127736,-0.362228475085449,Other,-0.9296650343434478,0.4325440993747302,0.8927641934845192,0.6848163290922724,2018-04-09,1,Hazaribagh,Uttar Pradesh,Current,False,2,36002.29666666667,192814.31333333335,6.52,4.820833333333334,6.12,0,2018,4,9,0,3061,3.0,1,1.0,0.0,0.0,0.0,0.0,0.0,1.0,Very Low,High,0,3,1,1.4191985084581202,25.0,39.17978937156955
CUST00657,0.0,Male,South,Graduate,Self-Employed,-0.5870847315143095,0.16474597233447977,Home,0.08501453299687499,1.0111984129195197,0.42666240572151715,-0.9619697702328177,2018-02-08,1,Parbhani,Uttarakhand,Current,True,5,22593.539999999997,298598.5616666667,6.52,4.820833333333334,6.12,0,2018,2,8,3,3121,2.0,1,0.0,1.0,0.0,0.0,0.0,1.0,0.0,Very Low,High,0,2,0,5.066657528248487,20.666666666666668,12.445421046301888
CUST00658,1.5057078930871979,Male,South,Secondary,Self-Employed,-0.6616383034742063,0.1189647003316095,Education,-0.37757578791359364,-1.3034188412596384,-0.5593221453156024,-1.0904182878864228,2022-01-13,1,Agartala,Bihar,NRI,False,4,29108.735,198476.89666666664,6.52,4.820833333333334,6.12,0,2022,1,13,3,1686,1.0,1,0.0,1.0,0.0,0.0,1.0,0.0,0.0,Very Low,Low,0,1,3,6.736552023864283,11.5,10.360153273399572
CUST00659,-0.9818128445450158,Female,East,Secondary,Salaried,-0.3958247746077981,0.354247072480591,Car,-0.13205393477514868,0.4325440993747302,-1.276401818797144,-1.1111710940727113,2016-08-27,1,Alappuzha,Uttar Pradesh,Savings,True,4,33421.65833333333,180901.93000000002,6.52,4.820833333333334,6.12,0,2016,8,27,5,3651,1.0,0,0.0,0.0,0.0,1.0,0.0,0.0,0.0,Very Low,High,0,0,2,3.3778682953506625,4.833333333333333,10.023246637744515
CUST00660,-0.8159781287028683,Female,East,Graduate,Self-Employed,-0.3175225613680819,-0.06276739248642065,Home,1.6752583726088217,-0.14611021417005934,-1.240547835123067,-1.419632626001595,2023-11-23,1,Visakhapatnam,Haryana,Savings,True,3,32355.40166666667,191075.81833333333,6.52,4.820833333333334,6.12,0,2023,11,23,3,1007,2.0,0,0.0,0.0,0.0,0.0,0.0,1.0,0.0,Very Low,Medium,1,0,2,2.151939225936198,5.166666666666667,5.015599189091167
CUST00661,1.5886252510082715,Male,South,Graduate,Salaried,-0.39995800831104794,0.04333515980958054,Business,0.18063661201657222,-1.3034188412596384,0.6955672832770953,-0.37053300219192,2018-04-21,0,Varanasi,Andhra Pradesh,Current,True,5,24134.87,281652.0783333333,6.52,4.820833333333334,6.12,0,2018,4,21,5,3049,2.0,1,0.0,1.0,0.0,0.0,0.0,0.0,0.0,Very Low,Low,0,2,0,2.758181347002599,23.166666666666668,22.04696456454717
CUST00662,-1.1476475603871634,Male,West,Graduate,Self-Employed,0.2071397806892652,-0.08767816102005692,Business,-0.4191272288359013,-1.5927459980320333,1.3588659812475212,-0.5812227965914033,2018-05-02,0,Jabalpur,Mizoram,NRI,False,5,28071.676666666666,111475.21333333333,6.52,4.820833333333334,6.12,1,2018,5,2,2,3038,2.0,1,0.0,0.0,1.0,0.0,0.0,0.0,0.0,Very Low,None,0,3,1,1.8619290533411639,29.333333333333332,18.626569791868945
CUST00663,0.8423690297186075,Male,East,Post-Graduate,Salaried,-0.4005720536267196,0.9297006176798548,Car,-0.8094509382312108,-0.14611021417005934,0.17568452000297763,0.9446352895837938,2016-12-07,0,Morena,Mizoram,Savings,True,3,30557.416666666668,275923.82166666666,6.52,4.820833333333334,6.12,0,2016,12,7,2,3549,3.0,1,0.0,0.0,0.0,1.0,0.0,0.0,0.0,Very Low,Medium,0,2,0,4.617221415888066,18.333333333333332,43.39776023646527
CUST00664,-0.40139133909749936,Male,North,Graduate,Self-Employed,-0.17288661133503538,-0.46525104422815544,Home,0.6483502631579691,0.14321694260233545,1.089961103691943,-0.0653419187255401,2026-05-12,0,Giridih,Arunachal Pradesh,NRI,False,6,31562.835000000003,212100.29166666666,6.52,4.820833333333334,6.12,0,2026,5,12,1,106,2.0,1,1.0,0.0,0.0,0.0,0.0,1.0,0.0,Very Low,High,1,3,1,1.1359950240797443,26.833333333333332,27.001518673500108
CUST00665,0.0,Female,North,Post-Graduate,Self-Employed,-0.29117858590878504,-0.2504515980803128,Car,0.6041628611580102,1.0111984129195197,-0.9357889738934118,1.6218207484843028,2026-05-13,0,Jalgaon,Jharkhand,NRI,True,4,27553.126666666667,312692.6716666667,6.52,4.820833333333334,6.12,0,2026,5,13,2,105,3.0,0,1.0,0.0,0.0,1.0,0.0,0.0,0.0,Very Low,High,0,0,2,1.7350235606573514,8.0,54.39137105828439
CUST00666,-0.6501434128607207,Male,North,Post-Graduate,Salaried,-0.2078237469487951,-0.6733470618106557,Education,0.5032151130916892,-0.4354373709424541,0.19361151184001615,0.6521079051567021,2018-12-08,1,Srinagar,Uttarakhand,Current,False,4,30971.125,241351.295,6.52,4.820833333333334,6.12,0,2018,12,8,5,2818,3.0,1,1.0,0.0,0.0,0.0,1.0,0.0,0.0,Very Low,Medium,0,2,0,0.8895904293717727,18.5,38.64879202273905
CUST00667,1.2569558193239765,Female,North,Secondary,Salaried,-0.46954243684949415,-0.7299013649508451,Car,-1.274332311513111,1.0111984129195197,-1.07920490858972,-1.0327604732276656,2026-03-06,0,Bhusawal,Mizoram,NRI,False,5,21278.881666666664,285925.0466666667,6.52,4.820833333333334,6.12,0,2026,3,6,4,173,1.0,0,1.0,0.0,0.0,1.0,0.0,0.0,0.0,Very Low,High,0,0,2,1.344528095816362,6.666666666666667,11.296185739637272
CUST00668,-1.0647302024660896,Male,North,Post-Graduate,Self-Employed,0.3218064319202148,-0.09823148816976307,Education,-0.620705519370776,0.4325440993747302,0.9106911853215577,1.1665337924612298,2026-03-27,1,Barasat,Telangana,NRI,True,5,24662.03,172811.63833333334,6.52,4.820833333333334,6.12,0,2026,3,27,4,152,3.0,1,1.0,0.0,0.0,0.0,1.0,0.0,0.0,Very Low,High,0,3,1,0.9602540313641531,25.166666666666668,47.00012019637877
CUST00669,0.34486488219216477,Male,North,Secondary,Self-Employed,-0.5721557590715673,-0.5790226770803717,Business,1.4942119330160957,1.3005255696919145,-1.6170146637008762,0.052357724338011294,2017-05-04,0,Thoothukudi,Meghalaya,Current,False,4,23952.85166666667,322687.4433333333,6.52,4.820833333333334,6.12,0,2017,5,4,3,3401,1.0,1,1.0,0.0,0.0,0.0,0.0,0.0,0.0,Very Low,High,1,0,2,2.324698499457346,1.6666666666666667,28.91228632614371
CUST00670,0.17903016635001717,Male,South,Post-Graduate,Salaried,-0.07655006749051689,-0.30333508278058086,Education,-0.7280813310637589,1.5898527264643094,1.018253136343789,-0.02402659755151271,2017-06-05,0,Rewa,Sikkim,Current,True,5,36765.096666666665,238815.17,6.52,4.820833333333334,6.12,0,2017,6,5,0,3369,3.0,1,0.0,1.0,0.0,0.0,1.0,0.0,0.0,Very Low,High,0,3,1,1.1955585231078212,26.166666666666668,27.672242706327356
CUST00671,0.09611280842894337,Male,North,Secondary,Self-Employed,0.3290506469796885,0.9720295574474679,Home,1.6371125082712845,0.721871256147125,1.1258150873660202,-0.7208398932761895,2022-09-03,1,Rajahmundry,Andhra Pradesh,NRI,True,2,32435.905,165298.40333333335,6.52,4.820833333333334,6.12,0,2022,9,3,5,1453,1.0,1,1.0,0.0,0.0,0.0,0.0,1.0,0.0,Very Low,High,1,3,1,1.821636029815132,27.166666666666668,16.359988303960275
CUST00672,0.0,Male,West,Post-Graduate,Salaried,-0.07967637862971684,0.9079760838644748,Home,-0.5800057035595403,-0.7247645277148489,-1.5632336881897606,0.9528977074004388,2021-05-28,1,Madanapalle,Madhya Pradesh,Savings,False,4,27419.283333333336,252314.35,6.52,4.820833333333334,6.12,0,2021,5,28,4,1916,3.0,1,0.0,0.0,1.0,0.0,0.0,1.0,0.0,Very Low,Medium,0,0,2,2.695049049950198,2.1666666666666665,43.53189454890449
CUST00673,1.422790535166124,Female,North,Post-Graduate,Self-Employed,-0.34263679050069373,1.7681211475011307,Home,0.14766852647282921,0.14321694260233545,1.2333770383882514,-1.1245499326001525,2017-03-23,1,Vijayawada,Goa,Savings,True,5,25190.211666666666,204264.535,6.52,4.820833333333334,6.12,0,2017,3,23,3,3443,3.0,0,1.0,0.0,0.0,0.0,0.0,1.0,0.0,Very Low,High,0,3,1,5.660575053928599,28.166666666666668,9.80605097577999
CUST00674,0.0,Male,East,Post-Graduate,Salaried,-0.4357299043426459,0.994513628392371,Home,-0.2036802082605193,0.4325440993747302,1.054107120017866,-1.2986419994053642,2017-02-09,1,Rampur,Sikkim,Current,False,5,34977.53666666667,319984.42333333334,6.52,4.820833333333334,6.12,1,2017,2,9,3,3485,3.0,1,0.0,0.0,0.0,0.0,0.0,1.0,0.0,Very Low,High,0,3,1,3.557439764878767,26.5,6.979793553285893
CUST00675,-0.31847398117642556,Female,South,Graduate,Self-Employed,-0.0946674267595785,2.053098225663691,Other,-0.8926177750320295,-0.14611021417005934,-1.4915257208416064,-1.5078673586563789,2024-06-28,1,Bhubaneswar,Madhya Pradesh,Savings,False,2,21164.481666666667,144454.06833333333,6.52,4.820833333333334,6.12,1,2024,6,28,4,789,2.0,0,0.0,1.0,0.0,0.0,0.0,0.0,1.0,Very Low,Medium,0,0,2,5.2159641977029585,2.8333333333333335,3.5831728145661
CUST00676,-0.48430869701857315,Male,West,Secondary,Salaried,-0.6119657555699092,-0.030655538103014482,Education,-0.8775362512571232,-1.3034188412596384,-0.9895699494045274,-0.9278961541723838,2017-02-26,0,Bikaner,Meghalaya,NRI,True,3,22708.62,138539.205,6.52,4.820833333333334,6.12,0,2017,2,26,6,3468,1.0,1,0.0,0.0,1.0,0.0,1.0,0.0,0.0,Very Low,Low,0,0,2,4.816396327940227,7.5,12.998581291161088
CUST00677,0.5936169559553861,Male,North,Primary,Salaried,-0.5340933880325094,-0.6386469815445155,Home,-0.7453651533110466,0.14321694260233545,0.5700783404178255,-0.5324284765089867,2018-11-10,1,Bardhaman,Mizoram,Current,True,5,22753.34833333333,340825.295,6.52,4.820833333333334,6.12,0,2018,11,10,5,2846,0.0,1,1.0,0.0,0.0,0.0,0.0,1.0,0.0,Very Low,High,0,2,0,1.878636287729476,22.0,19.41870990393265
CUST00678,-0.898895486623942,Male,South,Graduate,Salaried,-0.39992425006290716,-0.6689381480857626,Car,0.14750942518561927,0.721871256147125,-0.5413951534785639,-0.49841981393255086,2018-01-10,0,Unnao,Maharashtra,NRI,False,5,25331.585000000003,424843.06833333336,6.52,4.820833333333334,6.12,0,2018,1,10,2,3150,2.0,1,0.0,1.0,0.0,1.0,0.0,0.0,0.0,Very Low,High,0,1,3,1.2691222447065875,11.666666666666666,19.970815676467897
CUST00679,-1.6451517079136062,Female,West,Secondary,Salaried,0.36955376454704336,0.7364241946585979,Car,0.9251964729359595,-0.4354373709424541,-0.20078230857483167,0.2916098648932787,2016-09-25,1,Bhilai,Himachal Pradesh,Savings,True,4,32546.978333333333,274273.43666666665,6.52,4.820833333333334,6.12,0,2016,9,25,6,3622,1.0,0,0.0,0.0,1.0,1.0,0.0,0.0,0.0,Very Low,Medium,1,1,3,1.577069264225781,14.833333333333334,32.79636990617553
CUST00680,-0.6501434128607207,Male,West,Graduate,Salaried,-0.32292750470867104,-0.24868837663034787,Other,0.07951238647834784,-1.3034188412596384,-1.2943288106341826,2.4982505807181736,2023-04-09,1,Phagwara,Sikkim,Current,False,3,30972.73833333333,219611.715,6.52,4.820833333333334,6.12,1,2023,4,9,6,1235,2.0,1,0.0,0.0,1.0,0.0,0.0,0.0,1.0,Very Low,Low,0,0,2,1.6096682730385812,4.666666666666667,68.61956860974271
CUST00681,-1.4793169920714586,Female,West,Secondary,Salaried,-0.5336849598801865,-0.2096932826692705,Education,-0.042569216718245616,-0.7247645277148489,-0.9357889738934118,2.0841540218804977,2018-10-06,1,Etawah,Goa,Current,False,5,23302.481666666663,239116.73666666666,6.52,4.820833333333334,6.12,0,2018,10,6,5,2881,1.0,0,0.0,0.0,1.0,0.0,1.0,0.0,0.0,Very Low,Medium,0,0,2,3.138908429233865,8.0,61.89701373104327
CUST00682,1.422790535166124,Male,South,Post-Graduate,Self-Employed,-0.3751229246798251,-0.5152374832218386,Education,1.2603861734168353,-1.0140916844872436,0.17568452000297763,0.7627611558965717,2024-06-05,0,Rewa,Arunachal Pradesh,Savings,True,2,25843.600000000002,232670.745,6.52,4.820833333333334,6.12,0,2024,6,5,2,812,3.0,1,0.0,1.0,0.0,0.0,1.0,0.0,0.0,Very Low,Low,1,2,0,1.5092862789892614,18.333333333333332,40.44516664776185
CUST00683,1.008203745560755,Female,North,Graduate,Salaried,-0.5292231794643623,-0.4682305614468977,Education,0.03570347573107329,-0.7247645277148489,0.03226858530666932,-1.1369734160422367,2018-11-05,1,Haldia,Kerala,Savings,False,6,31165.563333333335,173247.82499999998,6.52,4.820833333333334,6.12,1,2018,11,5,0,2851,2.0,0,1.0,0.0,0.0,0.0,1.0,0.0,0.0,Very Low,Medium,0,2,0,1.2657032479546886,17.0,9.604364805147588
CUST00684,1.422790535166124,Male,East,Post-Graduate,Salaried,-0.478759970161625,-0.06308681719465453,Other,-0.5763045726698164,1.0111984129195197,-0.6489571045007951,2.151933004780866,2020-07-28,0,Mahbubnagar,Uttar Pradesh,Savings,True,4,23435.228333333333,251199.39833333335,6.52,4.820833333333334,6.12,0,2020,7,28,1,2220,3.0,1,0.0,0.0,0.0,0.0,0.0,0.0,1.0,Very Low,High,0,1,3,3.05792790669184,10.666666666666666,62.99735596390102
CUST00685,-1.0647302024660896,Female,West,Secondary,Salaried,0.19253624733740637,-0.6853573859065551,Education,-1.0528328602826607,0.14321694260233545,-1.5632336881897606,-0.7583033469481543,2022-10-12,0,Kumbakonam,Haryana,NRI,True,4,26642.558333333334,279660.94666666666,6.52,4.820833333333334,6.12,0,2022,10,12,2,1414,1.0,0,0.0,0.0,1.0,0.0,1.0,0.0,0.0,Very Low,High,0,0,2,0.5406673275862701,2.1666666666666665,15.751796523853931
CUST00686,1.5057078930871979,Female,East,Post-Graduate,Salaried,-0.604179589263988,-0.1375020399459069,Education,1.3233145182433017,1.0111984129195197,0.6059323240919026,-1.185221933319442,2024-04-03,1,Raichur,Odisha,Savings,True,5,28416.455,341471.66833333333,6.52,4.820833333333334,6.12,0,2024,4,3,2,875,3.0,0,0.0,0.0,0.0,0.0,1.0,0.0,0.0,Very Low,High,1,2,0,4.2699069703045485,22.333333333333332,8.821085402579461
CUST00687,1.5886252510082715,Female,East,Post-Graduate,Salaried,0.6765711718963137,0.8552684927676363,Home,-0.35267812684675925,0.4325440993747302,-0.7206650718489492,0.97242293412405,2019-08-03,1,Kalyan-Dombivli,Maharashtra,Current,False,4,43025.03833333334,198490.085,6.52,4.820833333333334,6.12,0,2019,8,3,5,2580,3.0,0,0.0,0.0,0.0,0.0,0.0,1.0,0.0,Very Low,High,0,1,3,1.3367853320104235,10.0,43.84887232949015
CUST00688,-1.2305649183082372,Male,South,Graduate,Salaried,0.10144467445050818,-0.9315680559192402,Education,-0.6137144606726512,-1.5927459980320333,1.1078880955289816,1.7167519245126217,2017-09-10,0,Ghaziabad,Assam,Current,False,4,14426.503333333334,291519.99166666664,6.52,4.820833333333334,6.12,0,2017,9,10,6,3272,2.0,1,0.0,1.0,0.0,0.0,1.0,0.0,0.0,Very Low,None,0,3,1,0.3451549273467134,27.0,55.93250929507909
CUST00689,-0.40139133909749936,Male,West,Graduate,Salaried,0.26577521090971673,-0.8128156277984906,Home,-0.7042995773803189,0.4325440993747302,-1.3301827943082596,0.5280379347698962,2019-12-17,1,Morena,Meghalaya,Savings,False,6,30960.461666666666,196800.225,6.52,4.820833333333334,6.12,0,2019,12,17,1,2444,2.0,1,0.0,0.0,1.0,0.0,0.0,1.0,0.0,Very Low,High,0,0,2,0.3964607611223768,4.333333333333333,36.63460676347234
CUST00690,0.09611280842894337,Male,North,Graduate,Salaried,-0.41767667906820666,0.1274877964294716,Home,1.264380137223717,-0.4354373709424541,-0.2724902759229858,-0.8350406955785575,2020-04-23,1,Pali,Himachal Pradesh,Current,False,5,23738.179999999997,296930.33666666667,6.52,4.820833333333334,6.12,0,2020,4,23,3,2316,2.0,1,1.0,0.0,0.0,0.0,0.0,1.0,0.0,Very Low,Medium,1,1,3,3.0512621191092055,14.166666666666666,14.506021773004102
CUST00691,-0.898895486623942,Female,South,Secondary,Salaried,-0.32600910969056246,0.7041210300071978,Education,-0.6078481256986128,1.5898527264643094,0.0681225689807464,-0.02259781671251318,2017-07-17,0,Tadipatri,Karnataka,NRI,True,6,20304.688333333335,224878.8966666667,6.52,4.820833333333334,6.12,0,2017,7,17,0,3327,1.0,0,0.0,1.0,0.0,0.0,1.0,0.0,0.0,Very Low,High,0,2,0,3.5677576337347787,17.333333333333332,27.695437918639115
CUST00692,0.01319545050786959,Male,South,Graduate,Salaried,-0.6134841404978528,-0.49238811367406593,Car,1.0300035620181702,0.14321694260233545,-1.4915257208416064,0.9450313549625283,2019-03-22,1,Asansol,Maharashtra,Savings,True,3,31982.806666666667,80382.30166666667,6.52,4.820833333333334,6.12,0,2019,3,22,4,2714,2.0,1,0.0,1.0,0.0,1.0,0.0,0.0,0.0,Very Low,High,1,0,2,3.0493266248290474,2.8333333333333335,43.40419006831794
CUST00693,-0.31847398117642556,Female,East,Secondary,Salaried,-0.5621597478156238,-0.9074371832414478,Business,-0.24897691672504244,1.3005255696919145,-0.4517601942933712,-0.6258165930363362,2024-08-07,0,Aurangabad,Chhattisgarh,Savings,True,5,25405.646666666667,304259.77999999997,6.52,4.820833333333334,6.12,1,2024,8,7,2,749,1.0,0,0.0,0.0,0.0,0.0,0.0,0.0,0.0,Very Low,High,0,1,3,0.5775816607125365,12.5,17.90262210997544
CUST00694,0.5106995980343123,Male,North,Secondary,Salaried,-0.07367486121129577,0.7725610728587485,Car,-1.273497914253285,1.3005255696919145,-1.4377447453304908,-1.0550779196877327,2022-06-13,1,Kirari Suleman Nagar,Karnataka,NRI,True,3,32007.653333333332,197346.2333333333,6.52,4.820833333333334,6.12,0,2022,6,13,0,1535,1.0,1,1.0,0.0,0.0,1.0,0.0,0.0,0.0,Very Low,High,0,0,2,2.508692359876909,3.3333333333333335,10.93387831307629
CUST00695,-0.48430869701857315,Male,North,Secondary,Unemployed,0.41345777704160314,-0.6086546192091603,Education,-0.35591958443859617,-1.5927459980320333,-0.9178619820563731,0.6185473916146604,2019-06-26,0,Visakhapatnam,West Bengal,Current,False,5,34233.291666666664,287054.63,6.52,4.820833333333334,6.12,0,2019,6,26,2,2618,1.0,1,1.0,0.0,0.0,0.0,1.0,0.0,0.0,Very Low,None,0,0,2,0.5050110000366582,8.166666666666666,38.10396162212674
CUST00696,1.6715426089293453,Male,East,Primary,Salaried,-0.5599270964099204,-0.4403213308423858,Education,-0.04195626550197424,-1.3034188412596384,-0.5593221453156024,-0.777059537738142,2021-06-30,1,Jalna,Kerala,NRI,False,6,34180.62666666667,226698.34833333336,6.52,4.820833333333334,6.12,0,2021,6,30,2,1883,0.0,1,0.0,0.0,0.0,0.0,1.0,0.0,0.0,Very Low,Low,0,1,3,2.674202579646874,11.5,15.447303479393556
CUST00697,-1.4793169920714586,Other,South,Primary,Self-Employed,0.1635659412775719,-0.10170799524414684,Car,-0.12825485521706373,-1.5927459980320333,0.7672752506252494,1.2659708689647688,2018-08-08,1,Shimla,Uttarakhand,Current,False,4,35508.465000000004,161773.35166666665,6.52,4.820833333333334,6.12,1,2018,8,8,2,2940,0.0,2,0.0,1.0,0.0,1.0,0.0,0.0,0.0,Very Low,None,0,2,0,1.8399479826651826,23.833333333333332,48.61440843303739
CUST00698,1.1740384614029027,Female,East,Secondary,Salaried,-0.32644532224018274,-0.5586004187936667,Education,-0.15424878600305103,-0.4354373709424541,-0.4696871861304098,0.07187557826487327,2023-09-25,1,Shimoga,Mizoram,Current,False,1,25780.65166666667,187149.93833333335,6.52,4.820833333333334,6.12,0,2023,9,25,0,1066,1.0,0,0.0,0.0,0.0,0.0,1.0,0.0,0.0,Very Low,Medium,0,1,3,1.2937587658101022,12.333333333333334,29.22914441476454
CUST00699,0.01319545050786959,Female,North,Post-Graduate,Self-Employed,-0.6078639055515482,-0.6300184154094326,Home,-0.5340639098258662,-0.14611021417005934,0.9286181771585962,1.4759477563964813,2021-08-25,0,Dehri,Himachal Pradesh,Savings,True,5,18925.82,295703.02999999997,6.52,4.820833333333334,6.12,0,2021,8,25,2,1827,3.0,0,1.0,0.0,0.0,0.0,0.0,1.0,0.0,Very Low,Medium,0,3,1,2.458091540234201,25.333333333333332,52.023229682313975
CUST00700,0.0,Male,South,Graduate,Salaried,-0.026121481456042636,-0.6240701075000636,Other,-0.8299763731455974,1.0111984129195197,0.050195577143707856,0.9414613778636431,2022-08-05,1,Purnia,Karnataka,Current,False,4,26460.031666666666,274244.715,6.52,4.820833333333334,6.12,0,2022,8,5,4,1482,2.0,1,0.0,1.0,0.0,0.0,0.0,0.0,1.0,Very Low,High,0,2,0,0.7529798993586316,17.166666666666668,43.34623410019707
CUST00701,-0.06972190741320419,Female,East,Post-Graduate,Salaried,-0.4820064452503265,1.2588848601277862,Education,0.003646364414199662,0.721871256147125,1.6994788261512535,0.22224889572924875,2025-08-29,1,Proddatur,Chhattisgarh,Savings,False,2,37616.34333333333,248134.42333333334,6.52,4.820833333333334,6.12,0,2025,8,29,4,362,3.0,0,0.0,0.0,0.0,0.0,1.0,0.0,0.0,Very Low,High,0,3,1,6.445246217227634,32.5,31.670345282948094
CUST00702,0.0,Female,North,Graduate,Unemployed,-0.34041159366026214,0.5117823805057703,Education,0.5590936803247848,0.4325440993747302,0.08604956081778493,0.007243164448741943,2021-04-27,1,Vijayawada,Karnataka,NRI,False,4,35084.136666666665,311689.1516666667,6.52,4.820833333333334,6.12,0,2021,4,27,1,1947,2.0,0,1.0,0.0,0.0,0.0,1.0,0.0,0.0,Very Low,High,0,2,0,3.310269529352777,17.5,28.179884430471663
CUST00703,1.5886252510082715,Male,South,Secondary,Salaried,-0.41474111986606793,0.05830532572410562,Car,-1.539813241763797,0.14321694260233545,0.15775752816593908,0.08119668860438586,2022-11-14,1,Bettiah,Manipur,NRI,False,3,29171.155,212755.11000000002,6.52,4.820833333333334,6.12,0,2022,11,14,0,1381,1.0,1,0.0,1.0,0.0,1.0,0.0,0.0,0.0,Very Low,High,0,2,0,2.8817997378562805,18.166666666666668,29.38046582628187
CUST00704,-0.48430869701857315,Female,North,Graduate,Salaried,2.786582635012541,-0.9405439766621063,Home,1.3532914383599404,1.5898527264643094,0.7852022424622879,-1.0268870717223568,2016-12-12,0,Gulbarga,Sikkim,Savings,True,4,25073.426666666666,217310.31166666665,6.52,4.820833333333334,6.12,0,2016,12,12,0,3544,2.0,0,1.0,0.0,0.0,0.0,0.0,1.0,0.0,Medium,High,1,2,0,0.08872618460748415,24.0,11.391536118918138
CUST00705,0.0,Female,North,Graduate,Self-Employed,-0.2780815793114155,0.06075923269624883,Car,0.8773770073185579,-0.4354373709424541,1.6815518343142148,1.4587414981002331,2019-04-14,1,Singrauli,Punjab,Current,True,3,24724.66,186117.4883333333,6.52,4.820833333333334,6.12,0,2019,4,14,6,2691,2.0,0,1.0,0.0,0.0,1.0,0.0,0.0,0.0,Very Low,Medium,1,3,1,2.21070786657971,32.333333333333336,51.743898658703735
CUST00706,-1.0647302024660896,Female,West,Secondary,Self-Employed,-0.34669369451753174,0.025152648206910953,Car,0.07122790755373853,-1.0140916844872436,-0.03943938204148483,0.21542147460710767,2020-06-14,1,Haridwar,Assam,Savings,True,3,27500.246666666662,267143.7966666667,6.52,4.820833333333334,6.12,0,2020,6,14,6,2264,1.0,0,0.0,0.0,1.0,1.0,0.0,0.0,0.0,Very Low,Low,0,2,3,2.438673691080729,16.333333333333332,31.55950709269021
CUST00707,1.091121103481829,Female,South,Graduate,Salaried,-0.39275331570909744,-0.7476608492456421,Education,0.48066901114959026,0.721871256147125,-0.9716429575674889,0.8584177577684076,2017-02-19,1,Eluru,Punjab,Current,True,4,22930.45,268826.64666666667,6.52,4.820833333333334,6.12,0,2017,2,19,6,3475,2.0,0,0.0,1.0,0.0,0.0,1.0,0.0,0.0,Very Low,High,0,0,2,1.087667502168652,7.666666666666667,41.99808164275314
CUST00708,1.008203745560755,Male,West,Secondary,Salaried,-0.4830228848754166,-0.13660694766429868,Home,-0.6396728835936929,-0.4354373709424541,-0.23663629224890875,0.43394017935311413,2020-02-28,1,Silchar,Meghalaya,Savings,False,4,28908.74666666667,168049.22,6.52,4.820833333333334,6.12,0,2020,2,28,4,2371,1.0,1,0.0,0.0,1.0,0.0,0.0,1.0,0.0,Very Low,Medium,0,1,3,2.9049505178254473,14.5,35.106998500975955
CUST00709,-1.0647302024660896,Male,South,Graduate,Salaried,-0.15182064429963732,6.216083252814687,Education,-2.234620455320796,-1.0140916844872436,1.6098438669660606,-0.2780456161056368,2022-09-22,0,Patiala,Telangana,Current,False,1,20295.899999999998,226517.53,6.52,4.820833333333334,6.12,0,2022,9,22,3,1434,2.0,1,0.0,1.0,0.0,0.0,1.0,0.0,0.0,Very Low,Low,0,3,1,18.420508283458005,31.666666666666668,23.548429658335177
CUST00710,-0.7330607707817945,Other,East,Graduate,Salaried,0.7185067457879618,0.054872732587245225,Education,-0.10893015486103323,-1.0140916844872436,0.6597132996030182,-1.216858714357282,2025-11-02,0,Raebareli,Gujarat,Savings,True,3,17285.208333333332,270012.1583333333,6.52,4.820833333333334,6.12,0,2025,11,2,6,297,2.0,2,0.0,0.0,0.0,0.0,1.0,0.0,0.0,Very Low,Low,0,2,0,0.8126204271444787,22.833333333333332,8.307485392694703
CUST00711,-1.313482276229311,Male,West,Secondary,Self-Employed,-0.22432252151996507,-0.5635112620396254,Education,0.1701706701808248,-1.0140916844872436,0.15775752816593908,-0.5617037536650423,2017-02-05,0,Mehsana,Nagaland,Current,False,5,20272.153333333332,198900.2383333333,6.52,4.820833333333334,6.12,0,2017,2,5,6,3489,1.0,1,0.0,0.0,1.0,0.0,1.0,0.0,0.0,Very Low,Low,0,2,0,1.078934138403121,18.166666666666668,18.94344718302734
CUST00712,-1.4793169920714586,Female,East,Primary,Salaried,0.20348740473313967,-0.2682070955345399,Education,-1.2109966033561625,-0.14611021417005934,1.054107120017866,0.897902535586386,2021-12-25,1,Sasaram,Bihar,Savings,True,3,32565.828333333335,268416.5233333333,6.52,4.820833333333334,6.12,0,2021,12,25,5,1705,0.0,0,0.0,0.0,0.0,0.0,1.0,0.0,0.0,Very Low,Medium,0,3,1,0.912977374790174,26.5,42.63908814254071
CUST00713,0.5106995980343123,Female,South,Graduate,Salaried,-0.6070156153652579,0.16643928802021427,Other,-0.8772475660040674,-1.5927459980320333,-1.2226208432860284,-0.9339690930900967,2017-11-01,1,Malegaon,Rajasthan,Current,True,6,23123.608333333334,235436.83166666667,6.52,4.820833333333334,6.12,0,2017,11,1,2,3220,2.0,0,0.0,1.0,0.0,0.0,0.0,0.0,1.0,Very Low,None,0,0,2,5.470052932238049,5.333333333333333,12.899991567875515
CUST00714,-0.898895486623942,Female,South,Graduate,Salaried,-0.2174534950601113,-0.24466052144977282,Business,1.000932051496291,1.3005255696919145,-1.2584748269601054,-0.7113844789765441,2020-03-06,1,Mehsana,Uttarakhand,NRI,False,5,22443.78,299670.4433333333,6.52,4.820833333333334,6.12,0,2020,3,6,4,2364,2.0,0,0.0,1.0,0.0,0.0,0.0,0.0,0.0,Very Low,High,1,0,2,1.5450556643103874,5.0,16.51349004207813
CUST00715,1.008203745560755,Other,South,Primary,Salaried,-0.5581513582484889,0.5984474558758754,Home,0.11568078581680545,-0.7247645277148489,0.354954438373363,-1.3358108252212921,2020-05-18,1,Cuttack,Assam,Savings,False,5,25057.17333333333,202403.81666666665,6.52,4.820833333333334,6.12,0,2020,5,18,0,2291,0.0,2,0.0,1.0,0.0,0.0,0.0,1.0,0.0,Very Low,Medium,0,2,0,5.962822050532008,20.0,6.376384841014167
CUST00716,1.091121103481829,Male,West,Post-Graduate,Salaried,-0.6199103816593349,-0.055834350614357,Other,-1.5880877997797198,0.4325440993747302,-0.846154014708219,-0.6049645312703554,2020-02-24,1,Hindupur,Kerala,NRI,True,3,27764.291666666668,226688.91166666665,6.52,4.820833333333334,6.12,0,2020,2,24,0,2375,3.0,1,0.0,0.0,1.0,0.0,0.0,0.0,1.0,Very Low,High,0,1,2,4.87427395873852,8.833333333333334,18.24114008739912
CUST00717,-1.3963996341503848,Male,West,Primary,Self-Employed,-0.4854915469676989,0.18280731522908508,Business,0.4636382077665419,-1.0140916844872436,0.9465451689956348,0.3668088436722313,2017-12-10,1,Bhubaneswar,Himachal Pradesh,Current,True,4,25452.423333333336,345143.9316666667,6.52,4.820833333333334,6.12,0,2017,12,10,6,3181,0.0,1,0.0,0.0,1.0,0.0,0.0,0.0,0.0,Very Low,Low,0,3,1,3.743677402673393,25.5,34.01717034721911
CUST00718,1.422790535166124,Male,West,Graduate,Unemployed,0.336220691253907,0.2336234559921072,Business,-0.9824110347273922,-0.4354373709424541,-1.7066496228860688,-1.0569408946375844,2019-11-13,0,Secunderabad,Nagaland,Current,True,2,21495.958333333332,294313.0466666667,6.52,4.820833333333334,6.12,0,2019,11,13,2,2478,2.0,1,0.0,0.0,1.0,0.0,0.0,0.0,0.0,Very Low,Medium,0,0,2,1.2159866051599986,0.8333333333333334,10.903634276822588
CUST00719,-0.898895486623942,Male,North,Post-Graduate,Self-Employed,0.1744350044685532,-0.6887323712239596,Business,-0.8192410944855423,-1.3034188412596384,-0.07529336571556192,-1.441605502511524,2025-11-11,1,Guntakal,Manipur,Current,False,5,25633.34,258584.585,6.52,4.820833333333334,6.12,0,2025,11,11,1,288,3.0,1,1.0,0.0,0.0,0.0,0.0,0.0,0.0,Very Low,Low,0,1,3,0.5469725954124982,16.0,4.658885603748895
CUST00720,-0.8159781287028683,Male,East,Secondary,Salaried,-0.18366188797209942,-0.24953074025462088,Other,0.19946302092921217,-1.3034188412596384,-0.6848110881748722,-0.8586735437953549,2020-04-04,1,Chandrapur,Sikkim,NRI,False,4,29113.08,154803.20166666666,6.52,4.820833333333334,6.12,0,2020,4,4,5,2335,1.0,1,0.0,0.0,0.0,0.0,0.0,0.0,1.0,Very Low,Low,0,1,3,1.461088095098544,10.333333333333334,14.122359760638355
CUST00721,1.754459966850419,Male,West,Secondary,Self-Employed,-0.6278579053521951,-0.42816024930801394,Home,0.10186116654380077,1.3005255696919145,-0.3083442595970629,-0.3813799678964037,2022-03-16,1,Bihar Sharif,Mizoram,NRI,False,2,34851.03166666667,336717.10666666663,6.52,4.820833333333334,6.12,0,2022,3,16,2,1624,1.0,1,0.0,0.0,1.0,0.0,0.0,1.0,0.0,Very Low,High,0,1,3,3.5022922748840926,13.833333333333334,21.870872006762003
CUST00722,-0.23555662325535176,Female,North,Secondary,Self-Employed,4.345623078734199,0.4112317608477888,Car,-0.6123135879622255,0.14321694260233545,1.556062891454945,-0.8829559494546527,2018-04-13,0,Bhilwara,Nagaland,Current,True,4,24704.588333333333,244766.32333333333,6.52,4.820833333333334,6.12,0,2018,4,13,4,3057,1.0,0,1.0,0.0,0.0,1.0,0.0,0.0,0.0,High,High,0,3,1,0.3125799994349035,31.166666666666668,13.728152658097663
CUST00723,-0.7330607707817945,Female,North,Secondary,Self-Employed,-0.15936892236853056,-0.013915383218934574,Business,-0.5358105157967601,1.0111984129195197,-0.2724902759229858,0.37193797872362444,2017-10-16,1,Srinagar,Arunachal Pradesh,Current,True,4,33757.965000000004,335088.74166666664,6.52,4.820833333333334,6.12,0,2017,10,16,0,3236,1.0,0,1.0,0.0,0.0,0.0,0.0,0.0,0.0,Very Low,High,0,1,3,1.7342725835925765,14.166666666666666,34.1004381047683
CUST00724,-1.4793169920714586,Male,East,Secondary,Salaried,-0.21054922881450117,-0.3647930865163421,Car,-0.270338602067158,-1.0140916844872436,-1.2584748269601054,0.416381294555828,2020-08-02,1,Firozabad,Karnataka,Current,True,4,26410.591666666664,90859.85833333334,6.52,4.820833333333334,6.12,0,2020,8,2,6,2215,1.0,1,0.0,0.0,0.0,1.0,0.0,0.0,0.0,Very Low,Low,0,0,2,1.3506188756383308,5.0,34.82194284393344
CUST00725,-0.6501434128607207,Male,East,Graduate,Salaried,-0.6676217986660512,-0.7486423552030268,Car,-0.8253496958468068,-0.4354373709424541,1.018253136343789,-1.3862621505342803,2017-05-05,1,Bikaner,Rajasthan,NRI,False,5,24687.118333333332,220035.87666666668,6.52,4.820833333333334,6.12,0,2017,5,5,4,3400,2.0,1,0.0,0.0,0.0,1.0,0.0,0.0,0.0,Very Low,Medium,0,3,1,2.625627262796241,26.166666666666668,5.557344460500812
CUST00726,-1.6451517079136062,Female,West,Primary,Salaried,-0.5180398211891186,-0.8255164746327482,Education,1.133243718770237,-1.0140916844872436,-0.34419824327113996,-1.6293692206926398,2021-07-27,1,Mango,Haryana,NRI,False,6,37115.015,290905.0,6.52,4.820833333333334,6.12,0,2021,7,27,1,1856,0.0,0,0.0,0.0,1.0,0.0,1.0,0.0,0.0,Very Low,Low,1,1,3,1.2658188946411024,13.5,1.610678916776635
CUST00727,-1.1476475603871634,Male,North,Graduate,Salaried,4.77547543218267,-0.1068067770571288,Car,-1.6514849248200916,-0.14611021417005934,1.1616690710400972,-0.10603961237957525,2021-01-19,1,Guntur,Jharkhand,Savings,False,3,28243.381666666668,258862.3633333333,6.52,4.820833333333334,6.12,0,2021,1,19,1,2045,2.0,1,1.0,0.0,0.0,1.0,0.0,0.0,0.0,High,Medium,0,3,1,0.20009396910612115,27.5,26.340821371900468
CUST00728,0.01319545050786959,Male,West,Post-Graduate,Salaried,-0.053263825670915574,-0.57658790574282,Education,-0.25994597429579075,1.0111984129195197,-0.43383320245633267,1.700798834604301,2025-01-27,1,Aurangabad,Bihar,Savings,True,4,25300.986666666668,202718.3533333333,6.52,4.820833333333334,6.12,0,2025,1,27,0,576,3.0,1,0.0,0.0,1.0,0.0,1.0,0.0,0.0,Very Low,High,0,1,3,0.8349459997205547,12.666666666666666,55.67352254403113
CUST00729,-0.7330607707817945,Male,North,Post-Graduate,Salaried,-0.7045446095255987,0.12084814213115297,Home,-1.5364706873259497,-1.0140916844872436,-0.48761417796744827,-1.255003945702479,2025-04-15,1,Malegaon,Jharkhand,Current,False,4,27369.351666666666,207279.81166666665,6.52,4.820833333333334,6.12,0,2025,4,15,1,498,3.0,1,1.0,0.0,0.0,0.0,0.0,1.0,0.0,Very Low,Low,0,1,3,8.590887892990269,12.166666666666666,7.688225450524317
CUST00730,-0.06972190741320419,Female,North,Graduate,Salaried,-0.32990845902127786,-0.8358124488611041,Home,0.9729503695951521,0.4325440993747302,-1.6170146637008762,-0.31640856092206127,2020-03-15,1,Varanasi,Odisha,NRI,True,2,27602.201666666664,230113.345,6.52,4.820833333333334,6.12,0,2020,3,15,6,2355,2.0,0,1.0,0.0,0.0,0.0,0.0,1.0,0.0,Very Low,High,1,0,2,0.7990698524451701,1.6666666666666667,22.92563529713396
CUST00731,-0.06972190741320419,Male,North,Secondary,Self-Employed,-0.223112904780738,0.9443270987720699,Education,-0.2614458602448704,-1.3034188412596384,-1.312255802471221,-0.1702642441150935,2017-08-26,1,Ludhiana,Sikkim,Current,False,5,29154.753333333338,236986.03166666665,6.52,4.820833333333334,6.12,0,2017,8,26,5,3287,1.0,1,1.0,0.0,0.0,0.0,1.0,0.0,0.0,Very Low,Low,0,0,2,3.355621638077994,4.5,25.29818143154895
CUST00732,0.5106995980343123,Other,West,Graduate,Salaried,0.11387683938537017,0.11926883481760224,Home,-1.1145651488448742,-1.0140916844872436,1.1078880955289816,0.016559247888762823,2017-07-21,1,Nagaon,Telangana,NRI,False,3,22338.191666666666,277166.675,6.52,4.820833333333334,6.12,0,2017,7,21,4,3323,2.0,2,0.0,0.0,1.0,0.0,0.0,1.0,0.0,Very Low,Low,0,3,1,1.3801038740427407,27.0,28.33112423395101
CUST00733,0.9252863876396813,Male,East,Graduate,Salaried,0.02633174716364202,-0.223964710519755,Business,0.7100515792226538,0.4325440993747302,-0.7565190555230263,-1.4224335921843403,2021-08-20,1,Shimla,Uttarakhand,Savings,False,5,25668.041666666668,233581.04333333333,6.52,4.820833333333334,6.12,0,2021,8,20,4,1832,2.0,1,0.0,0.0,0.0,0.0,0.0,0.0,0.0,Very Low,High,1,1,3,1.1432456858193685,9.666666666666666,4.970127550955027
CUST00734,0.5936169559553861,Male,East,Graduate,Salaried,-0.03050907731787343,1.0466532484695752,Home,-2.408622031925296,0.4325440993747302,-0.1649283249007546,-0.6194086507553566,2017-06-06,1,Sambhal,Manipur,Savings,True,6,29116.978333333333,203566.65166666664,6.52,4.820833333333334,6.12,0,2017,6,6,1,3368,2.0,1,0.0,0.0,0.0,0.0,0.0,1.0,0.0,Very Low,High,0,1,3,2.696567141867306,15.166666666666666,18.00665036793619
CUST00735,1.2569558193239765,Male,South,Secondary,Unemployed,-0.4989070449410194,0.3326133729662554,Education,0.2866509934214693,-1.5927459980320333,-1.5273797045156834,-0.15923129486047677,2024-10-20,1,Thanjavur,Telangana,NRI,True,4,23705.153333333332,248943.53333333333,6.52,4.820833333333334,6.12,0,2024,10,20,6,675,1.0,1,0.0,1.0,0.0,0.0,1.0,0.0,0.0,Very Low,None,0,0,2,4.280872743611094,2.5,25.477293296294345
CUST00736,0.01319545050786959,Male,West,Post-Graduate,Self-Employed,-0.41474111986606793,-0.4865318832888317,Business,1.198484852392681,0.4325440993747302,1.1258150873660202,0.5440649289090763,2021-10-09,1,Amravati,Mizoram,NRI,True,3,26946.710000000003,250783.01333333334,6.52,4.820833333333334,6.12,1,2021,10,9,5,1782,3.0,1,0.0,0.0,1.0,0.0,0.0,0.0,0.0,Very Low,High,1,3,1,1.2370298764489374,27.166666666666668,36.89479329567549
CUST00737,0.34486488219216477,Female,South,Graduate,Unemployed,-0.39867521511689663,-0.2352710890703884,Car,0.1804870214781206,1.0111984129195197,0.6776402914400567,0.843425528081778,2021-07-30,1,Kozhikode,Arunachal Pradesh,Current,False,4,30658.64,282794.7216666667,6.52,4.820833333333334,6.12,0,2021,7,30,4,1853,2.0,0,0.0,1.0,0.0,1.0,0.0,0.0,0.0,Very Low,High,0,2,0,2.1697392193219724,23.0,41.75469375490078
CUST00738,-0.898895486623942,Female,West,Secondary,Salaried,0.20701603370734842,-0.9011228340221304,Car,-0.538221112188143,-1.3034188412596384,-1.5273797045156834,-0.6157251597854059,2020-10-14,0,Phagwara,Karnataka,NRI,True,4,19268.915,251097.71833333335,6.52,4.820833333333334,6.12,0,2020,10,14,2,2142,1.0,0,0.0,0.0,1.0,1.0,0.0,0.0,0.0,Very Low,Low,0,0,2,0.33853702970758387,2.5,18.066449150761606
CUST00739,-0.898895486623942,Female,South,Secondary,Unemployed,0.4901730209044848,0.4284830528460003,Car,-1.3089084020720025,1.5898527264643094,-0.34419824327113996,0.6817062336908656,2018-09-08,1,Chapra,Himachal Pradesh,Savings,True,3,30634.76,362119.56666666665,6.52,4.820833333333334,6.12,0,2018,9,8,5,2909,1.0,0,0.0,1.0,0.0,1.0,0.0,0.0,0.0,Very Low,High,0,1,3,1.2165488617659512,13.5,39.12929924657881
CUST00740,1.008203745560755,Female,South,Graduate,Salaried,6.695133380197381,-0.4125854381324624,Education,1.126436835212709,0.14321694260233545,-1.509452712678645,-0.4656612228051735,2025-03-30,0,Nagaon,Rajasthan,Savings,False,4,23511.87833333333,218433.75333333333,6.52,4.820833333333334,6.12,0,2025,3,30,6,514,2.0,0,0.0,1.0,0.0,0.0,1.0,0.0,0.0,Very High,High,1,0,2,0.09283875992699585,2.6666666666666665,20.502627452979173
CUST00741,-0.23555662325535176,Female,South,Post-Graduate,Salaried,-0.10349257883179047,-0.9035430020457852,Car,0.9639621027448118,-0.14611021417005934,1.753259801662369,0.6391542263862534,2017-05-01,0,Rourkela,Chhattisgarh,Savings,True,4,23293.528333333335,259607.91166666665,6.52,4.820833333333334,6.12,0,2017,5,1,0,3404,3.0,0,0.0,1.0,0.0,1.0,0.0,0.0,0.0,Very Low,Medium,1,3,1,0.47415322699265733,33.0,38.43849851858675
CUST00742,1.2569558193239765,Female,South,Graduate,Salaried,-0.12575998621427004,-0.721595998211406,Home,-0.6836814089760652,-1.3034188412596384,-0.774446047360065,-0.06183087497824071,2022-09-20,1,Udupi,Telangana,NRI,True,6,24142.446666666667,192132.59333333335,6.52,4.820833333333334,6.12,0,2022,9,20,1,1436,2.0,0,0.0,1.0,0.0,0.0,0.0,1.0,0.0,Very Low,Low,0,1,3,0.7270855447161644,9.5,27.058517901745294
CUST00743,-0.6501434128607207,Female,East,Graduate,Salaried,-0.44180296498411864,0.2714639117227478,Car,-0.6556850937198436,-0.4354373709424541,0.050195577143707856,-0.20526804379040461,2023-01-08,1,North Dumdum,Mizoram,NRI,True,4,22306.319999999996,206174.35666666666,6.52,4.820833333333334,6.12,0,2023,1,8,6,1326,2.0,0,0.0,0.0,0.0,1.0,0.0,0.0,0.0,Very Low,Medium,0,2,0,3.55769594871349,17.166666666666668,24.72992033577751
CUST00744,0.5936169559553861,Male,East,Primary,Salaried,-0.3195846949846593,0.9675977230772023,Other,1.23565140710062,0.14321694260233545,-1.07920490858972,0.9142743752324929,2023-07-06,1,Amroha,Odisha,Savings,False,3,29770.833333333332,301267.825,6.52,4.820833333333334,6.12,0,2023,7,6,3,1147,0.0,1,0.0,0.0,0.0,0.0,0.0,0.0,1.0,Very Low,High,1,0,2,3.9945326212188035,6.666666666666667,42.90487298942557
CUST00745,-0.23555662325535176,Male,North,Graduate,Self-Employed,0.7332226527973909,-0.2645919667695428,Other,0.5493140751263715,0.4325440993747302,0.8748372016474806,0.3449546985258469,2025-05-08,1,Bongaigaon,Himachal Pradesh,Current,False,3,24205.13,308507.855,6.52,4.820833333333334,6.12,0,2025,5,8,3,475,2.0,1,1.0,0.0,0.0,0.0,0.0,0.0,1.0,Very Low,High,0,2,1,0.6118716887759675,24.833333333333332,33.66238427875718
CUST00746,1.2569558193239765,Male,West,Graduate,Self-Employed,2.466171780654187,-0.6633445875936111,Car,-1.8792227130953327,-1.0140916844872436,-1.2226208432860284,1.6428994722222283,2025-03-10,0,Anantapur,Assam,NRI,False,3,23679.14833333333,230846.60333333336,6.52,4.820833333333334,6.12,0,2025,3,10,0,534,2.0,1,0.0,0.0,1.0,1.0,0.0,0.0,0.0,Medium,Low,0,0,2,0.17762552377436833,5.333333333333333,54.73356872710563
CUST00747,-0.06972190741320419,Female,South,Primary,Salaried,0.1922406959358308,-0.784030069263826,Car,0.18425831650385274,-1.5927459980320333,0.9644721608326733,-0.789475333758863,2022-02-13,1,Varanasi,Karnataka,NRI,False,4,23836.158333333336,218299.015,6.52,4.820833333333334,6.12,1,2022,2,13,6,1655,0.0,0,0.0,1.0,0.0,1.0,0.0,0.0,0.0,Very Low,None,0,3,1,0.7709282427842825,25.666666666666668,15.245742108426564
CUST00748,0.17903016635001717,Male,East,Secondary,Salaried,-0.3785304990357572,0.7549069626424215,Other,-0.2512277180783868,0.14321694260233545,0.10397655265482347,-0.613014226528494,2023-11-25,1,Bhilwara,Bihar,Savings,False,5,28738.975000000002,275255.065,6.52,4.820833333333334,6.12,0,2023,11,25,5,1005,1.0,1,0.0,0.0,0.0,0.0,0.0,0.0,1.0,Very Low,High,0,2,0,4.057276406072975,17.666666666666668,18.11045917017166
CUST00749,0.34486488219216477,Male,West,Graduate,Self-Employed,0.4361215353087395,-0.02257264005720779,Car,0.2518188611587069,-0.4354373709424541,-1.5990876718638376,-0.8814184600344637,2017-06-02,1,Begusarai,Jharkhand,Savings,False,4,22504.781666666666,273458.395,6.52,4.820833333333334,6.12,0,2017,6,2,4,3372,2.0,1,0.0,0.0,1.0,1.0,0.0,0.0,0.0,Very Low,Medium,0,0,2,0.9318998290832632,1.8333333333333333,13.75311267474608
CUST00750,0.0,Female,East,Secondary,Self-Employed,-0.6095355761813609,-0.4272207097826246,Business,-0.001268487140422475,-0.4354373709424541,-1.4556717371675294,-1.249663114304863,2023-10-06,1,Dewas,Himachal Pradesh,Current,False,4,23113.783333333336,164540.18833333332,6.52,4.820833333333334,6.12,0,2023,10,6,4,1055,1.0,0,0.0,0.0,0.0,0.0,0.0,0.0,0.0,Very Low,Medium,0,0,2,3.251107262573726,3.1666666666666665,7.774929943479132
CUST00751,-0.8159781287028683,Female,North,Graduate,Salaried,-0.028845875377122635,-0.5225069785005566,Other,-0.5447169627572451,0.14321694260233545,0.7672752506252494,-0.08049143625107744,2026-05-05,1,Hubli–Dharwad,Jharkhand,Current,True,4,25711.505,232490.84666666668,6.52,4.820833333333334,6.12,0,2026,5,5,1,113,2.0,0,1.0,0.0,0.0,0.0,0.0,0.0,1.0,Very Low,High,0,2,0,0.8731171486388882,23.833333333333332,26.755577332579268
CUST00752,-0.23555662325535176,Female,West,Secondary,Self-Employed,-0.4849043985753808,0.12483731363181416,Education,0.1792467655964215,-1.5927459980320333,-1.2943288106341826,-0.22514827618482983,2024-11-12,1,Sasaram,Kerala,Current,True,3,18948.645,277389.61666666664,6.52,4.820833333333334,6.12,0,2024,11,12,1,652,1.0,0,0.0,0.0,1.0,0.0,1.0,0.0,0.0,Very Low,None,0,0,2,3.589314147636262,4.666666666666667,24.40717929767772
CUST00753,0.6765343138764599,Male,East,Primary,Salaried,-0.6108095810700627,0.10569869585635432,Other,-0.4766928225159997,0.4325440993747302,1.7711867934994074,-0.5046605793543105,2022-10-23,1,Thane,Meghalaya,Current,False,4,22130.186666666665,221945.85166666668,6.52,4.820833333333334,6.12,0,2022,10,23,6,1403,0.0,1,0.0,0.0,0.0,0.0,0.0,0.0,1.0,Very Low,High,0,3,1,5.319056199583309,33.166666666666664,19.86950141259034
CUST00754,-0.567226054939647,Female,South,Secondary,Salaried,-0.19353989292042983,-0.6365923330130695,Home,2.6113902849037833,1.5898527264643094,-1.1867668596119512,-1.2070781746861519,2021-02-26,0,North Dumdum,Sikkim,Current,True,5,26886.664999999997,270539.4766666666,6.52,4.820833333333334,6.12,0,2021,2,26,4,2007,1.0,0,0.0,1.0,0.0,0.0,0.0,1.0,0.0,Very Low,High,1,0,2,0.9236505076514203,5.666666666666667,8.466265303513138
CUST00755,-1.5622343499925324,Male,North,Post-Graduate,Unemployed,0.21205363719438228,-0.7105454825413221,Business,0.12096710843838719,1.0111984129195197,-0.5413951534785639,0.7541610220164472,2024-06-07,0,Warangal,Bihar,Savings,False,4,24342.929999999997,195368.29,6.52,4.820833333333334,6.12,0,2024,6,7,4,810,3.0,1,1.0,0.0,0.0,0.0,0.0,0.0,0.0,Very Low,High,0,1,3,0.5082027247193533,11.666666666666666,40.30554976194281
CUST00756,-0.7330607707817945,Male,West,Post-Graduate,Salaried,-0.5085633713854447,-0.6960924409659075,Education,0.7291842614897799,-0.4354373709424541,-0.6310301126637566,-0.32030467485583836,2024-03-12,1,Dharmavaram,Himachal Pradesh,Current,True,3,20672.005,270493.04333333333,6.52,4.820833333333334,6.12,0,2024,3,12,1,897,3.0,1,0.0,0.0,1.0,0.0,1.0,0.0,0.0,Very Low,Medium,1,1,3,1.5856536138721113,10.833333333333334,22.862384735943596
CUST00757,-1.0647302024660896,Male,East,Post-Graduate,Salaried,-0.6230899998696987,-0.4838512721766595,Car,1.9229174387047472,0.4325440993747302,-0.32627125143410146,1.3007844480339208,2020-12-20,0,Mahbubnagar,Haryana,NRI,True,5,28312.288333333334,217308.97833333336,6.52,4.820833333333334,6.12,0,2020,12,20,6,2075,3.0,1,0.0,0.0,0.0,1.0,0.0,0.0,0.0,Very Low,High,1,1,3,3.2067962475913596,13.666666666666666,49.17958143634181
CUST00758,-0.7330607707817945,Male,East,Graduate,Self-Employed,-0.30701791722686306,-0.5669291340078153,Home,-1.4368843543172398,1.0111984129195197,-0.9895699494045274,-1.0045693492528627,2018-02-28,0,Mehsana,Maharashtra,NRI,False,5,22314.125,206996.21666666667,6.52,4.820833333333334,6.12,0,2018,2,28,2,3101,2.0,1,0.0,0.0,0.0,0.0,0.0,1.0,0.0,Very Low,High,0,0,2,1.2339290499823636,7.5,11.75384802629038
CUST00759,-0.48430869701857315,Male,West,Secondary,Self-Employed,-0.3055492912509033,0.9724148142665621,Home,-0.12280953106794121,1.0111984129195197,-0.2545632840859473,-0.4658686408403441,2022-09-21,0,Sonipat,Manipur,Current,True,2,30602.446666666667,288159.19166666665,6.52,4.820833333333334,6.12,0,2022,9,21,2,1435,1.0,1,0.0,0.0,1.0,0.0,0.0,1.0,0.0,Very Low,High,0,1,3,3.902028439790901,14.333333333333334,20.49926017282553
CUST00760,-0.6501434128607207,Female,West,Graduate,Salaried,-0.047410285756191474,-0.4978112438082631,Business,-1.002403643500428,-0.4354373709424541,-0.8103000310341419,0.40033120234224856,2018-03-25,1,Kanpur,Jharkhand,Current,True,3,20991.998333333333,157344.12833333333,6.52,4.820833333333334,6.12,0,2018,3,25,6,3076,2.0,0,0.0,0.0,1.0,0.0,0.0,0.0,0.0,Very Low,Medium,0,1,2,0.922295712231319,9.166666666666666,34.56138133137987
CUST00761,-1.1476475603871634,Male,North,Graduate,Salaried,0.17417322792681586,-0.7400857582971326,Education,0.6576323700557655,1.5898527264643094,1.3588659812475212,1.3524735011819233,2026-01-24,0,Mehsana,Punjab,Current,False,5,33114.92833333334,304275.6533333333,6.52,4.820833333333334,6.12,0,2026,1,24,5,214,2.0,1,1.0,0.0,0.0,0.0,1.0,0.0,0.0,Very Low,High,1,3,1,0.49927626607850106,29.333333333333332,50.01871542332979
CUST00762,-0.23555662325535176,Female,South,Post-Graduate,Salaried,-0.29612543164826277,-0.7248189798575875,Home,-0.5254813218562979,0.14321694260233545,-0.021512390204446296,0.27126016315838575,2022-07-12,0,Bhind,Tamil Nadu,NRI,True,4,30756.545,236339.38333333333,6.52,4.820833333333334,6.12,0,2022,7,12,1,1506,3.0,0,0.0,1.0,0.0,0.0,0.0,1.0,0.0,Very Low,High,0,2,3,0.9407196520270464,16.5,32.46600737657139
CUST00763,0.8423690297186075,Male,North,Primary,Self-Employed,0.9219557094853619,-0.36285869540738447,Education,0.6001021952744254,1.0111984129195197,-1.4915257208416064,1.5085249960239953,2019-05-31,0,Raurkela Industrial Township,Tamil Nadu,Savings,False,4,22676.190000000002,205380.81833333333,6.52,4.820833333333334,6.12,0,2019,5,31,4,2644,0.0,1,1.0,0.0,0.0,0.0,1.0,0.0,0.0,Low,High,0,0,2,0.49396475186024447,2.8333333333333335,52.55209734981457
CUST00764,1.091121103481829,Male,East,Graduate,Salaried,-0.19125164878489925,-0.8735020907850891,Education,0.5246304386284127,-1.0140916844872436,-0.11114734938963898,2.65477505380605,2019-10-19,1,Bharatpur,Mizoram,Savings,False,5,33779.183333333334,262299.51,6.52,4.820833333333334,6.12,0,2019,10,19,5,2503,2.0,1,0.0,0.0,0.0,0.0,1.0,0.0,0.0,Very Low,Low,0,1,3,0.5794871660379968,15.666666666666666,71.16062899224455
CUST00765,0.09611280842894337,Male,North,Secondary,Salaried,-0.38554761568597723,-0.30451874464975814,Home,0.8099133839387881,-1.3034188412596384,0.7852022424622879,0.99841037537991,2026-05-27,1,Muzaffarpur,Himachal Pradesh,NRI,True,3,32811.92166666667,250996.97666666668,6.52,4.820833333333334,6.12,0,2026,5,27,2,91,1.0,1,1.0,0.0,0.0,0.0,0.0,1.0,0.0,Very Low,Low,1,2,0,1.9695066427689882,24.0,44.270759438356414
CUST00766,-0.06972190741320419,Male,East,Secondary,Unemployed,-0.6386513348110717,-0.7627848098069903,Education,0.5418820507085114,-0.14611021417005934,-0.2545632840859473,-0.5294874372315835,2019-06-23,0,Malda,Mizoram,NRI,True,4,28483.013333333332,304994.495,6.52,4.820833333333334,6.12,0,2019,6,23,6,2621,1.0,1,0.0,0.0,0.0,0.0,1.0,0.0,0.0,Very Low,Medium,0,1,3,2.222891941717463,14.333333333333334,19.4664555263504
CUST00767,0.0,Female,West,Graduate,Salaried,-0.3610204156380868,0.510885789422513,Business,-0.24230527773442184,-0.4354373709424541,-1.5632336881897606,2.1209357660122965,2020-01-25,1,Dewas,Haryana,Savings,True,3,15334.14,301754.5233333334,6.52,4.820833333333334,6.12,0,2020,1,25,5,2405,2.0,0,0.0,0.0,1.0,0.0,0.0,0.0,0.0,Very Low,Medium,0,0,2,3.444879881619148,2.1666666666666665,62.4941384551761
CUST00768,-0.6501434128607207,Male,West,Graduate,Salaried,-0.38267260864204794,-0.2147833580541921,Home,-1.4717790918322708,0.721871256147125,-0.8640810065452575,-0.6622892543303398,2025-12-27,1,Kanpur,Meghalaya,NRI,False,4,21559.97333333333,273762.67333333334,6.52,4.820833333333334,6.12,0,2025,12,27,5,242,2.0,1,0.0,0.0,1.0,0.0,0.0,1.0,0.0,Very Low,High,0,1,2,2.1384920825292277,8.666666666666666,17.31051511973776
CUST00769,-0.48430869701857315,Male,South,Secondary,Salaried,0.18084933280705054,1.6152822632713346,Business,1.0495121058661956,1.0111984129195197,-0.846154014708219,-0.3594480752881596,2024-07-21,1,Rajpur Sonarpur,Andhra Pradesh,Current,True,6,23720.965,274932.6716666667,6.52,4.820833333333334,6.12,0,2024,7,21,6,766,1.0,1,0.0,1.0,0.0,0.0,0.0,0.0,0.0,Very Low,High,1,1,2,2.676000233436298,8.833333333333334,22.226920248424545
CUST00770,0.17903016635001717,Male,West,Secondary,Self-Employed,-0.08827039772875031,-0.38283265951183987,Business,1.4684906615664286,-0.7247645277148489,-0.774446047360065,1.3285279601305329,2024-06-16,1,Serampore,Goa,Current,False,2,25631.803333333333,227232.01833333334,6.52,4.820833333333334,6.12,0,2024,6,16,6,801,1.0,1,0.0,0.0,1.0,0.0,0.0,0.0,0.0,Very Low,Medium,1,1,3,1.1144955270687134,9.5,49.62997707141022
CUST00771,0.8423690297186075,Male,North,Graduate,Salaried,-0.5727098283737011,-0.9405439766621063,Education,-0.9901103273849042,1.3005255696919145,1.5739898832919836,0.034964112443127304,2022-10-31,1,Sangli-Miraj & Kupwad,Arunachal Pradesh,Current,False,4,35827.905,228049.34,6.52,4.820833333333334,6.12,0,2022,10,31,0,1395,2.0,1,1.0,0.0,0.0,0.0,1.0,0.0,0.0,Very Low,High,0,3,1,0.6988836523143205,31.333333333333332,28.62991375383747
CUST00772,-0.898895486623942,Female,West,Graduate,Salaried,-0.21182954472447785,0.7991152699546511,Education,0.7633006587141056,-1.0140916844872436,-1.007496941241566,0.025826293102425315,2019-12-31,0,Mumbai,Himachal Pradesh,Current,False,3,28023.068333333333,385049.0366666666,6.52,4.820833333333334,6.12,0,2019,12,31,1,2430,2.0,0,0.0,0.0,1.0,0.0,1.0,0.0,0.0,Very Low,Low,1,0,2,3.081692111457183,7.333333333333333,28.481567937678225
CUST00773,-0.898895486623942,Male,North,Post-Graduate,Self-Employed,0.01504494517727361,0.010739150447493018,Home,-1.233670806975209,0.721871256147125,0.19361151184001615,-1.2128757142676865,2024-10-05,1,Sonipat,Punjab,NRI,True,5,19883.108333333334,323040.91833333333,6.52,4.820833333333334,6.12,0,2024,10,5,5,690,3.0,1,1.0,0.0,0.0,0.0,0.0,1.0,0.0,Very Low,High,0,2,0,1.4162833845917093,18.5,8.372146487100624
CUST00774,-1.4793169920714586,Female,South,Post-Graduate,Salaried,0.6038336410086067,0.11442406117267381,Car,0.20551266545241886,0.4325440993747302,-1.2943288106341826,-0.3793477588133181,2026-07-29,1,Bihar Sharif,Meghalaya,NRI,False,4,37091.948333333334,286402.755,6.52,4.820833333333334,6.12,0,2026,7,29,2,28,3.0,0,0.0,1.0,0.0,1.0,0.0,0.0,0.0,Very Low,High,0,0,2,0.9154230910001417,4.666666666666667,21.9038634354384
CUST00775,0.34486488219216477,Female,West,Graduate,Salaried,0.13630371569145494,-0.6696029244563665,Home,0.4213054075309895,-0.14611021417005934,0.2115385036770547,0.4107411217197079,2024-11-11,1,Chandigarh,Rajasthan,Savings,False,5,38754.375,269644.95666666667,6.52,4.820833333333334,6.12,0,2024,11,11,0,653,2.0,0,0.0,0.0,1.0,0.0,0.0,1.0,0.0,Very Low,Medium,0,2,0,0.5863724430056277,18.666666666666668,34.73037876157885
CUST00776,-1.3963996341503848,Female,North,Secondary,Salaried,0.06329380291699192,-0.29609160150614383,Business,-0.45410884210884717,-1.5927459980320333,-1.1329858841008356,-0.48473991127954147,2017-01-05,1,Bettiah,Assam,Savings,False,2,26633.25333333333,263696.71,6.52,4.820833333333334,6.12,0,2017,1,5,3,3520,1.0,0,1.0,0.0,0.0,0.0,0.0,0.0,0.0,Very Low,None,0,0,2,1.022306718089496,6.166666666666667,20.1928988943972
CUST00777,1.1740384614029027,Female,North,Graduate,Salaried,-0.2541071015461103,-0.17703570274041242,Education,0.09199427892760359,1.0111984129195197,-1.312255802471221,-0.15636409462177453,2022-05-19,1,Thiruvananthapuram,Telangana,Current,False,4,18908.675,403922.19166666665,6.52,4.820833333333334,6.12,0,2022,5,19,3,1560,2.0,0,1.0,0.0,0.0,0.0,1.0,0.0,0.0,Very Low,High,0,0,2,1.7457234765157972,4.5,25.52384019590394
CUST00778,0.9252863876396813,Female,East,Graduate,Salaried,-0.12192221594336124,-0.3871189256658402,Business,0.8809728428830683,1.5898527264643094,-0.34419824327113996,1.3542504455523656,2021-12-14,1,Nagaon,Sikkim,NRI,True,2,35156.943333333336,189410.33666666667,6.52,4.820833333333334,6.12,0,2021,12,14,1,1716,2.0,0,0.0,0.0,0.0,0.0,0.0,0.0,0.0,Very Low,High,1,1,3,1.1596224329308296,13.5,50.047562816025405
CUST00779,-0.6501434128607207,Female,East,Secondary,Salaried,0.3783378212422334,-0.855442963971355,Other,-0.12222668073472091,1.3005255696919145,-0.7565190555230263,0.9863303419104477,2021-01-06,0,Vasai-Virar,Uttar Pradesh,Current,True,5,25881.861666666664,321186.26,6.52,4.820833333333334,6.12,0,2021,1,6,2,2058,1.0,0,0.0,0.0,0.0,0.0,0.0,0.0,1.0,Very Low,High,0,1,3,0.3272963859396276,9.666666666666666,44.07464892692659
CUST00780,0.8423690297186075,Female,East,Post-Graduate,Salaried,-0.5980952781813496,2.7209952445650556,Other,-0.71487431610361,-1.5927459980320333,-0.774446047360065,-1.1940051987947868,2018-04-07,1,Ichalkaranji,Madhya Pradesh,NRI,True,5,19554.881666666668,331494.88833333337,6.52,4.820833333333334,6.12,0,2018,4,7,5,3063,3.0,0,0.0,0.0,0.0,0.0,0.0,0.0,1.0,Very Low,None,0,1,3,14.643402979134866,9.5,8.678495509203081
CUST00781,-1.2305649183082372,Male,East,Primary,Salaried,3.888451064354574,0.24455435396963698,Business,-1.289629736944842,1.5898527264643094,-0.846154014708219,-0.4789632820249124,2022-04-01,1,Surat,Nagaland,Current,False,5,36636.185000000005,268975.5333333333,6.52,4.820833333333334,6.12,0,2022,4,1,4,1608,0.0,1,0.0,0.0,0.0,0.0,0.0,0.0,0.0,High,High,0,1,2,0.3088164699090585,8.833333333333334,20.28667824694035
CUST00782,-0.9818128445450158,Male,East,Post-Graduate,Self-Employed,-0.4929047942662697,-0.04054566932408326,Car,-0.4169658626695782,-0.14611021417005934,-0.32627125143410146,0.04855458293604157,2025-06-05,1,Gandhinagar,Uttarakhand,NRI,False,4,24023.429999999997,274217.87333333335,6.52,4.820833333333334,6.12,0,2025,6,5,3,447,3.0,1,0.0,0.0,0.0,1.0,0.0,0.0,0.0,Very Low,Medium,0,1,3,3.2343150327971193,13.666666666666666,28.850545106033216
CUST00783,-1.6451517079136062,Male,South,Graduate,Unemployed,-0.1259746987304057,0.6551500287926042,Car,-1.2382371081079036,-1.0140916844872436,-0.29041726776002436,2.048864231155921,2016-10-29,1,Panipat,Tamil Nadu,Savings,True,6,28326.873333333333,232225.70666666667,6.52,4.820833333333334,6.12,0,2016,10,29,5,3588,2.0,1,0.0,1.0,0.0,1.0,0.0,0.0,0.0,Very Low,Low,0,1,3,2.5330975207866557,14.0,61.32410977968061
CUST00784,-0.9818128445450158,Female,South,Graduate,Self-Employed,0.3640772621621676,0.10561145040228567,Home,-0.40294865346898984,-1.0140916844872436,1.4485009404327138,0.7435306613425235,2019-01-10,0,Vijayanagaram,Himachal Pradesh,Current,False,4,21537.231666666667,265174.4416666667,6.52,4.820833333333334,6.12,0,2019,1,10,3,2785,2.0,0,0.0,1.0,0.0,0.0,0.0,1.0,0.0,Very Low,Low,0,3,1,1.0875831685689399,30.166666666666668,40.13297362846464
CUST00785,1.091121103481829,Female,North,Graduate,Self-Employed,-0.4519634264055111,-0.5624535382621928,Home,-0.49498889563378295,-0.14611021417005934,0.10397655265482347,-0.5614182922116542,2020-12-13,1,Raurkela Industrial Township,Gujarat,NRI,False,4,33893.871666666666,268773.83,6.52,4.820833333333334,6.12,0,2020,12,13,6,2082,2.0,0,1.0,0.0,0.0,0.0,0.0,1.0,0.0,Very Low,Medium,0,2,0,1.6813022444859176,17.666666666666668,18.94808144101669
CUST00786,-0.06972190741320419,Male,West,Post-Graduate,Salaried,-0.7045446095255987,0.5942324957530944,Home,0.8347756981854682,-1.0140916844872436,0.46251638939559425,-0.5627448213228311,2026-08-09,1,Davanagere,Karnataka,Savings,True,4,34287.25666666667,167315.14833333335,6.52,4.820833333333334,6.12,0,2026,8,9,6,17,3.0,1,0.0,0.0,1.0,0.0,0.0,1.0,0.0,Very Low,Low,1,2,0,12.923294941289358,21.0,18.926546210747908
CUST00787,1.5057078930871979,Female,East,Graduate,Salaried,-0.40396633199894205,0.25706475570597714,Education,0.06936993288829865,1.3005255696919145,1.6456978506401378,-1.540554901927028,2022-12-10,0,Panchkula,West Bengal,NRI,False,6,23454.76833333333,328323.94,6.52,4.820833333333334,6.12,0,2022,12,10,5,1355,2.0,0,0.0,0.0,0.0,0.0,1.0,0.0,0.0,Very Low,High,0,3,1,3.233054893567524,32.0,3.05251444806434
CUST00788,1.6715426089293453,Male,South,Graduate,Salaried,0.15197140659294572,-0.5487949825055197,Car,2.6113902849037833,1.0111984129195197,0.12190354449186201,3.4760814606525736,2023-11-25,1,Saharanpur,Sikkim,NRI,False,5,20456.954999999998,141298.44,6.52,4.820833333333334,6.12,0,2023,11,25,5,1005,2.0,1,0.0,1.0,0.0,1.0,0.0,0.0,0.0,Very Low,High,1,2,0,0.6923019991470358,17.833333333333332,84.49393803434533
CUST00789,-1.1476475603871634,Male,South,Primary,Unemployed,-0.052614318412410634,0.21011647481252965,Business,-2.1170323674445917,-0.14611021417005934,-0.11114734938963898,-0.5629684130100128,2024-09-25,1,Burhanpur,Uttar Pradesh,Savings,False,4,37273.395,277178.2833333333,6.52,4.820833333333334,6.12,0,2024,9,25,2,700,0.0,1,0.0,1.0,0.0,0.0,0.0,0.0,0.0,Very Low,Medium,0,1,3,1.7725550829887013,15.666666666666666,18.922916363178736
CUST00790,-0.31847398117642556,Other,West,Graduate,Unemployed,-0.10401742752796506,-0.3883401605231319,Other,0.3206847038764321,-0.4354373709424541,-0.11114734938963898,-0.7397519388077388,2023-01-10,1,Jamalpur,Tripura,Current,True,3,26101.725000000002,243981.11833333332,6.52,4.820833333333334,6.12,0,2023,1,10,1,1324,2.0,2,0.0,0.0,1.0,0.0,0.0,0.0,1.0,Very Low,Medium,0,1,3,1.130653065971518,15.666666666666666,16.052965071719072
CUST00791,-1.0647302024660896,Male,North,Secondary,Self-Employed,-0.3661974389912269,-0.16486974685605882,Car,-0.4806512963624058,-0.7247645277148489,1.7353328098253304,0.649870756423046,2022-01-20,1,Junagadh,Manipur,Savings,False,2,28785.045,222844.87333333332,6.52,4.820833333333334,6.12,0,2022,1,20,3,1679,1.0,1,1.0,0.0,0.0,1.0,0.0,0.0,0.0,Very Low,Medium,0,3,1,2.164572966493386,32.833333333333336,38.612473548671
CUST00792,1.5886252510082715,Male,East,Graduate,Unemployed,-0.5894661218619339,0.07517988946177839,Car,-1.0091475844170477,0.4325440993747302,1.1437420792030586,0.4823537982113903,2021-06-10,1,Thane,Meghalaya,Current,True,1,24768.218333333334,234229.62,6.52,4.820833333333334,6.12,0,2021,6,10,3,1903,2.0,1,0.0,0.0,0.0,1.0,0.0,0.0,0.0,Very Low,High,0,3,1,4.793313151408293,27.333333333333332,35.892958207003794
CUST00793,0.6765343138764599,Female,East,Graduate,Salaried,-0.06338071689435483,0.7086111193596146,Car,-0.038788709370241384,-1.3034188412596384,0.4445893975585557,-1.4316708828787361,2023-09-10,1,Ulhasnagar,Sikkim,Savings,True,4,28967.883333333335,295726.52166666667,6.52,4.820833333333334,6.12,0,2023,9,10,6,1081,2.0,0,0.0,0.0,0.0,1.0,0.0,0.0,0.0,Very Low,Low,0,2,0,2.3990307981788104,20.833333333333332,4.820166890094002
CUST00794,-1.4793169920714586,Female,East,Graduate,Salaried,-0.5062995311205595,-0.551231028136861,Home,-0.11719866245796903,1.5898527264643094,0.9465451689956348,1.5136656278535783,2018-06-22,1,Surat,Jharkhand,Savings,True,4,24940.985,247372.97999999998,6.52,4.820833333333334,6.12,0,2018,6,22,4,2987,2.0,0,0.0,0.0,0.0,0.0,0.0,1.0,0.0,Very Low,High,0,3,1,1.9690562802030152,25.5,52.63555174915216
CUST00795,1.091121103481829,Male,North,Primary,Salaried,1.310607798737597,-0.07443388354817652,Education,1.1215112245877537,1.3005255696919145,0.8927641934845192,-0.7479069834157809,2016-12-03,1,Satna,Himachal Pradesh,Current,True,4,27153.160000000003,177972.2616666667,6.52,4.820833333333334,6.12,0,2016,12,3,5,3553,0.0,1,1.0,0.0,0.0,0.0,1.0,0.0,0.0,Low,High,1,3,1,0.5336688936112797,25.0,15.92057388481888
CUST00796,-0.6501434128607207,Female,West,Primary,Salaried,-0.03650167512094581,1.4669931930975322,Business,0.08799980185617275,0.14321694260233545,-0.6489571045007951,-0.3555827865576756,2022-02-27,1,Thane,Tamil Nadu,NRI,True,4,25526.063333333335,207777.20166666666,6.52,4.820833333333334,6.12,0,2022,2,27,6,1641,0.0,0,0.0,0.0,1.0,0.0,0.0,0.0,0.0,Very Low,High,0,1,3,3.207691740191605,10.666666666666666,22.28967038497635
CUST00797,-0.6501434128607207,Male,West,Graduate,Salaried,-0.44793313178378863,-0.3592332492284873,Home,-0.7333791570546622,-0.7247645277148489,0.46251638939559425,2.2530571792222025,2025-11-29,0,Gulbarga,Uttarakhand,NRI,False,5,32001.11333333333,275405.37666666665,6.52,4.820833333333334,6.12,0,2025,11,29,5,270,2.0,1,0.0,0.0,1.0,0.0,0.0,1.0,0.0,Very Low,Medium,0,2,0,2.1390266336563686,21.0,64.63903300210974
CUST00798,1.2569558193239765,Male,East,Primary,Self-Employed,-0.4554883142878112,-0.1714737056481754,Education,0.34251571652592067,-1.3034188412596384,0.8031292342993265,-1.3948491851397282,2024-06-09,0,Rampur,Andhra Pradesh,NRI,True,4,26292.586666666666,300268.10666666663,6.52,4.820833333333334,6.12,0,2024,6,9,6,808,0.0,1,0.0,0.0,0.0,0.0,1.0,0.0,0.0,Very Low,Low,0,2,0,2.6250368081627213,24.166666666666668,5.417940231829003
CUST00799,-0.152639265334278,Male,East,Primary,Unemployed,-0.3073834975208043,1.4649424745818993,Car,-0.2481845701750511,0.14321694260233545,1.0003261445067504,0.08088439336726685,2020-01-06,1,Asansol,Nagaland,NRI,False,4,26016.653333333332,209907.545,6.52,4.820833333333334,6.12,0,2020,1,6,0,2424,0.0,1,0.0,0.0,0.0,1.0,0.0,0.0,0.0,Very Low,High,0,3,1,4.772503691932432,26.0,29.37539594143235
CUST00800,0.5936169559553861,Female,West,Primary,Salaried,-0.5744132015152397,0.10098034786818504,Education,-1.1866502500421767,-1.5927459980320333,-1.1867668596119512,-0.07627046182054473,2020-10-17,0,Bongaigaon,Maharashtra,Savings,True,5,31910.675000000003,188597.06333333335,6.52,4.820833333333334,6.12,1,2020,10,17,5,2139,0.0,0,0.0,0.0,1.0,0.0,1.0,0.0,0.0,Very Low,None,0,0,2,2.157507457993818,5.666666666666667,26.824101766422647
CUST00801,0.09611280842894337,Male,East,Post-Graduate,Salaried,-0.599568288217452,-0.7969536337307743,Home,-0.26797766490709746,-0.7247645277148489,0.6059323240919026,-1.2166158774128066,2018-03-25,0,Kumbakonam,Nagaland,Savings,True,3,30533.773333333334,136974.035,6.52,4.820833333333334,6.12,1,2018,3,25,6,3076,3.0,1,0.0,0.0,0.0,0.0,0.0,1.0,0.0,Very Low,Medium,0,2,0,0.7506804066804301,22.333333333333332,8.311427672945456
CUST00802,-0.06972190741320419,Female,North,Graduate,Unemployed,-0.20628665765319326,-0.6034324742520565,Car,0.23433195759743908,0.721871256147125,-0.23663629224890875,-0.7547621443670024,2017-12-01,1,Phusro,Punjab,NRI,False,5,29370.38,271078.06666666665,6.52,4.820833333333334,6.12,0,2017,12,1,4,3190,2.0,0,1.0,0.0,0.0,1.0,0.0,0.0,0.0,Very Low,High,0,1,3,0.9904483238406344,14.5,15.809285358717004
CUST00803,0.0,Female,East,Secondary,Unemployed,-0.48374188410711855,0.13732557686587415,Home,0.06812058336654478,-0.7247645277148489,0.26531947918817034,-0.19467534828688657,2021-06-06,1,Vijayanagaram,Rajasthan,Savings,False,3,15096.466666666667,191964.59666666668,6.52,4.820833333333334,6.12,0,2021,6,6,6,1907,1.0,0,0.0,0.0,0.0,0.0,0.0,1.0,0.0,Very Low,Medium,0,2,0,3.6101630503701254,19.166666666666668,24.90188500275188
CUST00804,0.8423690297186075,Other,East,Secondary,Unemployed,0.9597335556095059,-0.03904922385092468,Business,0.3384326976242733,1.5898527264643094,0.2115385036770547,-0.28585474528986954,2023-07-31,0,Jalandhar,Tripura,Current,True,4,33750.331666666665,165905.635,6.52,4.820833333333334,6.12,0,2023,7,31,0,1122,1.0,2,0.0,0.0,0.0,0.0,0.0,0.0,0.0,Low,High,0,2,0,0.6552324534285578,18.666666666666668,23.42165415543505
CUST00805,1.5886252510082715,Male,South,Secondary,Salaried,-0.2580214938721401,-0.19008092223882453,Car,-0.5591466136509431,-1.0140916844872436,0.26531947918817034,-0.3731116812501098,2021-07-05,0,Ambala,Gujarat,Current,False,5,34376.175,316002.58166666667,6.52,4.820833333333334,6.12,0,2021,7,5,0,1878,1.0,1,0.0,1.0,0.0,1.0,0.0,0.0,0.0,Very Low,Low,0,2,0,1.7361935461145253,19.166666666666668,22.00510159535976
CUST00806,-1.2305649183082372,Other,East,Graduate,Unemployed,0.0677390703208188,6.216083252814687,Education,0.32512707018680737,1.0111984129195197,-1.276401818797144,-1.0902476793412281,2023-09-17,0,Jalgaon,Madhya Pradesh,NRI,False,5,24674.99,200563.3633333333,6.52,4.820833333333334,6.12,0,2023,9,17,6,1074,2.0,2,0.0,0.0,0.0,0.0,1.0,0.0,0.0,Very Low,High,0,0,2,24.501722986856397,4.833333333333333,10.362922978395586
CUST00807,-0.7330607707817945,Male,West,Graduate,Self-Employed,-0.4547182997474685,-0.5408246009729577,Home,0.37807058640457547,1.0111984129195197,-0.8282270228711806,1.3281191048509489,2022-02-11,1,Yamunanagar,Jharkhand,Savings,True,3,27104.615,227554.63166666668,6.52,4.820833333333334,6.12,0,2022,2,11,4,1657,2.0,1,0.0,0.0,1.0,0.0,0.0,1.0,0.0,Very Low,High,0,1,2,1.7439937380063801,9.0,49.6233396048682
CUST00808,0.09611280842894337,Male,West,Secondary,Salaried,-0.13301730245800747,-0.3114373773944857,Other,0.12673044540611964,-1.3034188412596384,-1.4735987290045678,1.596840143048281,2019-05-20,1,Tirunelveli,Arunachal Pradesh,Current,False,3,25020.73833333333,159885.57,6.52,4.820833333333334,6.12,0,2019,5,20,0,2655,1.0,1,0.0,0.0,1.0,0.0,0.0,0.0,1.0,Very Low,Low,0,0,2,1.2775134414717315,3.0,53.98582919283599
CUST00809,-1.1476475603871634,Male,South,Secondary,Salaried,-0.15539410145247937,-0.9009045228896704,Education,0.23784420076934812,-1.0140916844872436,0.6776402914400567,-1.0190482096599442,2023-10-25,0,Rajahmundry,Arunachal Pradesh,Savings,False,4,33616.405,190465.40833333333,6.52,4.820833333333334,6.12,0,2023,10,25,2,1036,1.0,1,0.0,1.0,0.0,0.0,1.0,0.0,0.0,Very Low,Low,0,2,0,0.5126153579992174,23.0,11.518794313357231
CUST00810,-0.8159781287028683,Male,North,Primary,Self-Employed,-0.6728803873278726,0.512717950771686,Education,2.272066495848767,-1.5927459980320333,-0.3621252351081785,-0.6729015888495063,2022-12-12,1,Kollam,Rajasthan,NRI,False,2,28225.38666666667,355291.13833333337,6.52,4.820833333333334,6.12,0,2022,12,12,0,1353,0.0,1,1.0,0.0,0.0,0.0,1.0,0.0,0.0,Very Low,None,1,1,3,9.153058097909357,13.333333333333334,17.138231627702805
CUST00811,1.1740384614029027,Female,West,Graduate,Salaried,1.1013753143084608,-0.6045665080684548,Car,1.155362673980717,1.0111984129195197,-0.21870930041187023,-0.557059774530361,2023-08-26,1,Mirzapur,Goa,Current,False,3,33367.05333333334,149993.315,6.52,4.820833333333334,6.12,0,2023,8,26,5,1096,2.0,0,0.0,0.0,1.0,1.0,0.0,0.0,0.0,Low,High,1,1,3,0.3300225676331861,14.666666666666666,19.018838788975625
CUST00812,-0.48430869701857315,Male,West,Graduate,Self-Employed,0.40931976853465823,0.42248200402389446,Education,0.30184925007129765,0.4325440993747302,-0.1649283249007546,0.2664882507847854,2016-11-20,1,Orai,Kerala,Current,False,5,24463.623333333333,174194.29333333333,6.52,4.820833333333334,6.12,0,2016,11,20,6,3566,2.0,1,0.0,0.0,1.0,0.0,1.0,0.0,0.0,Very Low,High,0,1,3,1.2894000568983786,15.166666666666666,32.38853886802373
CUST00813,0.34486488219216477,Male,North,Secondary,Self-Employed,-0.42157463536224254,0.33552147454524617,Home,-0.8458970373622022,-1.5927459980320333,1.1078880955289816,-0.04385218621767781,2025-05-01,0,Faridabad,Chhattisgarh,Savings,True,5,25813.164999999997,241370.84,6.52,4.820833333333334,6.12,1,2025,5,1,3,482,1.0,1,1.0,0.0,0.0,0.0,0.0,1.0,0.0,Very Low,None,0,3,1,2.5249718912556585,27.0,27.35038876920478
CUST00814,0.5936169559553861,Male,West,Primary,Salaried,-0.5590418321400039,1.9645441466764324,Other,-0.3138489322459437,-1.0140916844872436,-1.1867668596119512,1.4087408606609721,2024-01-05,1,Phusro,Uttarakhand,NRI,True,6,23683.646666666667,252696.41333333333,6.52,4.820833333333334,6.12,0,2024,1,5,4,964,0.0,1,0.0,0.0,1.0,0.0,0.0,0.0,1.0,Very Low,Low,0,0,2,10.338676341825106,5.666666666666667,50.93217486631369
CUST00815,0.5936169559553861,Male,West,Primary,Salaried,-0.1397831655661634,0.10912776291914066,Business,1.6850925833388977,-1.0140916844872436,1.2513040302252898,-0.8674662645383294,2020-02-21,1,Tinsukia,Karnataka,Current,True,4,32385.069999999996,269134.61833333335,6.52,4.820833333333334,6.12,0,2020,2,21,4,2378,0.0,1,0.0,0.0,1.0,0.0,0.0,0.0,0.0,Very Low,Low,1,3,1,1.8516786326888834,28.333333333333332,13.979616367904931
CUST00816,-1.313482276229311,Female,East,Post-Graduate,Self-Employed,-0.24433275572581195,-0.43816238258904927,Other,-0.5973338862825252,-1.3034188412596384,-0.6848110881748722,1.2617088918399062,2020-02-21,1,Jalna,Haryana,NRI,False,2,25894.341666666664,183260.75833333333,6.52,4.820833333333334,6.12,0,2020,2,21,4,2378,3.0,0,0.0,0.0,0.0,0.0,0.0,0.0,1.0,Very Low,Low,0,1,3,1.309870728260115,10.333333333333334,48.54521835042943
CUST00817,1.2569558193239765,Male,East,Secondary,Salaried,-0.13626442323893093,-0.01996563756895777,Home,0.6534829447440522,-0.4354373709424541,-0.03943938204148483,0.5481966445144336,2021-12-03,0,Bhatpara,Madhya Pradesh,Current,True,4,32884.805,176355.54333333333,6.52,4.820833333333334,6.12,0,2021,12,3,4,1727,1.0,1,0.0,0.0,0.0,0.0,0.0,1.0,0.0,Very Low,Medium,1,2,3,1.6709660420637336,16.333333333333332,36.961868677751006
CUST00818,0.9252863876396813,Female,South,Graduate,Salaried,-0.20425482736909592,-0.5911380329455315,Car,-0.23954374049013535,1.0111984129195197,-0.9895699494045274,-0.6005585608174226,2019-09-08,0,Mehsana,Haryana,NRI,True,3,29129.63,178162.24,6.52,4.820833333333334,6.12,0,2019,9,8,6,2544,2.0,0,0.0,1.0,0.0,1.0,0.0,0.0,0.0,Very Low,High,0,0,2,1.0054328127975434,7.5,18.312667796411983
CUST00819,0.7594516717975337,Female,North,Graduate,Salaried,-0.06770375761230812,-0.10164028714554318,Home,0.37779534132748754,-1.0140916844872436,-0.03943938204148483,1.203243265102051,2018-10-02,1,Bhatpara,Karnataka,Current,True,5,38972.83833333333,282335.765,6.52,4.820833333333334,6.12,0,2018,10,2,1,2885,2.0,0,1.0,0.0,0.0,0.0,0.0,1.0,0.0,Very Low,Low,0,2,3,1.4273620475587623,16.333333333333332,47.59607164569466
CUST00820,1.5886252510082715,Male,South,Secondary,Salaried,0.5345561770730893,-0.37055697737795,Education,-0.4650318256468622,-1.0140916844872436,-0.7027380800119107,0.20657357697778703,2023-03-30,0,Delhi,Punjab,Savings,False,2,32944.98666666667,353991.1166666667,6.52,4.820833333333334,6.12,0,2023,3,30,3,1245,1.0,1,0.0,1.0,0.0,0.0,1.0,0.0,0.0,Very Low,Low,0,1,3,0.6257283653107149,10.166666666666666,31.415867943547852
CUST00821,-0.31847398117642556,Male,West,Secondary,Salaried,-0.037690639750471024,-0.3094697141452813,Car,0.17767364758901016,0.4325440993747302,1.2154500465512128,-0.9587844738986374,2021-03-23,1,Bareilly,Chhattisgarh,Current,True,3,22955.216666666664,151801.02166666667,6.52,4.820833333333334,6.12,0,2021,3,23,1,1982,1.0,1,0.0,0.0,1.0,1.0,0.0,0.0,0.0,Very Low,High,0,3,1,1.1319724567871716,28.0,12.49713200345534
CUST00822,1.3398731772450503,Male,North,Secondary,Salaried,-0.4619863980639031,-0.6371618951069405,Business,-0.44163942132943373,-0.7247645277148489,-0.5772491371526409,0.717353674967508,2020-04-07,0,Hajipur,Haryana,Current,True,5,25601.591666666664,351200.47,6.52,4.820833333333334,6.12,1,2020,4,7,1,2332,1.0,1,1.0,0.0,0.0,0.0,0.0,0.0,0.0,Very Low,Medium,0,1,3,1.001032153110725,11.333333333333334,39.708009393169
CUST00823,0.7594516717975337,Female,South,Graduate,Self-Employed,0.4653525053224868,-0.1125784243579402,Business,1.3694752215853478,-0.7247645277148489,0.03226858530666932,-0.29801229369343124,2020-03-30,1,Rourkela,Nagaland,Savings,False,5,26907.938333333335,289972.6016666667,6.52,4.820833333333334,6.12,0,2020,3,30,0,2340,2.0,0,0.0,1.0,0.0,0.0,0.0,0.0,0.0,Very Low,Medium,1,2,0,0.8459295861430198,17.0,23.224285245722797
CUST00824,-0.48430869701857315,Male,South,Graduate,Salaried,0.706228932957413,0.2357607424193155,Home,-0.7265446725319439,-1.0140916844872436,-1.4377447453304908,2.248870599960722,2022-04-09,1,Thrissur,Chhattisgarh,Current,True,4,36753.38333333333,334743.4383333333,6.52,4.820833333333334,6.12,0,2022,4,9,5,1600,2.0,1,0.0,1.0,0.0,0.0,0.0,1.0,0.0,Very Low,Low,0,0,2,0.9302913050863211,3.3333333333333335,64.57106694868895
CUST00825,1.5057078930871979,Male,East,Graduate,Salaried,3.020894009281977,-0.8377797182888812,Education,-0.4484783012050893,1.3005255696919145,-0.14700133306371607,-0.821975721918644,2020-08-05,1,Guntakal,Meghalaya,Current,True,6,20748.268333333333,213381.83333333334,6.52,4.820833333333334,6.12,0,2020,8,5,2,2212,2.0,1,0.0,0.0,0.0,0.0,1.0,0.0,0.0,Medium,High,0,1,3,0.1089044957589085,15.333333333333334,14.718122068317014
CUST00826,1.2569558193239765,Male,West,Graduate,Salaried,-0.5628677114909086,-0.5665060644430995,Business,-0.620588857243471,-1.5927459980320333,-0.32627125143410146,0.05702241809683534,2020-08-17,1,Thanjavur,Arunachal Pradesh,Current,False,4,23077.681666666667,256100.28000000003,6.52,4.820833333333334,6.12,0,2020,8,17,0,2200,2.0,1,0.0,0.0,1.0,0.0,0.0,0.0,0.0,Very Low,None,0,1,3,2.2928147600586364,13.666666666666666,28.988014218870088
CUST00827,-0.6501434128607207,Male,South,Primary,Self-Employed,-0.18371178419158252,-0.18710809178633947,Other,-0.9019843878990685,0.4325440993747302,-0.11114734938963898,-0.699031892077826,2025-05-29,1,Muzaffarpur,Rajasthan,Savings,False,5,36303.21666666667,257464.49166666667,6.52,4.820833333333334,6.12,0,2025,5,29,3,454,0.0,1,0.0,1.0,0.0,0.0,0.0,0.0,1.0,Very Low,High,0,1,3,1.5500475693586788,15.666666666666666,16.714025259162817
CUST00828,1.422790535166124,Male,South,Post-Graduate,Salaried,-0.6815916891568623,-0.9405439766621063,Car,-0.7417506712027399,-1.5927459980320333,-0.43383320245633267,-0.2780473021980613,2022-04-24,1,Jorhat,Karnataka,Savings,False,6,34640.91166666667,289585.795,6.52,4.820833333333334,6.12,1,2022,4,24,6,1585,3.0,1,0.0,1.0,0.0,1.0,0.0,0.0,0.0,Very Low,None,0,1,3,0.48507902855918367,12.666666666666666,23.5484022858574
CUST00829,-1.4793169920714586,Female,East,Graduate,Salaried,-0.045048178334109734,1.1140493404923981,Other,-1.8004972500878378,0.14321694260233545,-1.4735987290045678,-1.4138985894603244,2017-10-06,1,Tadepalligudem,Jharkhand,Savings,True,5,32554.98,183000.22166666668,6.52,4.820833333333334,6.12,0,2017,10,6,4,3246,2.0,0,0.0,0.0,0.0,0.0,0.0,0.0,1.0,Very Low,High,0,0,2,2.8242291328616376,3.0,5.108687080073301
CUST00830,0.0,Male,South,Secondary,Salaried,-0.4398047289089392,-0.5744505152262886,Business,0.451872151781771,-0.4354373709424541,-1.1688398677749128,-1.050857826525224,2025-10-08,1,Bhavnagar,Sikkim,Current,True,3,31371.653333333335,240348.01,6.52,4.820833333333334,6.12,0,2025,10,8,2,322,1.0,1,0.0,1.0,0.0,0.0,0.0,0.0,0.0,Very Low,Medium,0,0,2,1.6053642795684349,5.833333333333333,11.002388440177612
CUST00831,0.9252863876396813,Male,North,Post-Graduate,Salaried,0.9961568662483606,-0.6497261494822233,Business,-1.2269801839467027,-0.7247645277148489,-0.5413951534785639,-1.316378181788818,2025-08-13,1,Kolhapur,Uttarakhand,NRI,False,5,38063.09333333333,356902.53,6.52,4.820833333333334,6.12,0,2025,8,13,2,378,3.0,1,1.0,0.0,0.0,0.0,0.0,0.0,0.0,Low,Medium,0,1,3,0.32526519954149996,11.666666666666666,6.691859599557652
CUST00832,1.1740384614029027,Female,South,Graduate,Self-Employed,2.8189520463860243,-0.37346799953417836,Home,-0.3825577074291679,-0.7247645277148489,0.28324647102520883,0.20166222296142525,2019-01-26,0,Chittoor,Maharashtra,Savings,True,4,33092.448333333334,288136.80833333335,6.52,4.820833333333334,6.12,0,2019,1,26,5,2769,2.0,0,0.0,1.0,0.0,0.0,0.0,1.0,0.0,Medium,Medium,0,2,0,0.2365752685423731,19.333333333333332,31.33613570187845
CUST00833,0.6765343138764599,Female,North,Graduate,Salaried,-0.6487863775418202,-0.2036825536262982,Home,0.7902702437218334,0.4325440993747302,-0.5055411698044868,-0.1495900179775102,2019-08-18,0,Haridwar,Mizoram,Savings,False,3,30667.176666666666,320563.9166666667,6.52,4.820833333333334,6.12,0,2019,8,18,6,2565,2.0,0,1.0,0.0,0.0,0.0,0.0,1.0,0.0,Very Low,High,1,1,3,4.865494386689997,12.0,25.633812377564677
CUST00834,-0.6501434128607207,Male,North,Graduate,Salaried,-0.4198873028804142,-0.5901853054454343,Car,0.7564654214056832,1.3005255696919145,1.7353328098253304,0.16129848465633456,2021-10-18,1,Ramgarh,Meghalaya,Current,True,5,31022.65166666667,185131.38166666668,6.52,4.820833333333334,6.12,0,2021,10,18,0,1773,2.0,1,1.0,0.0,0.0,1.0,0.0,0.0,0.0,Very Low,High,1,3,1,1.4985655567799026,32.833333333333336,30.680859921207688
CUST00835,0.0,Male,South,Post-Graduate,Salaried,-0.292270799472595,0.3585561486917989,Home,-1.5074038954220428,1.3005255696919145,-0.7385920636859878,0.09723219613172994,2018-05-26,0,Nandyal,Uttarakhand,NRI,False,4,32317.271666666667,219867.27333333332,6.52,4.820833333333334,6.12,1,2018,5,26,5,3014,3.0,1,0.0,1.0,0.0,0.0,0.0,1.0,0.0,Very Low,High,0,1,3,2.561061184423798,9.833333333333334,29.64079056711756
CUST00836,0.5106995980343123,Male,South,Graduate,Unemployed,0.05790173158984771,-0.05337612477986845,Education,0.3177222547587845,-0.14611021417005934,0.48044338123263275,0.6218371197895269,2016-11-11,1,Guntakal,Meghalaya,Current,True,3,36976.99333333333,281064.85833333334,6.52,4.820833333333334,6.12,0,2016,11,11,4,3575,2.0,1,0.0,1.0,0.0,0.0,1.0,0.0,0.0,Very Low,Medium,0,2,0,1.2829821105247665,21.166666666666668,38.15736795386159
CUST00837,-1.2305649183082372,Female,West,Secondary,Unemployed,-0.6917144620273047,-0.617333336796804,Car,1.1871758264717058,1.5898527264643094,1.287158013899367,-1.3060243285442668,2023-11-13,1,Machilipatnam,Himachal Pradesh,Savings,True,5,25980.316666666666,282029.36333333334,6.52,4.820833333333334,6.12,0,2023,11,13,0,1017,1.0,0,0.0,0.0,1.0,1.0,0.0,0.0,0.0,Very Low,High,1,3,1,3.7448962355439837,28.666666666666668,6.859946837079906
CUST00838,1.6715426089293453,Male,South,Secondary,Salaried,-0.26552290032489423,-0.5050251235587447,Education,-0.6747570130006627,-1.5927459980320333,1.018253136343789,-1.4457888583522955,2026-04-19,0,Mysore,Arunachal Pradesh,Current,True,5,29270.933333333334,406406.91333333333,6.52,4.820833333333334,6.12,0,2026,4,19,6,129,1.0,1,0.0,1.0,0.0,0.0,1.0,0.0,0.0,Very Low,None,0,3,1,1.2482130072673732,26.166666666666668,4.590971880206608
CUST00839,-0.9818128445450158,Female,East,Post-Graduate,Self-Employed,-0.6930053926083415,-0.8070957278001692,Home,0.5304156146494129,1.0111984129195197,-1.276401818797144,0.015791624352299163,2022-05-08,0,Saharanpur,Chhattisgarh,Savings,False,4,24854.28333333333,269373.52999999997,6.52,4.820833333333334,6.12,0,2022,5,8,6,1571,3.0,0,0.0,0.0,0.0,0.0,0.0,1.0,0.0,Very Low,High,0,0,2,2.6865746121104954,4.833333333333333,28.318662427060985
CUST00840,0.0,Female,East,Secondary,Salaried,3.9722319632852994,-0.7410696132606779,Car,-1.2052985882305902,0.4325440993747302,0.6238593159289411,-0.9204679042847214,2017-04-22,1,Amaravati,Manipur,Savings,False,4,26809.068333333333,210887.66666666666,6.52,4.820833333333334,6.12,0,2017,4,22,5,3413,1.0,0,0.0,0.0,0.0,1.0,0.0,0.0,0.0,High,High,0,2,0,0.10677002189855975,22.5,13.11917349714964
CUST00841,1.3398731772450503,Male,North,Secondary,Salaried,0.7088304470726369,-0.060756198913487304,Business,-0.304329468359143,-1.3034188412596384,-0.48761417796744827,-0.664706604544478,2023-12-12,1,Gopalpur,Tripura,Savings,False,4,32610.075,245078.48,6.52,4.820833333333334,6.12,0,2023,12,12,1,988,1.0,1,1.0,0.0,0.0,0.0,0.0,0.0,0.0,Very Low,Low,0,1,3,0.7465956727492907,12.166666666666666,17.27127120638288
CUST00842,-0.7330607707817945,Male,East,Graduate,Self-Employed,-0.13409496534546098,-0.6139063857508231,Other,0.12991721204140066,-0.14611021417005934,0.10397655265482347,0.7342195821497064,2025-12-27,1,Kottayam,Jharkhand,Savings,True,4,36793.16,340487.39333333337,6.52,4.820833333333334,6.12,0,2025,12,27,5,242,2.0,1,0.0,0.0,0.0,0.0,0.0,0.0,1.0,Very Low,Medium,0,2,0,0.8782454471386614,17.666666666666668,39.981815065279946
CUST00843,-0.06972190741320419,Male,North,Graduate,Unemployed,0.0717550102064876,1.191795398937972,Business,0.6850133079987448,0.721871256147125,0.3908084220474401,-0.32702911964653,2022-07-18,1,Bhavnagar,Mizoram,Savings,False,3,20154.44,248233.095,6.52,4.820833333333334,6.12,1,2022,7,18,0,1500,2.0,1,1.0,0.0,0.0,0.0,0.0,0.0,0.0,Very Low,High,1,2,0,3.8665285589572935,20.333333333333332,22.7532182911388
CUST00844,0.9252863876396813,Male,West,Graduate,Unemployed,-0.2864757285190504,-0.23872767638340814,Education,0.6200613822066159,-1.5927459980320333,-1.2584748269601054,0.6798543593224675,2024-03-14,1,Chapra,Uttarakhand,NRI,False,3,17915.895,166504.07499999998,6.52,4.820833333333334,6.12,0,2024,3,14,3,895,2.0,1,0.0,0.0,1.0,0.0,1.0,0.0,0.0,Very Low,None,0,0,2,1.7405016426242093,5.0,39.09923542014916
CUST00845,1.5057078930871979,Male,North,Post-Graduate,Salaried,-0.26924400573093227,2.7963780241431175,Business,-1.4255076770279884,-0.14611021417005934,-1.007496941241566,1.377734986970464,2019-11-20,0,Gulbarga,Nagaland,Savings,True,5,21383.288333333334,156589.94999999998,6.52,4.820833333333334,6.12,0,2019,11,20,2,2471,3.0,1,1.0,0.0,0.0,0.0,0.0,0.0,0.0,Very Low,Medium,0,0,2,6.634011571369339,7.333333333333333,50.42881717594425
CUST00846,0.5106995980343123,Female,South,Secondary,Salaried,-0.08354925576951304,-0.7108210602167527,Business,0.13545049319792402,0.4325440993747302,-1.043350924915643,0.028388188078314953,2018-09-17,1,Baranagar,Kerala,Current,True,6,20527.94,298311.81666666665,6.52,4.820833333333334,6.12,0,2018,9,17,0,2900,1.0,0,0.0,1.0,0.0,0.0,0.0,0.0,0.0,Very Low,High,0,0,2,0.7009915268000413,7.0,28.52315842956066
CUST00847,0.09611280842894337,Other,North,Secondary,Self-Employed,-0.6034246322080388,0.41894665142464077,Other,1.5144657346292008,1.0111984129195197,1.2513040302252898,1.8065845948463226,2023-10-18,0,Junagadh,Uttarakhand,NRI,True,4,27871.955,289336.74166666664,6.52,4.820833333333334,6.12,0,2023,10,18,2,1043,1.0,2,1.0,0.0,0.0,0.0,0.0,0.0,1.0,Very Low,High,1,3,1,6.338086205521509,28.333333333333332,57.39087701953813
CUST00848,0.8423690297186075,Female,West,Secondary,Salaried,-0.025510827116301746,-0.31244962425871603,Other,-2.296925293964742,-1.3034188412596384,-1.5990876718638376,-0.7320630124912209,2020-05-01,1,Karaikudi,Punjab,NRI,True,4,29731.483333333334,276763.48166666663,6.52,4.820833333333334,6.12,0,2020,5,1,4,2308,1.0,0,0.0,0.0,1.0,0.0,0.0,0.0,1.0,Very Low,Low,0,0,2,1.1120395205911364,1.8333333333333333,16.177789168944496
CUST00849,-1.3963996341503848,Female,East,Post-Graduate,Salaried,-0.7045446095255987,0.36804915464938265,Business,1.0053466440014367,-0.4354373709424541,1.1078880955289816,-0.8963102392891009,2026-03-13,0,Ramagundam,Karnataka,Current,False,3,18501.361666666668,261706.13,6.52,4.820833333333334,6.12,0,2026,3,13,4,166,3.0,0,0.0,0.0,0.0,0.0,0.0,0.0,0.0,Very Low,Medium,1,3,1,13.716247378809035,27.0,13.511355526215851
CUST00850,0.34486488219216477,Male,East,Graduate,Salaried,-0.4599687560795946,-0.4425088600507358,Other,1.670339220476542,-0.14611021417005934,0.42666240572151715,-0.2702183032480353,2023-09-13,1,Bhusawal,Madhya Pradesh,Savings,False,2,37157.818333333336,229799.06166666668,6.52,4.820833333333334,6.12,0,2023,9,13,2,1078,2.0,1,0.0,0.0,0.0,0.0,0.0,0.0,1.0,Very Low,Medium,1,2,0,2.003051883070224,20.666666666666668,23.675500359878008
CUST00851,1.422790535166124,Male,North,Secondary,Self-Employed,-0.42437040279879934,-0.5194715949981559,Business,-1.5629020286321393,-0.4354373709424541,0.9106911853215577,-0.7151321835926082,2017-09-09,1,Alwar,Mizoram,Savings,False,5,33953.92333333333,389918.365,6.52,4.820833333333334,6.12,0,2017,9,9,5,3273,1.0,1,1.0,0.0,0.0,0.0,0.0,0.0,0.0,Very Low,Medium,0,3,1,1.6700184612112974,25.166666666666668,16.4526487976559
CUST00852,0.34486488219216477,Male,East,Post-Graduate,Salaried,-0.004816747044767399,0.47623450380064763,Car,-0.7102246264686095,-1.0140916844872436,-1.0971319004267586,-0.1698886151555698,2025-04-12,1,Ulhasnagar,Odisha,Savings,True,4,28821.42,303222.57,6.52,4.820833333333334,6.12,0,2025,4,12,5,501,3.0,1,0.0,0.0,0.0,1.0,0.0,0.0,0.0,Very Low,Low,0,0,2,1.9733264307507308,6.5,25.304279493077196
CUST00853,-1.5622343499925324,Female,North,Post-Graduate,Salaried,-0.2676024409874774,-0.6243234279899259,Business,0.5347840879007494,-0.7247645277148489,1.1616690710400972,1.6331526335492275,2020-12-24,1,Bhiwandi,Himachal Pradesh,NRI,False,6,26693.164999999997,280435.39666666667,6.52,4.820833333333334,6.12,0,2020,12,24,3,2071,3.0,0,1.0,0.0,0.0,0.0,0.0,0.0,0.0,Very Low,Medium,0,3,1,1.0587858281490046,27.5,54.57533592735236
CUST00854,0.17903016635001717,Female,West,Post-Graduate,Unemployed,-0.6093463178290426,0.0024856168721100174,Home,-0.9359043097827808,0.14321694260233545,1.1616690710400972,-1.0899891747064978,2026-02-13,0,Howrah,Rajasthan,Savings,True,4,29121.475000000002,170524.37,6.52,4.820833333333334,6.12,0,2026,2,13,4,194,3.0,0,0.0,0.0,1.0,0.0,0.0,1.0,0.0,Very Low,High,0,3,1,4.893174896079423,27.5,10.367119612142682
CUST00855,1.008203745560755,Female,North,Post-Graduate,Salaried,-0.5370003305835056,-0.3754701976829524,Other,1.4219268165459065,-0.7247645277148489,-0.32627125143410146,-0.14766398994331117,2018-05-31,1,Nanded,Nagaland,Current,False,3,31223.16,333822.6716666667,6.52,4.820833333333334,6.12,0,2018,5,31,3,3009,3.0,0,1.0,0.0,0.0,0.0,0.0,0.0,1.0,Very Low,Medium,1,1,3,2.678041590755834,13.666666666666666,25.665080034543426
CUST00856,1.008203745560755,Male,North,Secondary,Salaried,-0.2014484202144844,0.27751998320381654,Other,1.1016943014351512,0.721871256147125,-1.043350924915643,1.0400723664544194,2019-06-28,0,Ranchi,Nagaland,Savings,False,2,22501.955,229562.6366666667,6.52,4.820833333333334,6.12,0,2019,6,28,4,2616,1.0,1,1.0,0.0,0.0,0.0,0.0,0.0,1.0,Very Low,High,1,0,2,2.2708284237356997,7.0,44.947111403560896
CUST00857,-0.152639265334278,Male,North,Graduate,Salaried,-0.30275150664341316,1.2093791544778103,Education,-1.4584856437285494,1.3005255696919145,0.7493482587882109,0.22514127478714913,2025-03-06,1,Dehradun,Madhya Pradesh,Current,False,3,26609.960000000003,272256.4716666667,6.52,4.820833333333334,6.12,0,2025,3,6,3,538,2.0,1,1.0,0.0,0.0,0.0,1.0,0.0,0.0,Very Low,High,0,2,0,4.2916521557518115,23.666666666666668,31.717300942278648
CUST00858,0.6765343138764599,Female,South,Graduate,Salaried,-0.44755484487484753,5.307446373995588,Education,-0.7860277296917819,1.5898527264643094,1.591916875129022,-0.5728679340458801,2021-02-10,0,Surat,Assam,NRI,True,3,31627.926666666666,335589.575,6.52,4.820833333333334,6.12,0,2021,2,10,2,2023,2.0,0,0.0,1.0,0.0,0.0,1.0,0.0,0.0,Very Low,High,0,3,1,15.345355069980092,31.5,18.76220487689337
CUST00859,1.6715426089293453,Male,East,Post-Graduate,Salaried,-0.4224151669890159,-0.5145033067012906,Home,0.7988764881843669,1.0111984129195197,-1.2226208432860284,-0.532893829062192,2025-12-08,0,Aligarh,Telangana,Current,True,3,31287.236666666668,154755.42500000002,6.52,4.820833333333334,6.12,0,2025,12,8,0,261,3.0,1,0.0,0.0,0.0,0.0,0.0,1.0,0.0,Very Low,High,1,0,2,1.6734973975150957,5.333333333333333,19.411155245459646
CUST00860,-0.152639265334278,Female,North,Graduate,Salaried,0.02809673724388989,0.12062599147423744,Other,0.7578343405346779,-1.3034188412596384,0.0681225689807464,1.0053094259194308,2021-07-31,0,Jalgaon,Uttarakhand,Current,True,5,34077.39,274002.51333333337,6.52,4.820833333333334,6.12,0,2021,7,31,5,1852,2.0,0,1.0,0.0,0.0,0.0,0.0,0.0,1.0,Very Low,Low,1,2,0,1.5146686845491502,17.333333333333332,44.3827604798358
CUST00861,1.5886252510082715,Female,West,Graduate,Self-Employed,-0.43201668021941897,-0.6932145997168626,Other,2.316428903770742,-0.4354373709424541,-1.043350924915643,-0.49691065332093315,2022-06-02,1,Hosur,Tripura,NRI,True,4,20904.05833333333,149624.88999999998,6.52,4.820833333333334,6.12,0,2022,6,2,3,1546,2.0,0,0.0,0.0,1.0,0.0,0.0,0.0,1.0,Very Low,Medium,1,0,2,1.309440472951716,7.0,19.9953157956209
CUST00862,-0.31847398117642556,Female,South,Graduate,Salaried,-0.305767999342567,0.9705868936392863,Education,-0.9293642554633251,0.4325440993747302,0.8569102098104421,-0.3791039394891186,2020-05-17,1,Gulbarga,Manipur,NRI,False,5,30961.03,201429.085,6.52,4.820833333333334,6.12,0,2020,5,17,6,2292,2.0,0,0.0,1.0,0.0,0.0,1.0,0.0,0.0,Very Low,High,0,2,1,3.9003909647380626,24.666666666666668,21.90782166390574
CUST00863,1.3398731772450503,Male,East,Secondary,Unemployed,1.2922324751806031,0.7870534163718601,Education,1.5210699907583376,-0.4354373709424541,0.4983703730696713,-0.059565943783710426,2018-12-06,1,Morena,Chhattisgarh,Savings,True,5,35678.46833333333,330243.27499999997,6.52,4.820833333333334,6.12,0,2018,12,6,3,2820,1.0,1,0.0,0.0,0.0,0.0,1.0,0.0,0.0,Low,Medium,1,2,0,0.9240829550499665,21.333333333333332,27.095287403753343
CUST00864,-0.152639265334278,Male,South,Graduate,Salaried,1.6318047831605815,-0.6685515943337308,Business,-0.9650158042950163,1.0111984129195197,0.9465451689956348,0.1459025840110414,2022-01-27,0,Bidar,Sikkim,Current,False,5,30504.943333333333,215135.3933333333,6.52,4.820833333333334,6.12,0,2022,1,27,3,1672,2.0,1,0.0,1.0,0.0,0.0,0.0,0.0,0.0,Low,High,0,3,1,0.23505453909171398,25.5,30.430918730473092
CUST00865,-1.313482276229311,Male,South,Post-Graduate,Salaried,-0.6685553499653414,-0.8224005094899824,Other,0.5165324445127631,1.5898527264643094,-0.07529336571556192,-1.3884781562572384,2023-07-14,1,Nizamabad,Nagaland,NRI,True,3,35798.415,199066.14333333334,6.52,4.820833333333334,6.12,0,2023,7,14,4,1139,3.0,1,0.0,1.0,0.0,0.0,0.0,0.0,1.0,Very Low,High,0,1,3,2.269393141886305,16.0,5.521369227753374
CUST00866,1.6715426089293453,Male,East,Post-Graduate,Salaried,0.07599836084624004,-0.7156698949023597,Other,0.9272130108479407,0.4325440993747302,0.01434159346963078,-0.39657535800413823,2017-05-05,1,Sambalpur,Assam,NRI,False,4,29308.965,273285.5333333333,6.52,4.820833333333334,6.12,0,2017,5,5,4,3400,3.0,1,0.0,0.0,0.0,0.0,0.0,0.0,1.0,Very Low,High,1,2,0,0.5766909878155824,16.833333333333332,21.624185958007526
CUST00867,0.0,Male,North,Primary,Salaried,-0.19782632027263022,-0.7113923578478392,Business,-3.1440031032966065,0.4325440993747302,-1.6170146637008762,-1.4141115990950877,2025-02-14,1,Raurkela Industrial Township,Kerala,NRI,False,4,32749.399999999998,219227.5216666667,6.52,4.820833333333334,6.12,1,2025,2,14,4,558,0.0,1,1.0,0.0,0.0,0.0,0.0,0.0,0.0,Very Low,High,0,0,2,0.8847324861469595,1.6666666666666667,5.105229024388399
CUST00868,1.5886252510082715,Female,North,Secondary,Self-Employed,0.7088304470726369,0.2188705668941548,Other,0.9469747308055222,0.721871256147125,1.3050850057364056,-1.026757930346354,2018-09-12,1,Karimnagar,Bihar,NRI,True,2,28967.420000000002,216121.93166666667,6.52,4.820833333333334,6.12,1,2018,9,12,2,2905,1.0,0,1.0,0.0,0.0,0.0,0.0,0.0,1.0,Very Low,High,1,3,1,2.342210512572131,28.833333333333332,11.39363263473978
CUST00869,1.5886252510082715,Female,West,Secondary,Salaried,-0.49479856623520485,0.8962493389756075,Home,1.4428688126133786,1.0111984129195197,0.552151348580787,-0.4273617393149731,2019-02-21,1,Surendranagar Dudhrej,Telangana,Savings,True,3,24658.39833333333,303152.13166666665,6.52,4.820833333333334,6.12,0,2019,2,21,3,2743,1.0,0,0.0,0.0,1.0,0.0,0.0,1.0,0.0,Very Low,High,1,2,0,5.71596306274188,21.833333333333332,21.124391565946947
CUST00870,-1.5622343499925324,Male,West,Graduate,Salaried,-0.3601612287496288,0.2101993660575675,Education,1.1404401883044892,-0.14611021417005934,-1.4556717371675294,0.30786326705009875,2024-07-25,0,Vijayanagaram,Bihar,NRI,False,3,21976.105,182532.625,6.52,4.820833333333334,6.12,0,2024,7,25,3,762,2.0,1,0.0,0.0,1.0,0.0,1.0,0.0,0.0,Very Low,Medium,1,0,2,2.860313836750061,3.1666666666666665,33.06023200701377
CUST00871,1.754459966850419,Male,South,Post-Graduate,Self-Employed,0.6671483832343488,-0.3863948305590649,Education,0.16211823817248663,1.5898527264643094,0.2115385036770547,0.03308172990145571,2022-03-04,1,Kirari Suleman Nagar,Sikkim,Savings,False,4,31095.23166666667,234882.19499999998,6.52,4.820833333333334,6.12,0,2022,3,4,4,1636,3.0,1,0.0,1.0,0.0,0.0,1.0,0.0,0.0,Very Low,High,0,2,0,0.5614554451148489,18.666666666666668,28.59935464951984
CUST00872,-0.23555662325535176,Male,South,Secondary,Unemployed,0.08648341041535712,-0.08785519440866695,Education,1.0035145745245853,-0.7247645277148489,0.6238593159289411,-1.382239763701278,2023-12-22,1,Ulhasnagar,Arunachal Pradesh,Savings,True,4,28962.666666666668,238750.22499999998,6.52,4.820833333333334,6.12,0,2023,12,22,4,978,1.0,1,0.0,1.0,0.0,0.0,1.0,0.0,0.0,Very Low,Medium,1,2,0,1.2092083604946722,22.5,5.622644969889527
CUST00873,-0.9818128445450158,Male,East,Graduate,Self-Employed,0.12128460076032285,-0.6279633304539524,Car,-0.5703767409709881,1.5898527264643094,-0.9537159657304503,1.2114590375311522,2025-09-05,1,Satna,Telangana,Savings,True,3,33166.35833333333,193593.28666666665,6.52,4.820833333333334,6.12,0,2025,9,5,4,355,2.0,1,0.0,0.0,0.0,1.0,0.0,0.0,0.0,Very Low,High,0,0,2,0.6362083581482657,7.833333333333333,47.729448704370455
CUST00874,-1.3963996341503848,Female,South,Post-Graduate,Salaried,-0.610953854094883,0.4568571849882572,Home,0.9026922535893618,1.3005255696919145,-0.8820079983822962,-0.5040195710174893,2018-02-19,1,Vijayanagaram,Chhattisgarh,Current,False,3,30418.765,367986.54833333334,6.52,4.820833333333334,6.12,0,2018,2,19,0,3110,3.0,0,0.0,1.0,0.0,0.0,0.0,1.0,0.0,Very Low,High,1,1,2,6.674648621637078,8.5,19.879907714284997
CUST00875,0.01319545050786959,Male,North,Graduate,Self-Employed,-0.5677810715858055,-0.03345506682638991,Home,-0.6298395833905307,-1.0140916844872436,0.050195577143707856,0.3325831843048742,2023-04-29,1,Jamalpur,Tripura,NRI,False,5,27688.556666666667,261245.545,6.52,4.820833333333334,6.12,0,2023,4,29,5,1215,2.0,1,1.0,0.0,0.0,0.0,0.0,1.0,0.0,Very Low,Low,0,2,0,4.0824059229498895,17.166666666666668,33.46154179043382
CUST00876,-1.0647302024660896,Male,North,Graduate,Salaried,-0.7045446095255987,0.19767218736075393,Business,0.07873849746692523,1.5898527264643094,-1.4735987290045678,-0.8273671206565878,2024-11-23,1,Bhimavaram,Tamil Nadu,NRI,False,3,27928.74666666667,349229.49666666664,6.52,4.820833333333334,6.12,0,2024,11,23,5,641,2.0,1,1.0,0.0,0.0,0.0,0.0,0.0,0.0,Very Low,High,0,0,2,13.329644240045461,3.0,14.63059665156274
CUST00877,0.9252863876396813,Male,East,Graduate,Salaried,-0.500954420015118,-0.5801890906046999,Car,0.8637714065010649,-0.4354373709424541,1.753259801662369,0.2133638504267678,2026-01-12,1,Raebareli,Assam,Current,True,4,31734.716666666664,187733.30166666667,6.52,4.820833333333334,6.12,0,2026,1,12,0,226,2.0,1,0.0,0.0,0.0,1.0,0.0,0.0,0.0,Very Low,Medium,1,3,1,1.8623593999578625,33.0,31.526103068491363
CUST00878,-0.567226054939647,Female,East,Graduate,Salaried,0.1785995181727755,-0.35581144816214166,Other,0.4618058625074201,-0.14611021417005934,1.089961103691943,1.4273895068655813,2020-10-03,1,Muzaffarpur,Karnataka,NRI,True,6,26064.111666666668,248187.45833333334,6.52,4.820833333333334,6.12,0,2020,10,3,5,2153,2.0,0,0.0,0.0,0.0,0.0,0.0,0.0,1.0,Very Low,Medium,0,3,1,0.8535712921342207,26.833333333333332,51.23492200305838
CUST00879,0.17903016635001717,Female,North,Secondary,Salaried,-0.06258924367166831,0.16263330698485343,Home,1.4078395784382387,-1.0140916844872436,0.6417863077659796,-0.015741951002022622,2023-12-17,1,Rampur,Arunachal Pradesh,Current,False,4,30057.03333333333,273477.56333333335,6.52,4.820833333333334,6.12,0,2023,12,17,6,983,1.0,0,1.0,0.0,0.0,0.0,0.0,1.0,0.0,Very Low,Low,1,2,0,1.7373504658452195,22.666666666666668,27.80673788599246
CUST00880,0.6765343138764599,Male,North,Graduate,Salaried,-0.3485136364550871,0.7844661559989693,Car,2.5995259299670144,-1.3034188412596384,1.0361801281808274,-0.7583450479929591,2020-06-20,1,Panvel,Rajasthan,Savings,False,5,24394.906666666666,252743.18499999997,6.52,4.820833333333334,6.12,0,2020,6,20,5,2258,2.0,1,1.0,0.0,0.0,1.0,0.0,0.0,0.0,Very Low,Low,1,3,1,3.8754153244518723,26.333333333333332,15.751119537879967
CUST00881,1.1740384614029027,Male,North,Graduate,Salaried,-0.28339635643863353,-0.537365376903962,Car,-1.1991013563927135,0.14321694260233545,0.33702744653632444,-0.850597564567466,2026-05-11,1,Kulti,Rajasthan,Current,True,5,33265.48166666667,276581.02999999997,6.52,4.820833333333334,6.12,0,2026,5,11,0,107,2.0,1,1.0,0.0,0.0,1.0,0.0,0.0,0.0,Very Low,High,0,2,0,1.2328394736411545,19.833333333333332,14.25346737889799
CUST00882,1.422790535166124,Female,East,Post-Graduate,Self-Employed,3.0132136307371225,6.216083252814687,Home,-0.35156621642431285,1.3005255696919145,0.7852022424622879,-0.32123551424191943,2022-07-29,1,Cuttack,West Bengal,Current,False,4,24779.661666666667,189864.96,6.52,4.820833333333334,6.12,0,2022,7,29,4,1489,3.0,0,0.0,0.0,0.0,0.0,0.0,1.0,0.0,Medium,High,0,2,0,2.9458935872852337,24.0,22.84727323906531
CUST00883,-1.313482276229311,Other,North,Graduate,Salaried,-0.19903700014414394,-0.5747875655332283,Business,0.32383475567990416,-0.4354373709424541,-1.6887226310490304,-0.022887056038381225,2023-08-22,0,Coimbatore,Meghalaya,Current,False,3,32164.5,131180.64166666666,6.52,4.820833333333334,6.12,0,2023,8,22,1,1100,2.0,2,1.0,0.0,0.0,0.0,0.0,0.0,0.0,Very Low,Medium,0,0,2,1.0213239882925278,1.0,27.69074232965213
CUST00884,-0.567226054939647,Male,North,Graduate,Salaried,0.06608962219668432,1.6097508315792557,Car,-0.49283972925812775,0.721871256147125,0.8748372016474806,-1.200351845173046,2020-03-30,1,Satara,Andhra Pradesh,Current,False,3,27562.671666666665,151298.84,6.52,4.820833333333334,6.12,0,2020,3,30,0,2340,2.0,1,1.0,0.0,0.0,1.0,0.0,0.0,0.0,Very Low,High,0,2,1,3.001354001728954,24.833333333333332,8.575462345408377
CUST00885,1.3398731772450503,Female,West,Secondary,Salaried,0.9243102411815607,-0.4624136411431028,Education,-0.08691193702916125,-1.0140916844872436,-1.0971319004267586,-0.6410002659434082,2017-10-25,1,Belgaum,Chhattisgarh,Savings,False,2,28487.46166666667,229912.635,6.52,4.820833333333334,6.12,1,2017,10,25,2,3227,1.0,0,0.0,0.0,1.0,0.0,1.0,0.0,0.0,Low,Low,0,0,2,1.2748168364883805,6.5,17.656126281407047
CUST00886,1.422790535166124,Female,North,Graduate,Unemployed,-0.16023285546423632,0.10513689205169963,Car,0.8768471344074935,0.4325440993747302,-1.545306696352722,1.5241674164078935,2025-02-09,1,Dehri,Tamil Nadu,NRI,False,4,29942.801666666666,309882.76499999996,6.52,4.820833333333334,6.12,0,2025,2,9,6,563,2.0,0,1.0,0.0,0.0,1.0,0.0,0.0,0.0,Very Low,High,1,0,2,1.9001930973739733,2.3333333333333335,52.80604060827005
CUST00887,0.01319545050786959,Male,East,Primary,Salaried,0.1635659412775719,-0.188434508912227,Other,0.665906579291449,-0.14611021417005934,0.28324647102520883,-0.530246567857925,2023-08-02,1,Barasat,Telangana,Current,False,4,30343.506666666668,250616.025,6.52,4.820833333333334,6.12,0,2023,8,2,2,1120,0.0,1,0.0,0.0,0.0,0.0,0.0,0.0,1.0,Very Low,Medium,1,2,0,1.0236125598904595,19.333333333333332,19.45413159564688
CUST00888,-1.5622343499925324,Male,North,Secondary,Salaried,-0.40475595476501924,2.4074378637488576,Home,0.2515027567983201,-0.7247645277148489,1.3409389894104826,-1.535291214778619,2024-02-11,0,Rampur,Jharkhand,Savings,False,5,31878.36666666667,187396.405,6.52,4.820833333333334,6.12,0,2024,2,11,6,927,1.0,1,1.0,0.0,0.0,0.0,0.0,1.0,0.0,Very Low,Medium,0,3,1,7.78110795768189,29.166666666666668,3.137966560534934
CUST00889,0.0,Female,North,Graduate,Self-Employed,0.030519053511902035,-0.15290270926709143,Other,0.14715976015192994,1.5898527264643094,-1.3481097861452982,-0.8695396046803107,2016-12-03,0,Sagar,Goa,Savings,False,4,25853.745,196441.90166666664,6.52,4.820833333333334,6.12,0,2016,12,3,5,3553,2.0,0,1.0,0.0,0.0,0.0,0.0,0.0,1.0,Very Low,High,0,0,2,1.2147323732669177,4.166666666666667,13.94595720655908
CUST00890,0.0,Male,North,Post-Graduate,Self-Employed,2.3094045285586358,-0.5021865989534802,Business,-0.24212796213111062,1.5898527264643094,-1.4556717371675294,-0.21159904976396693,2017-06-25,1,Ahmednagar,Karnataka,NRI,True,4,35810.23,270363.5316666667,6.52,4.820833333333334,6.12,0,2017,6,25,6,3349,3.0,1,1.0,0.0,0.0,0.0,0.0,0.0,0.0,Medium,High,0,0,2,0.2354344967536541,3.1666666666666665,24.627141082518055
CUST00891,0.7594516717975337,Female,East,Primary,Salaried,-0.31115951355381544,0.1023781222499104,Education,1.463771671497661,0.721871256147125,1.1975230547141742,-0.6333835136133069,2017-09-08,0,Morena,Punjab,NRI,False,4,25213.428333333333,247762.635,6.52,4.820833333333334,6.12,0,2017,9,8,4,3274,0.0,0,0.0,0.0,0.0,0.0,1.0,0.0,0.0,Very Low,High,1,3,1,2.4165675065608125,27.833333333333332,17.7797786867308
CUST00892,-1.6451517079136062,Male,West,Graduate,Self-Employed,-0.11970268313257464,0.08711699248543751,Home,1.734958919757668,-0.4354373709424541,0.28324647102520883,0.7320041398130942,2017-06-03,1,Bidar,Jharkhand,Current,True,4,29279.936666666665,279577.9033333333,6.52,4.820833333333334,6.12,0,2017,6,3,5,3371,2.0,1,0.0,0.0,1.0,0.0,0.0,1.0,0.0,Very Low,Medium,1,2,0,1.7729205282016987,19.333333333333332,39.94584897869793
CUST00893,0.0,Female,West,Post-Graduate,Self-Employed,-0.4851949977001108,-0.3506770622092666,Car,1.0597042428885903,1.0111984129195197,0.5342243567437484,0.7002990303423681,2021-11-15,0,Bilaspur,Nagaland,Savings,False,4,20313.085,327504.1066666667,6.52,4.820833333333334,6.12,0,2021,11,15,0,1745,3.0,0,0.0,0.0,1.0,1.0,0.0,0.0,0.0,Very Low,High,1,2,0,2.3728304961984983,21.666666666666668,39.431139706661504
CUST00894,-1.0647302024660896,Male,South,Secondary,Self-Employed,-0.20831368708064485,-0.6969221617267822,Education,-1.2116857685048295,-0.14611021417005934,-0.20078230857483167,-1.5947769072995055,2020-08-02,1,Orai,Goa,NRI,False,4,23615.076666666664,191505.52666666664,6.52,4.820833333333334,6.12,0,2020,8,2,6,2215,1.0,1,0.0,1.0,0.0,0.0,1.0,0.0,0.0,Very Low,Medium,0,1,3,0.8554370972161914,14.833333333333334,2.1722598336025425
CUST00895,0.01319545050786959,Female,East,Graduate,Salaried,-0.08929580268907737,-0.507178679385081,Car,-0.2822931416442966,0.721871256147125,-0.20078230857483167,-0.15817170922183085,2024-08-06,1,Giridih,Jharkhand,Current,False,5,23070.89333333333,260545.58166666667,6.52,4.820833333333334,6.12,0,2024,8,6,1,750,2.0,0,0.0,0.0,0.0,1.0,0.0,0.0,0.0,Very Low,High,0,1,3,0.9606260311747159,14.833333333333334,25.49449489445414
CUST00896,-0.23555662325535176,Female,North,Graduate,Self-Employed,-0.20296625744817376,0.27967752865885326,Business,0.2015671898376641,0.14321694260233545,1.6456978506401378,-1.0189556622539253,2023-08-08,1,Warangal,Nagaland,NRI,False,6,21097.786666666667,216537.89666666664,6.52,4.820833333333334,6.12,0,2023,8,8,1,1114,2.0,0,1.0,0.0,0.0,0.0,0.0,0.0,0.0,Very Low,High,0,3,1,2.279224053243969,32.0,11.520296752830747
CUST00897,1.2569558193239765,Male,South,Graduate,Salaried,-0.5436847458638344,-0.8581862957125628,Home,-0.9930710635167246,1.5898527264643094,1.3588659812475212,-1.087583980034588,2017-08-24,0,Udupi,Andhra Pradesh,Savings,False,2,26952.555000000004,278324.98833333334,6.52,4.820833333333334,6.12,0,2017,8,24,3,3289,2.0,1,0.0,1.0,0.0,0.0,0.0,1.0,0.0,Very Low,High,0,3,1,1.2688031330922107,29.333333333333332,10.406166189156638
CUST00898,-0.9818128445450158,Female,West,Secondary,Salaried,-0.19839968555639712,-0.3916523148435697,Business,0.07524557828972145,-0.4354373709424541,-1.6349416555379148,1.9276547651531803,2017-04-22,1,Muzaffarpur,Punjab,Current,False,5,26916.653333333332,367039.94333333336,6.52,4.820833333333334,6.12,0,2017,4,22,5,3413,1.0,0,0.0,0.0,1.0,0.0,0.0,0.0,0.0,Very Low,Medium,0,0,2,1.2867903758162529,1.5,59.35636271771894
CUST00899,-0.06972190741320419,Male,North,Secondary,Salaried,0.5470836496223205,0.3704094425785362,Business,0.01567720828775188,-1.3034188412596384,0.37288143021040154,-0.7676240991783633,2022-07-13,0,Katihar,Mizoram,Savings,False,3,21041.196666666667,321648.39166666666,6.52,4.820833333333334,6.12,0,2022,7,13,2,1505,1.0,1,1.0,0.0,0.0,0.0,0.0,0.0,0.0,Very Low,Low,0,2,0,1.1276210912256688,20.166666666666668,15.600480925979324
CUST00900,-0.40139133909749936,Female,North,Graduate,Salaried,-0.0946674267595785,-0.3205975461149922,Business,1.1281376500102462,-0.7247645277148489,0.8927641934845192,-1.0266984353380584,2023-11-21,0,Tiruppur,Goa,NRI,False,5,24749.75333333333,210538.93999999997,6.52,4.820833333333334,6.12,0,2023,11,21,1,1009,2.0,0,1.0,0.0,0.0,0.0,0.0,0.0,0.0,Very Low,Medium,1,3,1,1.2020911826948928,25.0,11.394598492701505
CUST00901,-1.5622343499925324,Male,North,Graduate,Salaried,0.01146148298620203,1.6924625777787194,Business,-0.5296098572060771,-1.3034188412596384,0.9465451689956348,0.2551311569789332,2023-07-01,1,Vadodara,Uttar Pradesh,Current,True,3,27355.533333333336,301688.98,6.52,4.820833333333334,6.12,1,2023,7,1,5,1152,2.0,1,1.0,0.0,0.0,0.0,0.0,0.0,0.0,Very Low,Low,0,3,1,4.650942720055947,25.5,32.2041647534774
CUST00902,-1.2305649183082372,Male,North,Primary,Self-Employed,-0.35326089326799937,-0.857601092117985,Car,1.211070368484952,-1.0140916844872436,-0.43383320245633267,1.2332612070137217,2025-12-29,1,Muzaffarnagar,Jharkhand,Savings,False,4,28712.945000000003,265412.06,6.52,4.820833333333334,6.12,0,2025,12,29,0,240,0.0,1,1.0,0.0,0.0,1.0,0.0,0.0,0.0,Very Low,Low,1,1,3,0.7944306247492426,12.666666666666666,48.08339098593076
CUST00903,1.5886252510082715,Female,North,Graduate,Salaried,0.057240511496689156,-0.6569748598008056,Other,-1.010538181138386,1.0111984129195197,-0.3979792187822556,-1.1466379983122097,2025-05-18,0,Etawah,Kerala,Current,True,5,34554.45666666667,219232.88,6.52,4.820833333333334,6.12,0,2025,5,18,6,465,2.0,0,1.0,0.0,0.0,0.0,0.0,0.0,1.0,Very Low,High,0,1,3,0.6500990534935353,13.0,9.447467377958224
CUST00904,1.2569558193239765,Male,East,Primary,Salaried,-0.16875435082090257,-0.9405439766621063,Car,-0.8643681851358884,1.5898527264643094,-0.8103000310341419,-0.9679400498693287,2024-04-01,1,Rewa,Karnataka,Savings,True,4,26783.399999999998,287028.2916666667,6.52,4.820833333333334,6.12,0,2024,4,1,0,877,0.0,1,0.0,0.0,0.0,1.0,0.0,0.0,0.0,Very Low,High,0,1,2,0.4382848790254696,9.166666666666666,12.348497921390434
CUST00905,1.1740384614029027,Female,South,Graduate,Salaried,-0.5302984271822193,1.4369362589987198,Education,-0.40502110009243686,-1.0140916844872436,1.3050850057364056,0.0838784527298225,2021-07-16,0,Kozhikode,West Bengal,NRI,False,4,25782.173333333336,278515.0233333334,6.52,4.820833333333334,6.12,0,2021,7,16,4,1867,2.0,0,0.0,1.0,0.0,0.0,1.0,0.0,0.0,Very Low,Low,0,3,1,7.904038242793736,28.833333333333332,29.42400230616854
CUST00906,-1.5622343499925324,Male,West,Secondary,Salaried,-0.3132912960074207,-0.6518832651873205,Business,0.04254817056780041,-0.7247645277148489,-1.2943288106341826,2.1614580133540464,2019-11-19,1,Belgaum,Bihar,Savings,True,3,22341.395,217211.62666666668,6.52,4.820833333333334,6.12,1,2019,11,19,1,2472,1.0,1,0.0,0.0,1.0,0.0,0.0,0.0,0.0,Very Low,Medium,0,0,2,0.9779676271145098,4.666666666666667,63.15198751416799
CUST00907,-0.7330607707817945,Male,West,Post-Graduate,Unemployed,-0.5383024502218733,-0.9053448235195577,Education,-2.5391334759449697,-0.14611021417005934,1.0003261445067504,0.1410017050168147,2024-06-06,0,Madanapalle,Manipur,Savings,True,4,31876.711666666666,243235.735,6.52,4.820833333333334,6.12,0,2024,6,6,3,811,3.0,1,0.0,0.0,1.0,0.0,1.0,0.0,0.0,Very Low,Medium,0,3,1,1.1068730588860747,26.0,30.35135654312956
CUST00908,1.5886252510082715,Male,South,Secondary,Salaried,-0.4606896382582886,-0.5387748295072626,Car,0.2145424042831174,1.5898527264643094,-1.043350924915643,1.75600524341856,2023-01-08,1,Satara,Bihar,NRI,False,3,17538.475000000002,309699.1583333333,6.52,4.820833333333334,6.12,0,2023,1,8,6,1326,1.0,1,0.0,1.0,0.0,1.0,0.0,0.0,0.0,Very Low,High,0,0,2,1.7749170665656517,7.0,56.56975822865379
CUST00909,0.6765343138764599,Female,South,Secondary,Salaried,-0.20514100424726553,2.715766337588855,Business,1.783099874047855,-1.0140916844872436,-0.9357889738934118,2.226197898185793,2025-05-09,0,Haridwar,Telangana,Current,False,6,28806.961666666666,126550.11499999999,6.52,4.820833333333334,6.12,0,2025,5,9,4,474,1.0,0,0.0,1.0,0.0,0.0,0.0,0.0,0.0,Very Low,Low,1,0,2,5.86751356689586,8.0,64.20299221182523
CUST00910,0.09611280842894337,Male,South,Secondary,Salaried,-0.16124323131561533,-0.5361399745969045,Car,0.37951725742399806,1.0111984129195197,1.591916875129022,0.29420077555517626,2017-12-20,1,Sambhal,Telangana,NRI,True,3,25524.108333333334,247052.07833333334,6.52,4.820833333333334,6.12,0,2017,12,20,2,3171,1.0,1,0.0,1.0,0.0,1.0,0.0,0.0,0.0,Very Low,High,0,3,1,1.0194390402649054,31.5,32.83843144650637
CUST00911,0.0,Male,East,Secondary,Salaried,-0.5744132015152397,-0.25401559220444153,Business,-0.22829946383867855,-1.5927459980320333,1.6277708588030992,0.5922509564855483,2020-03-10,1,Phagwara,Andhra Pradesh,NRI,True,5,25276.09,187620.99166666667,6.52,4.820833333333334,6.12,0,2020,3,10,1,2360,1.0,1,0.0,0.0,0.0,0.0,0.0,0.0,0.0,Very Low,None,0,3,1,3.435400205888337,31.833333333333332,37.67705822363964
CUST00912,0.6765343138764599,Male,South,Post-Graduate,Salaried,0.24110991738012846,0.22123487500619254,Car,-1.1438166656347812,-1.5927459980320333,1.1795960628771358,-0.5919352232419179,2018-02-03,1,Kottayam,Tripura,NRI,False,3,26328.59833333333,202954.97666666665,6.52,4.820833333333334,6.12,0,2018,2,3,5,3126,3.0,1,0.0,1.0,0.0,1.0,0.0,0.0,0.0,Very Low,None,0,3,1,1.3100479073106621,27.666666666666668,18.452661377260853
CUST00913,0.5936169559553861,Male,East,Post-Graduate,Self-Employed,-0.03575940105330595,-0.3586010625002237,Home,-0.11089411481733824,0.721871256147125,-0.38005222694521706,0.8559053208378848,2016-08-29,0,Gandhidham,Nagaland,Current,False,5,28353.906666666666,168471.13,6.52,4.820833333333334,6.12,0,2016,8,29,0,3649,3.0,1,0.0,0.0,0.0,0.0,0.0,1.0,0.0,Very Low,High,0,1,3,1.071923368787261,13.166666666666666,41.9572940660775
CUST00914,-1.1476475603871634,Other,South,Secondary,Salaried,-0.4775964082226249,-0.26212841232324613,Other,-1.7288289352829465,0.721871256147125,-0.021512390204446296,-0.8564371594537458,2017-08-24,1,Warangal,Andhra Pradesh,Current,True,4,26692.308333333334,303022.3133333333,6.52,4.820833333333334,6.12,0,2017,8,24,3,3289,1.0,2,0.0,1.0,0.0,0.0,0.0,0.0,1.0,Very Low,High,0,2,3,2.5484031561376757,16.5,14.158665825360387
CUST00915,0.0,Other,East,Graduate,Salaried,-0.6285412827872218,-0.5275104494653259,Other,-0.144669739137983,-0.4354373709424541,-1.312255802471221,-0.9472172644744393,2017-08-12,1,Hapur,Odisha,NRI,True,5,23718.031666666666,296006.61,6.52,4.820833333333334,6.12,0,2017,8,12,5,3301,2.0,2,0.0,0.0,0.0,0.0,0.0,0.0,1.0,Very Low,Medium,0,0,2,3.1010097441942968,4.5,12.68491719144591
CUST00916,0.9252863876396813,Male,South,Graduate,Salaried,-0.32438890740988074,-0.805904974732147,Business,2.1995903900147247,0.721871256147125,0.4983703730696713,1.048978342710355,2025-02-09,1,Ulhasnagar,Uttarakhand,NRI,False,5,22241.59833333333,296931.87333333335,6.52,4.820833333333334,6.12,0,2025,2,9,6,563,2.0,1,0.0,1.0,0.0,0.0,0.0,0.0,0.0,Very Low,High,1,2,0,0.8445786488786503,21.333333333333332,45.09169341674394
CUST00917,-0.152639265334278,Female,South,Post-Graduate,Self-Employed,-0.4131287598591328,-0.8783870248650053,Home,-2.854000273833155,1.3005255696919145,-0.18285531673779315,-0.6957058247947554,2019-04-05,1,Thane,Haryana,Current,False,3,31662.035,228569.61666666667,6.52,4.820833333333334,6.12,0,2019,4,5,4,2700,3.0,0,0.0,1.0,0.0,0.0,0.0,1.0,0.0,Very Low,High,0,1,3,0.8558012358747844,15.0,16.76802152975113
CUST00918,0.5936169559553861,Male,West,Graduate,Self-Employed,-0.23446464378290052,-0.44167394462689274,Education,0.7259439015689608,0.14321694260233545,-0.9537159657304503,0.18878179157384603,2025-09-12,1,Kharagpur,Goa,NRI,False,6,24990.2,264155.305,6.52,4.820833333333334,6.12,0,2025,9,12,4,348,2.0,1,0.0,0.0,1.0,0.0,1.0,0.0,0.0,Very Low,High,1,0,2,1.2838499927974178,7.833333333333333,31.12703131543445
CUST00919,0.5936169559553861,Female,West,Secondary,Salaried,-0.3902889782810096,-0.23158869573970678,Home,-0.7175749246703627,0.721871256147125,-1.007496941241566,0.6784586693241994,2018-01-20,0,Durgapur,Andhra Pradesh,Savings,True,4,32058.285000000003,256032.975,6.52,4.820833333333334,6.12,0,2018,1,20,5,3140,1.0,0,0.0,0.0,1.0,0.0,0.0,1.0,0.0,Very Low,High,0,0,2,2.138655349155791,7.333333333333333,39.07657741344332
CUST00920,-0.06972190741320419,Female,North,Graduate,Salaried,-0.6857451647413503,-0.472034905183287,Business,-0.3590657961336578,1.5898527264643094,-0.8820079983822962,-0.6622235143363778,2021-03-20,1,Madanapalle,Mizoram,Savings,True,4,26934.24166666667,167504.38666666666,6.52,4.820833333333334,6.12,0,2021,3,20,5,1985,2.0,0,1.0,0.0,0.0,0.0,0.0,0.0,0.0,Very Low,High,0,1,2,4.415552962328764,8.5,17.31158236047595
CUST00921,-1.72806906583468,Female,West,Graduate,Salaried,-0.3973668942938225,-0.8709178494785768,Home,-0.9899328385235124,0.14321694260233545,1.3050850057364056,-1.1157195626772525,2017-11-30,1,Amravati,Andhra Pradesh,Current,False,5,23537.941666666666,328183.3416666667,6.52,4.820833333333334,6.12,0,2017,11,30,3,3191,2.0,0,0.0,0.0,1.0,0.0,0.0,1.0,0.0,Very Low,High,0,3,1,0.8422586543150987,28.833333333333332,9.949405575423455
CUST00922,1.008203745560755,Male,South,Primary,Self-Employed,-0.3737530498056323,-0.1687954623699284,Education,-1.4401270840951919,0.721871256147125,1.4126469567586368,-1.5067938967604666,2025-02-11,0,Kurnool,Goa,NRI,True,6,23531.565,294716.0283333333,6.52,4.820833333333334,6.12,0,2025,2,11,1,561,0.0,1,0.0,1.0,0.0,0.0,1.0,0.0,0.0,Very Low,High,0,3,1,2.190345610667185,29.833333333333332,3.6005996836174115
CUST00923,0.0,Female,West,Graduate,Self-Employed,-0.004644970170586865,0.9850563059459796,Business,0.12401492191194427,-1.3034188412596384,-1.3660367779823366,-0.871464826072692,2026-05-07,1,Giridih,Chhattisgarh,Current,False,3,30980.34833333333,244996.70166666666,6.52,4.820833333333334,6.12,0,2026,5,7,3,111,2.0,0,0.0,0.0,1.0,0.0,0.0,0.0,0.0,Very Low,Low,0,0,2,2.5458100761419606,4.0,13.91470264482049
CUST00924,-0.6501434128607207,Male,West,Secondary,Salaried,-0.4760900368538347,-0.3306487750603898,Other,0.26770987491667153,1.3005255696919145,0.22946549551409323,2.2815295259101567,2016-11-05,1,Karawal Nagar,Gujarat,NRI,False,4,32215.411666666667,166917.74166666667,6.52,4.820833333333334,6.12,0,2016,11,5,5,3581,1.0,1,0.0,0.0,1.0,0.0,0.0,0.0,1.0,Very Low,High,0,2,0,2.366900154068744,18.833333333333332,65.10126073390347
CUST00925,1.2569558193239765,Other,South,Graduate,Salaried,0.7424390859327411,-0.5267372751604553,Home,0.6925487811846506,1.3005255696919145,1.7353328098253304,-0.8598708691332273,2022-12-25,1,Shahjahanpur,Arunachal Pradesh,Savings,False,4,32827.799999999996,239145.795,6.52,4.820833333333334,6.12,0,2022,12,25,6,1340,2.0,2,0.0,1.0,0.0,0.0,0.0,1.0,0.0,Very Low,High,1,3,1,0.4506907862452105,32.833333333333336,14.102922059165786
CUST00926,1.091121103481829,Male,North,Primary,Unemployed,-0.5332164729718203,-0.3047000842412789,Other,-1.7730585669089995,0.4325440993747302,-0.5055411698044868,-1.4533847547285035,2021-02-11,1,Madanapalle,Punjab,NRI,False,3,36058.013333333336,299497.14666666667,6.52,4.820833333333334,6.12,1,2021,2,11,3,2022,0.0,1,1.0,0.0,0.0,0.0,0.0,0.0,1.0,Very Low,High,0,1,3,1.5219126171973845,12.0,4.467658056046122
CUST00927,0.17903016635001717,Female,South,Graduate,Self-Employed,-0.47931784615867473,-0.6996995331880593,Other,0.9079685402887699,0.14321694260233545,-1.2943288106341826,1.7100727062931804,2025-07-07,0,Anantapuram,Chhattisgarh,Savings,True,4,23903.626666666667,296319.76666666666,6.52,4.820833333333334,6.12,1,2025,7,7,0,415,2.0,0,0.0,1.0,0.0,0.0,0.0,0.0,1.0,Very Low,High,1,0,2,0.9030520757545945,4.666666666666667,55.82407707059252
CUST00928,-1.72806906583468,Female,East,Graduate,Unemployed,-0.3493763010056521,-0.7179969499349914,Car,0.9266526644997062,-0.14611021417005934,-1.07920490858972,-1.01278372474718,2020-07-23,1,Bongaigaon,Kerala,Savings,True,4,31586.925,291596.49333333335,6.52,4.820833333333334,6.12,0,2020,7,23,3,2225,2.0,0,0.0,0.0,0.0,1.0,0.0,0.0,0.0,Very Low,Medium,1,0,2,1.0514080106625023,6.666666666666667,11.62049364582947
CUST00929,-1.313482276229311,Female,East,Graduate,Self-Employed,0.11973007522129712,-0.021352180223728305,Education,0.4370960472289951,-0.4354373709424541,-0.9178619820563731,0.6525219781080706,2021-03-08,1,Purnia,Manipur,Current,True,3,30650.48833333333,284004.94,6.52,4.820833333333334,6.12,0,2021,3,8,0,1997,2.0,0,0.0,0.0,0.0,0.0,1.0,0.0,0.0,Very Low,Medium,0,0,2,1.2336164669910172,8.166666666666666,38.65551419436775
CUST00930,-1.4793169920714586,Male,South,Primary,Salaried,-0.2468807016897809,0.3666741632626209,Home,-0.4486004127595378,-0.7247645277148489,0.6059323240919026,-1.421164547897481,2016-08-26,0,Korba,Madhya Pradesh,NRI,False,3,24215.533333333336,306274.9583333333,6.52,4.820833333333334,6.12,0,2016,8,26,4,3652,0.0,1,0.0,1.0,0.0,0.0,0.0,1.0,0.0,Very Low,Medium,0,2,0,2.5786608599286653,22.333333333333332,4.990729557129281
CUST00931,0.0,Female,North,Graduate,Salaried,0.29919265639294884,-0.34586563409827353,Other,0.3155089831774134,0.14321694260233545,-1.2226208432860284,0.38010899720947944,2021-10-12,1,Orai,Nagaland,Savings,False,5,27350.688333333335,255315.74333333332,6.52,4.820833333333334,6.12,0,2021,10,12,1,1779,2.0,0,1.0,0.0,0.0,0.0,0.0,0.0,1.0,Very Low,High,0,0,2,0.7731458168118812,5.333333333333333,34.23308861589597
CUST00932,-1.72806906583468,Male,West,Graduate,Self-Employed,-0.3970925821598813,-0.9028979763653103,Other,-0.175688229882443,-1.0140916844872436,1.0361801281808274,1.5244467948286191,2021-05-10,0,Gorakhpur,Odisha,NRI,False,4,35383.21666666667,193894.1133333333,6.52,4.820833333333334,6.12,0,2021,5,10,0,1934,2.0,1,0.0,0.0,1.0,0.0,0.0,0.0,1.0,Very Low,Low,0,3,1,0.775321012598017,26.333333333333332,52.81057611267155
CUST00933,0.0,Female,West,Graduate,Salaried,1.7821617745447873,-0.08139123126842154,Education,1.007012549679566,0.4325440993747302,-1.312255802471221,-0.9813145778941182,2024-04-07,0,Agartala,Arunachal Pradesh,NRI,True,3,28404.841666666664,317358.395,6.52,4.820833333333334,6.12,1,2024,4,7,6,871,2.0,0,0.0,0.0,1.0,0.0,1.0,0.0,0.0,Low,High,1,0,2,1.8717790234119678,4.5,12.131372237284966
CUST00934,0.7594516717975337,Male,East,Graduate,Salaried,0.5122876876729574,1.5387643205614299,Other,-0.3915929911651285,-1.3034188412596384,1.2154500465512128,-1.0972075261011505,2017-07-25,1,Akola,Madhya Pradesh,NRI,False,4,25108.414999999997,157420.37,6.52,4.820833333333334,6.12,0,2017,7,25,1,3319,2.0,1,0.0,0.0,0.0,0.0,0.0,0.0,1.0,Very Low,Low,0,3,1,1.9766118518483335,28.0,10.24993495472728
CUST00935,1.1740384614029027,Male,North,Graduate,Salaried,-0.40912553919296174,-0.3898162054097508,Other,0.105563796040419,-1.5927459980320333,-0.09322035755260046,0.21215048899503292,2019-03-10,1,Nanded,Sikkim,Current,True,3,33170.63333333333,247489.82333333333,6.52,4.820833333333334,6.12,1,2019,3,10,6,2726,2.0,1,1.0,0.0,0.0,0.0,0.0,0.0,1.0,Very Low,None,0,1,3,1.3885579784193245,15.833333333333334,31.506405032759236
CUST00936,-1.0647302024660896,Male,South,Post-Graduate,Salaried,-0.19232687034982435,-0.3600572606607029,Other,-1.8286632348441543,1.3005255696919145,0.6776402914400567,-0.4346383951138067,2018-03-05,1,Bulandshahr,Sikkim,NRI,True,5,26458.358333333334,263079.67833333334,6.52,4.820833333333334,6.12,0,2018,3,5,0,3096,3.0,1,0.0,1.0,0.0,0.0,0.0,0.0,1.0,Very Low,High,0,2,0,1.3206620435962915,23.0,21.00626037915715
CUST00937,1.5886252510082715,Male,North,Secondary,Self-Employed,-0.138084689465367,-0.6288880315937166,Other,0.3122288751836053,-1.3034188412596384,1.1975230547141742,0.6793816066796129,2025-07-03,1,Tezpur,Sikkim,Current,True,5,42705.098333333335,218242.30166666667,6.52,4.820833333333334,6.12,1,2025,7,3,3,419,1.0,1,1.0,0.0,0.0,0.0,0.0,0.0,1.0,Very Low,Low,0,3,1,1.0139951272801073,27.833333333333332,39.09156062663104
CUST00938,0.09611280842894337,Male,West,Post-Graduate,Salaried,-0.5460132055864585,-0.0024275203186769198,Car,-0.7928332876396136,0.721871256147125,0.12190354449186201,1.3186970134615152,2026-01-29,1,Purnia,Karnataka,Savings,True,6,27436.74666666667,231886.28166666665,6.52,4.820833333333334,6.12,0,2026,1,29,3,209,3.0,1,0.0,0.0,1.0,1.0,0.0,0.0,0.0,Very Low,High,0,2,0,3.8955361817305922,17.833333333333332,49.47037883983461
CUST00939,0.7594516717975337,Male,North,Graduate,Unemployed,-0.024043260375354106,-0.5602308845118572,Car,0.5292558088362384,-0.4354373709424541,-1.043350924915643,-0.013293831934202046,2017-08-09,0,Patna,Gujarat,Savings,True,5,25602.440000000002,374515.87833333336,6.52,4.820833333333334,6.12,0,2017,8,9,2,3304,2.0,1,1.0,0.0,0.0,1.0,0.0,0.0,0.0,Very Low,Medium,0,0,2,0.824652364777097,7.0,27.84648130919117
CUST00940,0.0,Male,East,Primary,Salaried,-0.6138939947765364,0.3924858347684036,Business,0.8183492985760957,1.3005255696919145,1.1975230547141742,1.5070477682633396,2021-11-25,1,Tinsukia,Rajasthan,Current,True,5,27673.36333333333,243830.64666666664,6.52,4.820833333333334,6.12,1,2021,11,25,3,1735,0.0,1,0.0,0.0,0.0,0.0,0.0,0.0,0.0,Very Low,High,1,3,1,2.6142201038915074,27.833333333333332,52.52811563715021
CUST00941,-0.06972190741320419,Female,South,Primary,Salaried,-0.3202698835599393,-0.5554174762241592,Home,-0.6466081143854252,0.4325440993747302,-0.03943938204148483,0.9991702358722543,2018-08-09,1,Amaravati,Madhya Pradesh,Current,False,5,23637.271666666667,280637.0983333333,6.52,4.820833333333334,6.12,0,2018,8,9,3,2939,0.0,0,0.0,1.0,0.0,0.0,0.0,1.0,0.0,Very Low,High,0,2,3,1.284668070476651,16.333333333333332,44.28309521790087
CUST00942,-1.5622343499925324,Female,East,Secondary,Self-Employed,-0.24964805199962412,-0.08827516032178061,Education,0.025070497410966154,-1.0140916844872436,-0.774446047360065,-1.0810486773351669,2021-05-21,1,Indore,Punjab,Current,True,3,16235.345,280993.5366666667,6.52,4.820833333333334,6.12,0,2021,5,21,4,1923,1.0,0,0.0,0.0,0.0,0.0,1.0,0.0,0.0,Very Low,Low,0,1,3,1.8729573546097318,9.5,10.51226205039511
CUST00943,0.34486488219216477,Male,East,Graduate,Salaried,-0.6232623581352921,-0.2978032348596245,Business,0.17519807441882043,0.14321694260233545,-1.043350924915643,-0.2349365989635777,2018-03-26,1,Patna,Uttar Pradesh,NRI,True,5,24538.649999999998,208755.92166666666,6.52,4.820833333333334,6.12,0,2018,3,26,0,3075,2.0,1,0.0,0.0,0.0,0.0,0.0,0.0,0.0,Very Low,High,0,0,2,3.962741464746202,7.0,24.24827303379749
CUST00944,-1.313482276229311,Male,West,Graduate,Self-Employed,-0.4942880602948435,0.9027121961916984,Car,0.37798019482446854,-1.3034188412596384,1.6277708588030992,-1.1291200560472687,2018-09-03,1,Orai,Himachal Pradesh,Savings,False,3,25252.925,328496.12666666665,6.52,4.820833333333334,6.12,0,2018,9,3,0,2914,2.0,1,0.0,0.0,1.0,1.0,0.0,0.0,0.0,Very Low,Low,0,3,1,5.7249961162366585,31.833333333333332,9.731858362921995
CUST00945,-0.152639265334278,Male,North,Graduate,Self-Employed,0.45623742117050436,-0.04738680779012904,Car,0.8198504321948272,0.4325440993747302,-0.9537159657304503,0.6380121340597866,2017-11-11,1,Jodhpur,Madhya Pradesh,Current,False,2,28480.61666666667,189633.46333333335,6.52,4.820833333333334,6.12,0,2017,11,11,5,3210,2.0,1,1.0,0.0,0.0,1.0,0.0,0.0,0.0,Very Low,High,1,0,2,0.8995069079157871,7.833333333333333,38.41995748467242
CUST00946,0.0,Male,North,Graduate,Salaried,0.13551817340834318,0.7270644044136357,Car,0.682775871790148,0.14321694260233545,0.12190354449186201,0.35369485557133123,2020-02-05,1,Patiala,Madhya Pradesh,NRI,False,3,21804.565,255367.41,6.52,4.820833333333334,6.12,0,2020,2,5,2,2394,2.0,1,1.0,0.0,0.0,1.0,0.0,0.0,0.0,Very Low,High,1,2,0,1.938245134813232,17.833333333333332,33.80427433829219
CUST00947,1.5886252510082715,Female,North,Graduate,Salaried,-0.29721795900824177,-0.21898778269811936,Business,-0.4055742308142963,1.5898527264643094,0.31910045469928594,-0.23557968417308564,2026-07-02,0,Hajipur,Haryana,Current,True,5,32069.99,190756.89,6.52,4.820833333333334,6.12,0,2026,7,2,3,55,2.0,0,1.0,0.0,0.0,0.0,0.0,0.0,0.0,Very Low,High,0,2,0,1.8073921022015984,19.666666666666668,24.237833015593203
CUST00948,0.09611280842894337,Female,West,Secondary,Salaried,-0.18361360354168832,-0.35679705034195336,Car,1.666795021154797,-0.4354373709424541,-1.6528686473749532,-0.6067282492363082,2019-07-28,0,Kurnool,Telangana,Savings,False,6,31830.286666666667,234840.67,6.52,4.820833333333334,6.12,0,2019,7,28,6,2586,1.0,0,0.0,0.0,1.0,1.0,0.0,0.0,0.0,Very Low,Medium,1,0,2,1.3083241187824284,1.3333333333333333,18.21250741571031
CUST00949,-0.567226054939647,Male,West,Secondary,Salaried,3.9722319632852994,-0.29380687686278883,Business,0.7801775667313335,1.5898527264643094,-1.6349416555379148,-0.6742539951988983,2018-04-16,1,Amroha,Uttar Pradesh,NRI,True,4,22078.115,268463.75666666665,6.52,4.820833333333334,6.12,1,2018,4,16,0,3054,1.0,1,0.0,0.0,1.0,0.0,0.0,0.0,0.0,High,High,1,0,2,1.53897941623793,1.5,17.116276299390954
CUST00950,0.7594516717975337,Male,East,Graduate,Salaried,0.4606011014712678,-0.595288662776547,Car,1.4644228083657995,1.3005255696919145,-0.5055411698044868,-0.7861190772473939,2023-06-06,1,Hubli–Dharwad,Kerala,Current,False,2,25954.135,242972.28,6.52,4.820833333333334,6.12,0,2023,6,6,1,1177,2.0,1,0.0,0.0,0.0,1.0,0.0,0.0,0.0,Very Low,High,1,1,3,0.4967546082154304,12.0,15.300228479065996
CUST00951,-1.4793169920714586,Male,East,Primary,Self-Employed,-0.34196041829841833,0.03002094523470837,Other,0.3556066562110458,-0.7247645277148489,0.48044338123263275,0.01885793896036138,2019-03-07,1,Allahabad,Punjab,NRI,False,3,25029.91333333333,202252.12166666667,6.52,4.820833333333334,6.12,0,2019,3,7,3,2729,0.0,1,0.0,0.0,0.0,0.0,0.0,0.0,1.0,Very Low,Medium,0,2,0,2.4254923010518445,21.166666666666668,28.36844180288076
CUST00952,-0.898895486623942,Female,East,Secondary,Self-Employed,-0.18818586643804944,-0.5671322394031155,Other,0.41751831188677385,-1.5927459980320333,1.3767929730845596,-1.0188585091661349,2020-06-06,1,Gopalpur,Tamil Nadu,Savings,True,3,22974.146666666667,150270.13166666668,6.52,4.820833333333334,6.12,0,2020,6,6,5,2272,1.0,0,0.0,0.0,0.0,0.0,0.0,0.0,1.0,Very Low,None,0,3,1,1.0158307593037763,29.5,11.521873962180516
CUST00953,-1.6451517079136062,Other,North,Graduate,Self-Employed,0.3037100207457269,-0.21695644070888212,Home,-0.13037127214918842,-0.4354373709424541,-0.29041726776002436,-0.5011783606136616,2020-11-30,1,Dibrugarh,West Bengal,Savings,False,5,32014.26833333333,270289.77499999997,6.52,4.820833333333334,6.12,0,2020,11,30,0,2095,2.0,2,1.0,0.0,0.0,0.0,0.0,1.0,0.0,Very Low,Medium,0,1,3,0.8768742715649676,14.0,19.926032687927076
CUST00954,-0.48430869701857315,Male,West,Graduate,Salaried,-0.49396511172219476,0.2593554339596999,Car,-0.4724990984420294,1.5898527264643094,1.018253136343789,-0.9547018845618139,2025-05-14,1,Solapur,Tripura,NRI,True,3,19985.465,299769.785,6.52,4.820833333333334,6.12,0,2025,5,14,2,469,2.0,1,0.0,0.0,1.0,1.0,0.0,0.0,0.0,Very Low,High,0,3,1,4.030972750203526,26.166666666666668,12.563409856478378
CUST00955,0.7594516717975337,Male,South,Post-Graduate,Unemployed,0.6311249715904262,0.9339130976655687,Home,1.0141591006113249,0.721871256147125,-1.5273797045156834,2.234304322915204,2019-09-05,1,Guntakal,Meghalaya,Savings,True,5,25958.03833333333,141336.47,6.52,4.820833333333334,6.12,0,2019,9,5,3,2547,3.0,1,0.0,1.0,0.0,0.0,0.0,1.0,0.0,Very Low,High,1,0,2,1.4283172003603415,2.5,64.3345940905428
CUST00956,1.422790535166124,Female,South,Post-Graduate,Self-Employed,-0.6281855123960334,-0.1899287524628052,Business,0.2695820754842623,1.0111984129195197,1.089961103691943,-0.867303342905316,2023-12-17,1,Tumkur,Arunachal Pradesh,Current,True,4,22005.813333333335,279105.89166666666,6.52,4.820833333333334,6.12,1,2023,12,17,6,983,3.0,0,0.0,1.0,0.0,0.0,0.0,0.0,0.0,Very Low,High,0,3,1,1.701729193437991,26.833333333333332,13.982261281501737
CUST00957,1.754459966850419,Female,East,Graduate,Self-Employed,0.6959424665146844,0.2639726046426942,Home,-0.14542816848617462,-0.7247645277148489,1.1795960628771358,-0.26543501968812994,2017-05-11,1,Tiruvottiyur,Kerala,Savings,False,4,27154.193333333333,321656.8516666666,6.52,4.820833333333334,6.12,0,2017,5,11,3,3394,2.0,0,0.0,0.0,0.0,0.0,0.0,1.0,0.0,Very Low,Medium,0,3,1,0.9539103726099376,27.666666666666668,23.753153471321635
CUST00958,-1.4793169920714586,Male,North,Graduate,Self-Employed,-0.3929831829290319,0.17478007887088734,Car,-1.078901167450566,0.721871256147125,0.821056226136365,-0.7064983523900069,2026-07-03,1,Belgaum,Tripura,NRI,True,2,25220.42,361897.7133333333,6.52,4.820833333333334,6.12,0,2026,7,3,4,54,2.0,1,1.0,0.0,0.0,1.0,0.0,0.0,0.0,Very Low,High,0,2,0,2.987797689086459,24.333333333333332,16.59281273486859
CUST00959,0.5106995980343123,Male,North,Graduate,Salaried,-0.3549917134120167,-0.44910505184113675,Business,1.6215321340522246,1.5898527264643094,0.42666240572151715,0.6122829455402674,2025-04-11,1,Gandhinagar,Mizoram,Current,False,4,22160.913333333334,244611.625,6.52,4.820833333333334,6.12,0,2025,4,11,4,502,2.0,1,1.0,0.0,0.0,0.0,0.0,0.0,0.0,Very Low,High,1,2,0,1.5752578691339634,20.666666666666668,38.00226292016706
CUST00960,-0.48430869701857315,Male,East,Graduate,Self-Employed,-0.6729212006856957,1.5962331100573293,Business,0.1103837947212285,-1.3034188412596384,1.0003261445067504,0.24975654560358257,2021-02-14,1,Alwar,West Bengal,Savings,False,4,30045.838333333333,287689.9116666667,6.52,4.820833333333334,6.12,0,2021,2,14,6,2019,2.0,1,0.0,0.0,0.0,0.0,0.0,0.0,0.0,Very Low,Low,0,3,1,14.700424122612628,26.0,32.11691186728126
CUST00961,1.422790535166124,Female,North,Secondary,Salaried,-0.41550299369477317,-0.5255041861022055,Other,-1.292713196779648,-0.7247645277148489,1.6277708588030992,2.029002674809873,2018-09-01,1,Munger,Uttarakhand,Savings,False,3,30378.603333333333,435010.31666666665,6.52,4.820833333333334,6.12,0,2018,9,1,5,2916,1.0,0,1.0,0.0,0.0,0.0,0.0,0.0,1.0,Very Low,Medium,0,3,1,1.6237567089913834,31.833333333333332,61.00167193357181
CUST00962,0.26194752427109097,Male,East,Graduate,Salaried,-0.5474953862225329,-0.2282645954452685,Business,0.0776956574536374,0.721871256147125,1.2692310220623284,0.17065132439730235,2017-01-27,0,Sirsa,Himachal Pradesh,Savings,False,4,28628.48833333333,105533.64833333333,6.52,4.820833333333334,6.12,0,2017,1,27,4,3498,2.0,1,0.0,0.0,0.0,0.0,0.0,0.0,0.0,Very Low,High,0,3,1,3.2199387172774907,28.5,30.83269643635966
CUST00963,0.0,Male,North,Post-Graduate,Salaried,-0.45457671337360334,0.7954231921696732,Business,-0.21808592817058903,-0.7247645277148489,-1.2584748269601054,-0.15820625345450648,2025-09-28,1,Firozabad,Manipur,NRI,True,2,30743.243333333332,278494.535,6.52,4.820833333333334,6.12,0,2025,9,28,6,332,3.0,1,1.0,0.0,0.0,0.0,0.0,0.0,0.0,Very Low,Medium,0,0,2,4.9117637711787925,5.0,25.49393409409261
CUST00964,-1.3963996341503848,Female,South,Secondary,Unemployed,-0.3219366523369744,6.216083252814687,Home,-0.2610646042351909,-0.4354373709424541,1.3409389894104826,-0.8129213906291579,2022-11-23,1,Pallavaram,Odisha,NRI,True,3,34710.50833333334,198186.46166666667,6.52,4.820833333333334,6.12,0,2022,11,23,2,1372,1.0,0,0.0,1.0,0.0,0.0,0.0,1.0,0.0,Very Low,Medium,0,3,1,29.269506567243468,29.166666666666668,14.865112517004505
CUST00965,0.6765343138764599,Male,South,Graduate,Self-Employed,0.17927891308733196,-0.26767491660890563,Business,-0.49120648529397776,1.3005255696919145,-1.07920490858972,2.464986997444865,2019-04-16,0,Nagercoil,Jharkhand,NRI,True,2,19666.948333333334,300216.12166666664,6.52,4.820833333333334,6.12,0,2019,4,16,1,2689,2.0,1,0.0,1.0,0.0,0.0,0.0,0.0,0.0,Very Low,High,0,0,2,0.9347085852943462,6.666666666666667,68.0795586549518
CUST00966,0.0,Female,South,Graduate,Self-Employed,-0.1979056072787359,0.3667523761286301,Education,-0.21663928429045184,0.4325440993747302,1.2692310220623284,-0.04594622661213301,2018-01-31,1,Hubli–Dharwad,Goa,Savings,False,2,18399.665,268031.985,6.52,4.820833333333334,6.12,0,2018,1,31,2,3129,2.0,0,0.0,1.0,0.0,0.0,1.0,0.0,0.0,Very Low,High,0,3,1,2.3884328018818044,28.5,27.31639355439437
CUST00967,-1.3963996341503848,Male,East,Secondary,Self-Employed,-0.15684696048367847,-0.38094220815305657,Other,-0.3276421732787582,-1.5927459980320333,1.6636248424771762,-0.9180317635454985,2019-03-02,0,Naihati,Maharashtra,NRI,True,4,34994.473333333335,200595.73333333337,6.52,4.820833333333334,6.12,0,2019,3,2,5,2734,1.0,1,0.0,0.0,0.0,0.0,0.0,0.0,1.0,Very Low,None,0,3,1,1.2255618811074769,32.166666666666664,13.158722460941153
CUST00968,-0.6501434128607207,Male,South,Secondary,Salaried,-0.5578147699628659,-0.49191232525891115,Other,1.419648872647026,-1.5927459980320333,0.8569102098104421,2.1438466200867703,2023-12-12,1,Faridabad,Manipur,Savings,True,2,33270.90666666667,224007.07499999998,6.52,4.820833333333334,6.12,0,2023,12,12,1,988,1.0,1,0.0,1.0,0.0,0.0,0.0,0.0,1.0,Very Low,None,1,2,1,2.4916686867438487,24.666666666666668,62.86607942050515
CUST00969,-0.898895486623942,Female,East,Secondary,Unemployed,-0.5160639194315364,-0.7301108716021791,Business,0.2511994714232808,0.721871256147125,0.46251638939559425,1.0978898859313675,2020-12-20,1,Latur,Goa,Savings,False,1,35210.681666666664,205351.47999999998,6.52,4.820833333333334,6.12,0,2020,12,20,6,2075,1.0,0,0.0,0.0,0.0,0.0,0.0,0.0,0.0,Very Low,High,0,2,0,1.5250706450661395,21.0,45.88573656075864
CUST00970,1.008203745560755,Male,South,Primary,Salaried,0.862225655902504,0.16177624572487964,Home,-0.06143022828554721,0.721871256147125,-0.6668840963378336,0.35937106050566614,2021-11-22,0,Pimpri-Chinchwad,Nagaland,NRI,True,5,21084.708333333332,252243.24833333332,6.52,4.820833333333334,6.12,0,2021,11,22,0,1738,0.0,1,0.0,1.0,0.0,0.0,0.0,1.0,0.0,Low,High,0,1,3,0.8046903201591263,10.5,33.896423375417534
CUST00971,0.5936169559553861,Other,East,Primary,Salaried,-0.48454978409593286,0.23953820486946847,Other,0.9654601696494184,-0.7247645277148489,-0.0035853983674077584,-1.2030085412040175,2026-02-01,1,Kozhikode,Sikkim,NRI,False,3,25876.123333333333,348718.57666666666,6.52,4.820833333333334,6.12,0,2026,2,1,6,206,0.0,2,0.0,0.0,0.0,0.0,0.0,0.0,1.0,Very Low,Medium,1,2,3,3.879535150596442,16.666666666666668,8.532332827707577
CUST00972,-0.31847398117642556,Male,West,Post-Graduate,Salaried,-0.48297988027523997,-0.5223628456132253,Other,0.6491702923533871,-1.3034188412596384,-1.6170146637008762,-1.1261490196109105,2025-09-25,0,Ichalkaranji,Odisha,NRI,True,4,26752.73833333333,224402.15833333333,6.52,4.820833333333334,6.12,1,2025,9,25,3,335,3.0,1,0.0,0.0,1.0,0.0,0.0,0.0,1.0,Very Low,Low,1,0,2,1.1808921557416914,1.6666666666666667,9.780090967283876
CUST00973,-0.567226054939647,Male,East,Secondary,Self-Employed,-0.35510182846594296,-0.1312445550348147,Education,-0.11751948979740204,0.721871256147125,0.03226858530666932,0.3843264900886005,2019-09-05,0,Sri Ganganagar,Uttarakhand,Current,False,3,33202.299999999996,239946.59,6.52,4.820833333333334,6.12,0,2019,9,5,3,2547,1.0,1,0.0,0.0,0.0,0.0,1.0,0.0,0.0,Very Low,High,0,2,0,2.1811996329657077,17.0,34.30155652929761
CUST00974,0.0,Female,North,Graduate,Self-Employed,-0.27480602666949666,2.4925477718115463,Business,0.26859021849065134,-0.7247645277148489,-0.7206650718489492,0.6692103124696729,2016-10-13,1,Sambhal,West Bengal,NRI,False,1,14753.135,196382.44333333333,6.52,4.820833333333334,6.12,0,2016,10,13,3,3604,2.0,0,1.0,0.0,0.0,0.0,0.0,0.0,0.0,Very Low,Medium,0,1,3,6.197285267638904,10.0,38.92643710156325
CUST00975,0.6765343138764599,Male,North,Secondary,Salaried,0.2519983106318607,0.5002599266349478,Other,1.7722145156138032,-0.14611021417005934,0.7134942751141338,0.18627716373174444,2018-04-16,0,Surendranagar Dudhrej,Himachal Pradesh,Current,True,6,25809.448333333334,264631.1566666667,6.52,4.820833333333334,6.12,0,2018,4,16,0,3054,1.0,1,1.0,0.0,0.0,0.0,0.0,0.0,1.0,Very Low,Medium,1,2,0,1.538975175201872,23.333333333333332,31.086370513599952
CUST00976,0.0,Female,South,Post-Graduate,Salaried,0.3951028438846367,3.8273709718815305,Other,-1.2181370029944245,1.5898527264643094,-0.03943938204148483,1.6760834727747607,2026-08-07,1,Aurangabad,Mizoram,NRI,False,4,31961.593333333334,240046.64,6.52,4.820833333333334,6.12,0,2026,8,7,4,19,3.0,0,0.0,1.0,0.0,0.0,0.0,0.0,1.0,Very Low,High,0,2,3,3.917914098957411,16.333333333333332,55.27228671460921
CUST00977,1.5057078930871979,Male,East,Secondary,Self-Employed,-0.3132912960074207,0.3759331072778364,Other,-1.6949703809258618,-1.5927459980320333,-1.240547835123067,-0.04325986653551125,2026-01-14,0,Surat,Nagaland,Current,False,4,30187.358333333334,226426.53833333333,6.52,4.820833333333334,6.12,0,2026,1,14,2,224,1.0,1,0.0,0.0,0.0,0.0,0.0,0.0,1.0,Very Low,None,0,0,2,2.90739604182183,5.166666666666667,27.36000464618834
CUST00978,0.4277822401132385,Male,North,Graduate,Salaried,-0.39733797035170193,-0.6366810148376755,Other,0.33480733314768685,1.5898527264643094,1.054107120017866,-0.749125098278719,2019-12-14,0,Deoghar,Tamil Nadu,Savings,True,4,28484.01,355924.02999999997,6.52,4.820833333333334,6.12,0,2019,12,14,5,2447,2.0,1,1.0,0.0,0.0,0.0,0.0,0.0,1.0,Very Low,High,0,3,1,1.3291001764703736,26.5,15.900798680606496
CUST00979,-0.567226054939647,Male,South,Post-Graduate,Self-Employed,-0.09803143849557311,-0.9405439766621063,Home,-1.4261719289750543,0.721871256147125,0.42666240572151715,2.4057433908962977,2018-10-14,1,Bahraich,Chhattisgarh,Savings,False,5,27119.551666666666,150690.60499999998,6.52,4.820833333333334,6.12,1,2018,10,14,6,2873,3.0,1,0.0,1.0,0.0,0.0,0.0,1.0,0.0,Very Low,High,0,2,0,0.36883927786900494,20.666666666666668,67.11778201678625
CUST00980,0.8423690297186075,Male,East,Post-Graduate,Unemployed,-0.14392943921273008,-0.2850361329108971,Car,-2.0257658023723724,-0.4354373709424541,1.3947199649215982,-0.7415930685665159,2017-06-20,1,Sri Ganganagar,Tamil Nadu,Current,False,5,26256.53,186029.77666666664,6.52,4.820833333333334,6.12,0,2017,6,20,1,3354,3.0,1,0.0,0.0,0.0,1.0,0.0,0.0,0.0,Very Low,Medium,0,3,1,1.3324390575930751,29.666666666666668,16.023075676171022
CUST00981,-0.152639265334278,Female,South,Secondary,Salaried,0.13858088707000057,0.9115431236424854,Education,0.3236928013586692,-1.0140916844872436,1.3050850057364056,0.32402352341222496,2024-12-22,0,Buxar,Chhattisgarh,Current,True,3,35548.52,267781.0466666667,6.52,4.820833333333334,6.12,0,2024,12,22,6,612,1.0,0,0.0,1.0,0.0,0.0,1.0,0.0,0.0,Very Low,Low,0,3,1,2.110262998406785,28.833333333333332,33.32258195397585
CUST00982,-0.6501434128607207,Female,West,Post-Graduate,Salaried,-0.274122166397316,0.7375488529509454,Home,0.586432720087762,-0.7247645277148489,-1.276401818797144,0.498520876125259,2018-02-05,1,Tinsukia,West Bengal,Current,True,2,28301.975000000002,218082.07333333333,6.52,4.820833333333334,6.12,0,2018,2,5,0,3124,3.0,0,0.0,0.0,1.0,0.0,0.0,1.0,0.0,Very Low,Medium,0,0,2,3.3074449089169806,4.833333333333333,36.15541889687105
CUST00983,0.4277822401132385,Male,North,Graduate,Salaried,-0.012206320885519893,-0.06703725869326363,Education,1.7849835727172148,-1.5927459980320333,-0.18285531673779315,0.06584546330113986,2020-03-01,1,Amroha,Bihar,Current,False,4,35126.92333333333,403845.36000000004,6.52,4.820833333333334,6.12,0,2020,3,1,6,2369,2.0,1,1.0,0.0,0.0,0.0,1.0,0.0,0.0,Very Low,None,1,1,3,1.3733854429456704,15.0,29.1312499070624
CUST00984,-1.5622343499925324,Male,North,Graduate,Self-Employed,0.7041095355916113,-0.5124393862943877,Other,0.797403826735289,0.721871256147125,0.8927641934845192,0.298181062164042,2024-03-23,1,Warangal,Manipur,NRI,False,4,19538.308333333334,362807.435,6.52,4.820833333333334,6.12,0,2024,3,23,5,886,2.0,1,1.0,0.0,0.0,0.0,0.0,0.0,1.0,Very Low,High,1,3,1,0.47053528105410486,25.0,32.90304848953652
CUST00985,-1.5622343499925324,Female,East,Secondary,Salaried,-0.12502253023622065,0.0008217082263338438,Education,2.0033231582744513,0.4325440993747302,-1.509452712678645,-0.10947770063785092,2020-09-23,1,Thoothukudi,Jharkhand,Current,True,3,33773.636666666665,296558.175,6.52,4.820833333333334,6.12,0,2020,9,23,2,2163,1.0,0,0.0,0.0,0.0,0.0,1.0,0.0,0.0,Very Low,High,1,0,2,1.6726864993840127,2.6666666666666665,26.28500652268041
CUST00986,-0.7330607707817945,Female,South,Primary,Unemployed,-0.15516410737149852,-0.4009403254723911,Business,0.36487523103577174,-0.7247645277148489,-0.1649283249007546,-0.9961359311444042,2018-06-05,1,Kalyan-Dombivli,Maharashtra,Current,True,5,31706.705,236385.84833333336,6.52,4.820833333333334,6.12,0,2018,6,5,1,3004,0.0,0,0.0,1.0,0.0,0.0,0.0,0.0,0.0,Very Low,Medium,0,1,3,1.1953270128455484,15.166666666666666,11.89075840344556
CUST00987,0.26194752427109097,Male,East,Graduate,Salaried,-0.6259176721036851,-0.5016445490196377,Business,-1.1979555960996318,-1.3034188412596384,1.4843549241067908,-0.7563117476555048,2017-09-12,1,Bhiwani,Telangana,Current,True,4,27477.823333333334,174345.11666666667,6.52,4.820833333333334,6.12,0,2017,9,12,1,3270,2.0,1,0.0,0.0,0.0,0.0,0.0,0.0,0.0,Very Low,Low,0,3,1,3.1724160201236904,30.5,15.784128682273202
CUST00988,-0.31847398117642556,Male,South,Graduate,Salaried,-0.7045446095255987,0.42661917787935394,Car,0.8537184378883373,0.721871256147125,0.22946549551409323,-0.8463602627965556,2017-10-11,1,Ajmer,West Bengal,Current,True,4,25710.63333333333,298621.4766666667,6.52,4.820833333333334,6.12,0,2017,10,11,2,3241,2.0,1,0.0,1.0,0.0,1.0,0.0,0.0,0.0,Very Low,High,1,2,0,13.590759048421972,18.833333333333332,14.322256875175167
CUST00989,-1.72806906583468,Male,North,Graduate,Self-Employed,-0.12189394233380711,-0.5064235913945441,Car,1.3902201568836674,-0.7247645277148489,1.2692310220623284,-0.6565968535459596,2022-11-23,1,Agra,Sikkim,Current,False,2,19429.01,380576.9383333333,6.52,4.820833333333334,6.12,0,2022,11,23,2,1372,2.0,1,1.0,0.0,0.0,1.0,0.0,0.0,0.0,Very Low,Medium,1,3,1,1.003956454435831,28.5,17.40292708464749
CUST00990,1.422790535166124,Male,West,Graduate,Self-Employed,-0.30800807413205417,0.4830723992876511,Education,0.4020965759969663,0.721871256147125,-0.12907434122667752,-0.7245201307118571,2018-10-25,0,Bulandshahr,Uttarakhand,Savings,True,3,17591.345,332478.17333333334,6.52,4.820833333333334,6.12,0,2018,10,25,3,2862,2.0,1,0.0,0.0,1.0,0.0,1.0,0.0,0.0,Very Low,High,0,1,3,3.066393434318234,15.5,16.30024233988522
CUST00991,-1.3963996341503848,Male,West,Graduate,Salaried,-0.43126636369884325,-0.531463975727782,Home,1.5119900754270603,1.0111984129195197,-1.545306696352722,3.1540183087639053,2021-04-29,0,Allahabad,Arunachal Pradesh,Savings,True,2,32139.940000000002,280415.9533333333,6.52,4.820833333333334,6.12,0,2021,4,29,3,1945,2.0,1,0.0,0.0,1.0,0.0,0.0,1.0,0.0,Very Low,High,1,0,2,1.6698984697804913,2.3333333333333335,79.26547823005319
CUST00992,0.0,Male,East,Secondary,Self-Employed,-0.1834481734811842,1.5262797597046565,Home,-0.1367193556417728,-1.0140916844872436,-0.3979792187822556,-0.16881562073085288,2020-10-28,1,Shahjahanpur,Andhra Pradesh,Current,False,4,29821.131666666664,275317.1933333333,6.52,4.820833333333334,6.12,0,2020,10,28,2,2128,1.0,1,0.0,0.0,0.0,0.0,0.0,1.0,0.0,Very Low,Low,0,1,3,3.987319106630163,13.0,25.32169877307543
CUST00993,0.6765343138764599,Female,South,Graduate,Salaried,-0.2964606076475283,-0.835260474438359,Other,0.5642800151276356,0.14321694260233545,-0.34419824327113996,-0.9036822510850874,2024-10-19,0,Chandigarh,Bihar,NRI,False,4,30154.905,251172.01833333334,6.52,4.820833333333334,6.12,0,2024,10,19,5,676,2.0,0,0.0,1.0,0.0,0.0,0.0,0.0,1.0,Very Low,High,0,1,3,0.7527022960452286,13.5,13.391676304528898
CUST00994,-0.40139133909749936,Male,East,Secondary,Salaried,0.29102183049844427,-0.6555497109292197,Home,-0.19023204506773214,0.14321694260233545,-0.7565190555230263,-0.6983963921372284,2019-01-05,0,Ahmednagar,Kerala,Savings,True,6,24569.331666666665,259382.60499999998,6.52,4.820833333333334,6.12,0,2019,1,5,5,2790,1.0,1,0.0,0.0,0.0,0.0,0.0,1.0,0.0,Very Low,High,0,1,3,0.5194119537799032,9.666666666666666,16.72434213607208
CUST00995,0.5936169559553861,Male,South,Graduate,Salaried,-0.2445499829700325,-0.34970388232599325,Car,2.4846767112009247,1.0111984129195197,1.089961103691943,-1.4170391268898785,2018-09-08,1,Hazaribagh,Gujarat,Current,False,2,36490.723333333335,191760.25833333333,6.52,4.820833333333334,6.12,0,2018,9,8,5,2909,2.0,1,0.0,1.0,0.0,1.0,0.0,0.0,0.0,Very Low,High,1,3,1,1.448661449783709,26.833333333333332,5.057702751012352
CUST00996,1.6715426089293453,Male,North,Graduate,Self-Employed,-0.48719094309744604,-0.9048110475376303,Home,0.873699916078848,-0.7247645277148489,0.10397655265482347,-0.1535363124771276,2022-05-09,1,Adoni,Manipur,Savings,True,3,26833.15166666667,268934.235,6.52,4.820833333333334,6.12,0,2022,5,9,0,1570,2.0,1,1.0,0.0,0.0,0.0,0.0,1.0,0.0,Very Low,Medium,1,2,0,0.9570651253527211,17.666666666666668,25.56974717157588
CUST00997,-1.4793169920714586,Male,West,Post-Graduate,Salaried,0.19969130776734711,-0.9405439766621063,Other,-1.1774592473619157,-1.3034188412596384,1.3050850057364056,0.005092618588564914,2025-01-10,0,Vadodara,Uttar Pradesh,Current,False,5,28135.163333333334,300903.79333333333,6.52,4.820833333333334,6.12,0,2025,1,10,4,593,3.0,1,0.0,0.0,1.0,0.0,0.0,0.0,1.0,Very Low,Low,0,3,1,0.2516796054974189,28.833333333333332,28.1449718907375
CUST00998,-1.0647302024660896,Male,North,Primary,Salaried,-0.3471633463919251,-0.9032043470949352,Business,1.9331733194581482,1.3005255696919145,0.7314212669511723,2.5525379927896306,2025-12-07,1,Siliguri,Manipur,Current,False,3,36731.98166666667,202947.155,6.52,4.820833333333334,6.12,0,2025,12,7,6,262,0.0,1,1.0,0.0,0.0,0.0,0.0,0.0,0.0,Very Low,High,1,2,0,0.6994669716505997,23.5,69.50088505414233
CUST00999,-0.06972190741320419,Male,West,Primary,Salaried,-0.05797960701134917,-0.41091619833558335,Home,-0.7756792084558315,0.721871256147125,1.6994788261512535,-0.3008950014765158,2026-01-13,0,Jodhpur,West Bengal,Current,True,2,33934.00666666667,344022.35333333333,6.52,4.820833333333334,6.12,0,2026,1,13,1,225,0.0,1,0.0,0.0,1.0,0.0,0.0,1.0,0.0,Very Low,High,0,3,1,1.0387582388413052,32.5,23.17748659246802
CUST01000,0.0,Male,South,Secondary,Self-Employed,-0.4215126494659435,-0.39986754041583916,Home,0.006745571042483716,-0.7247645277148489,1.2333770383882514,0.40183786662088444,2019-11-24,1,Tezpur,West Bengal,Savings,False,3,35314.659999999996,217055.125,6.52,4.820833333333334,6.12,0,2019,11,24,6,2467,1.0,1,0.0,1.0,0.0,0.0,0.0,1.0,0.0,Very Low,Medium,0,3,1,1.9214458101018201,28.166666666666668,34.58584092439203
