customer_id,month,emi_amount,paid_on_time,outstanding_bal
CUST00001,1,27745.0,0,107572.21
CUST00001,2,20880.28,1,140678.17
CUST00001,3,31888.34,0,336260.3
CUST00001,4,17858.68,1,423586.18
CUST00001,5,24391.75,1,363754.03
CUST00001,6,39373.55,1,22621.2
CUST00002,1,7302.1,1,97327.65
CUST00002,2,29895.03,1,193174.41
CUST00002,3,25265.95,1,139860.34
CUST00002,4,49509.08,0,305521.57
CUST00002,5,10789.85,1,196951.86
CUST00002,6,40770.38,1,278915.92
CUST00003,1,21452.29,0,99528.94
CUST00003,2,27910.51,1,20127.45
CUST00003,3,6751.13,0,166520.35
CUST00003,4,26318.49,1,74470.33
CUST00003,5,45190.93,0,163982.92
CUST00003,6,32588.07,0,196477.29
CUST00004,1,32742.52,1,296862.33
CUST00004,2,27829.17,1,266169.91
CUST00004,3,36893.29,1,237446.3
CUST00004,4,5748.66,1,336903.2
CUST00004,5,49095.41,1,153838.92
CUST00004,6,45444.52,0,314630.24
CUST00005,1,31860.93,1,483535.35
CUST00005,2,40230.68,1,288817.2
CUST00005,3,37463.01,1,240224.39
CUST00005,4,28590.45,0,309867.9
CUST00005,5,42852.52,0,410830.65
CUST00005,6,15898.85,1,474102.59
CUST00006,1,9945.3,1,220519.28
CUST00006,2,23845.11,1,345250.13
CUST00006,3,23466.98,1,460260.47
CUST00006,4,44276.8,0,363701.05
CUST00006,5,36759.89,1,103670.85
CUST00006,6,19627.23,0,239185.49
CUST00007,1,21957.11,0,229831.77
CUST00007,2,28990.72,1,177143.49
CUST00007,3,39739.54,0,340372.94
CUST00007,4,41164.36,1,305038.29
CUST00007,5,13651.89,0,139503.2
CUST00007,6,18432.46,1,385587.13
CUST00008,1,36720.54,0,352494.13
CUST00008,2,19266.83,1,280243.8
CUST00008,3,47051.84,0,136728.77
CUST00008,4,10484.33,0,271595.44
CUST00008,5,45309.22,1,409188.73
CUST00008,6,47957.4,0,145226.33
CUST00009,1,17943.37,0,39514.72
CUST00009,2,46580.43,0,128221.99
CUST00009,3,26558.57,0,413975.85
CUST00009,4,17200.97,1,348085.65
CUST00009,5,11177.28,1,370445.49
CUST00009,6,15767.69,1,334916.98
CUST00010,1,28896.87,0,116418.28
CUST00010,2,9508.91,1,358679.03
CUST00010,3,9524.52,0,2590.72
CUST00010,4,29765.87,0,203453.73
CUST00010,5,47076.44,1,238724.26
CUST00010,6,13975.52,1,160583.85
CUST00011,1,34065.41,1,326149.37
CUST00011,2,15449.91,0,361558.84
CUST00011,3,47150.12,0,208942.49
CUST00011,4,42692.22,1,498585.9
CUST00011,5,22864.76,1,93155.82
CUST00011,6,38705.14,1,438371.58
CUST00012,1,5417.02,1,301391.48
CUST00012,2,46780.47,1,142280.83
CUST00012,3,49509.48,1,262159.27
CUST00012,4,45016.7,0,425529.87
CUST00012,5,26060.93,0,404406.94
CUST00012,6,19880.78,0,229457.24
CUST00013,1,16576.92,0,7042.1
CUST00013,2,20170.05,1,283890.61
CUST00013,3,39077.72,0,305477.25
CUST00013,4,33742.66,1,413494.91
CUST00013,5,28187.63,1,200416.62
CUST00013,6,9292.33,0,238727.05
CUST00014,1,47112.14,1,130392.64
CUST00014,2,15598.46,1,477017.41
CUST00014,3,18587.56,0,286438.67
CUST00014,4,16769.89,1,346384.3
CUST00014,5,7795.59,1,232697.5
CUST00014,6,12187.26,0,251260.24
CUST00015,1,45280.33,0,384920.52
CUST00015,2,36063.07,0,458065.19
CUST00015,3,18276.69,1,110424.62
CUST00015,4,48081.22,1,76592.78
CUST00015,5,38648.07,1,186812.42
CUST00015,6,36587.33,1,378675.26
CUST00016,1,41089.77,0,380929.81
CUST00016,2,35615.39,1,436567.53
CUST00016,3,8684.16,1,264086.56
CUST00016,4,21280.32,1,56104.4
CUST00016,5,42294.83,1,101078.39
CUST00016,6,29149.71,0,164058.82
CUST00017,1,28415.37,1,340147.62
CUST00017,2,37261.31,1,45470.82
CUST00017,3,27966.89,1,226716.15
CUST00017,4,28096.15,1,281955.59
CUST00017,5,30145.87,0,403457.68
CUST00017,6,37547.6,1,127228.61
CUST00018,1,5135.7,0,289155.63
CUST00018,2,7038.04,1,350192.44
CUST00018,3,29352.36,1,467291.4
CUST00018,4,8105.86,1,15867.44
CUST00018,5,23399.01,0,382913.84
CUST00018,6,49025.0,0,481891.28
CUST00019,1,21850.74,1,224268.57
CUST00019,2,46270.18,1,187822.77
CUST00019,3,35722.87,0,437276.86
CUST00019,4,10984.54,1,59316.58
CUST00019,5,49678.1,1,264421.27
CUST00019,6,37753.62,0,417410.81
CUST00020,1,39028.07,1,231501.95
CUST00020,2,37359.23,1,265966.8
CUST00020,3,42051.22,0,230312.64
CUST00020,4,11980.46,0,468705.18
CUST00020,5,37626.08,1,16108.66
CUST00020,6,34708.9,1,383026.73
CUST00021,1,44769.05,1,120333.15
CUST00021,2,8028.09,1,16788.14
CUST00021,3,31900.32,0,436106.21
CUST00021,4,16013.04,1,201132.68
CUST00021,5,15545.27,0,377192.85
CUST00021,6,39922.86,0,251947.92
CUST00022,1,18016.86,0,288055.17
CUST00022,2,30986.37,0,409191.24
CUST00022,3,15660.68,0,492847.78
CUST00022,4,28456.3,1,150250.48
CUST00022,5,7743.09,1,439856.95
CUST00022,6,46020.99,0,339375.06
CUST00023,1,30013.28,1,486145.12
CUST00023,2,47371.39,0,190577.32
CUST00023,3,28600.84,0,208162.32
CUST00023,4,11714.79,1,91939.49
CUST00023,5,29206.77,0,424670.47
CUST00023,6,18533.14,0,72175.87
CUST00024,1,25836.13,1,281192.97
CUST00024,2,48550.38,1,264995.91
CUST00024,3,22478.86,1,101668.37
CUST00024,4,34101.76,1,423566.69
CUST00024,5,9160.88,0,414703.14
CUST00024,6,7319.15,1,336835.96
CUST00025,1,32131.49,1,94081.65
CUST00025,2,39276.34,0,335725.26
CUST00025,3,14765.74,0,434736.93
CUST00025,4,19983.39,1,105903.89
CUST00025,5,13551.07,0,58658.1
CUST00025,6,49980.74,1,457220.65
CUST00026,1,36303.18,0,102256.57
CUST00026,2,46180.69,1,160807.5
CUST00026,3,17737.66,1,266825.06
CUST00026,4,21166.68,1,179822.31
CUST00026,5,44726.54,1,49304.12
CUST00026,6,49159.33,1,380814.48
CUST00027,1,19410.5,0,185352.46
CUST00027,2,23626.86,1,432042.42
CUST00027,3,38356.36,1,130387.05
CUST00027,4,47064.12,1,360005.97
CUST00027,5,18283.65,0,164932.64
CUST00027,6,22092.79,0,249650.74
CUST00028,1,34457.36,0,168782.14
CUST00028,2,39351.23,1,483254.13
CUST00028,3,33876.25,1,230414.5
CUST00028,4,37974.75,1,84632.86
CUST00028,5,37414.11,1,92023.89
CUST00028,6,45021.4,0,478618.45
CUST00029,1,28577.5,1,472594.06
CUST00029,2,35069.7,1,206196.11
CUST00029,3,42914.51,0,33983.97
CUST00029,4,11796.33,0,252866.46
CUST00029,5,21794.03,1,318864.3
CUST00029,6,47025.67,1,329642.17
CUST00030,1,5707.93,1,275821.78
CUST00030,2,5533.29,1,361096.36
CUST00030,3,29108.21,1,8571.3
CUST00030,4,41592.07,0,215286.6
CUST00030,5,47287.04,0,53508.21
CUST00030,6,9334.13,0,120484.42
CUST00031,1,32890.14,1,407607.2
CUST00031,2,17029.61,1,39509.62
CUST00031,3,48168.4,1,282501.09
CUST00031,4,49560.49,0,149987.32
CUST00031,5,42262.79,1,326867.86
CUST00031,6,43619.86,1,46750.25
CUST00032,1,22066.88,1,238002.55
CUST00032,2,33653.66,0,85691.79
CUST00032,3,27493.63,1,322453.62
CUST00032,4,19907.18,1,447395.61
CUST00032,5,46361.85,0,105708.53
CUST00032,6,44065.26,1,237750.14
CUST00033,1,7095.29,1,342214.37
CUST00033,2,17616.79,1,281754.93
CUST00033,3,6480.58,1,7829.05
CUST00033,4,14322.12,0,376127.23
CUST00033,5,37072.01,1,464437.47
CUST00033,6,18467.46,1,120236.1
CUST00034,1,42559.28,1,338517.48
CUST00034,2,29325.31,1,377804.63
CUST00034,3,11297.78,0,362081.79
CUST00034,4,27535.68,1,26848.22
CUST00034,5,24668.97,1,170296.37
CUST00034,6,39605.25,1,198351.52
CUST00035,1,39809.97,1,317061.47
CUST00035,2,40259.67,1,245301.73
CUST00035,3,21011.5,1,215923.97
CUST00035,4,35586.27,0,190036.36
CUST00035,5,39747.53,1,399027.59
CUST00035,6,37089.88,1,133986.02
CUST00036,1,22100.0,0,77138.45
CUST00036,2,22532.99,1,53275.46
CUST00036,3,5233.79,1,222367.93
CUST00036,4,39260.59,1,66253.5
CUST00036,5,13432.63,1,278492.52
CUST00036,6,28059.84,1,13130.95
CUST00037,1,20926.14,1,298462.28
CUST00037,2,40299.74,1,6170.31
CUST00037,3,23621.45,1,362421.92
CUST00037,4,30179.14,0,285980.22
CUST00037,5,12631.23,1,84750.87
CUST00037,6,17101.35,1,246561.97
CUST00038,1,7847.02,1,137980.94
CUST00038,2,18488.85,1,180562.46
CUST00038,3,47490.0,0,312516.84
CUST00038,4,31721.29,0,228930.82
CUST00038,5,11097.03,1,474411.73
CUST00038,6,19949.77,1,189944.98
CUST00039,1,43798.92,1,167368.11
CUST00039,2,41696.4,0,487112.69
CUST00039,3,11125.6,1,301605.63
CUST00039,4,36288.15,1,157091.64
CUST00039,5,48405.86,1,145724.08
CUST00039,6,36273.1,1,483881.54
CUST00040,1,40188.85,1,188027.65
CUST00040,2,41742.25,1,182507.77
CUST00040,3,46943.02,0,296113.52
CUST00040,4,29553.31,0,383808.95
CUST00040,5,6211.22,0,230811.11
CUST00040,6,36876.52,1,398842.76
CUST00041,1,42407.68,1,409482.78
CUST00041,2,40804.56,1,336488.83
CUST00041,3,11263.06,1,121010.58
CUST00041,4,34639.83,0,211563.98
CUST00041,5,21964.59,1,495350.31
CUST00041,6,26565.56,1,267183.7
CUST00042,1,46557.31,0,209150.35
CUST00042,2,6654.43,1,350817.14
CUST00042,3,41553.36,1,319090.18
CUST00042,4,8824.19,0,328800.82
CUST00042,5,20975.4,0,306338.95
CUST00042,6,30344.91,0,338735.95
CUST00043,1,22982.8,1,482858.39
CUST00043,2,24370.5,1,49303.28
CUST00043,3,14990.05,0,259398.88
CUST00043,4,31123.32,1,110515.87
CUST00043,5,21835.38,1,386171.12
CUST00043,6,31486.55,1,75372.47
CUST00044,1,49896.62,1,52274.68
CUST00044,2,23718.89,1,58034.67
CUST00044,3,47330.43,0,174164.33
CUST00044,4,20438.0,0,260557.41
CUST00044,5,20673.51,1,219082.97
CUST00044,6,36354.35,1,33587.17
CUST00045,1,7010.74,0,57542.63
CUST00045,2,43213.1,0,54681.34
CUST00045,3,41002.26,0,121956.47
CUST00045,4,12850.4,0,165494.83
CUST00045,5,24186.62,1,115927.77
CUST00045,6,23227.13,0,93193.46
CUST00046,1,34578.86,1,14596.14
CUST00046,2,32634.81,0,224787.51
CUST00046,3,24329.88,1,352367.81
CUST00046,4,14260.3,0,404364.89
CUST00046,5,7815.37,1,399751.18
CUST00046,6,29160.01,1,162992.46
CUST00047,1,25589.77,1,335350.71
CUST00047,2,27026.78,0,156702.06
CUST00047,3,22488.77,1,293502.36
CUST00047,4,20656.61,1,308681.34
CUST00047,5,41618.22,0,400306.69
CUST00047,6,46340.72,1,42375.98
CUST00048,1,11027.65,1,119286.36
CUST00048,2,10262.7,1,346718.27
CUST00048,3,27987.12,1,298212.91
CUST00048,4,30866.27,1,92876.85
CUST00048,5,33597.57,0,459580.5
CUST00048,6,46881.27,0,277456.29
CUST00049,1,27033.89,0,93549.29
CUST00049,2,42889.33,1,26805.63
CUST00049,3,21156.76,1,242304.46
CUST00049,4,13780.78,1,481914.54
CUST00049,5,27744.71,1,204567.17
CUST00049,6,27127.66,0,419945.9
CUST00050,1,26991.48,1,282698.9
CUST00050,2,40814.64,0,146044.95
CUST00050,3,17368.38,1,144335.16
CUST00050,4,40133.31,1,371259.13
CUST00050,5,39466.38,1,255402.99
CUST00050,6,30772.13,1,387556.51
CUST00051,1,42047.73,1,271021.69
CUST00051,2,39055.38,0,220683.29
CUST00051,3,14834.39,1,51208.22
CUST00051,4,42353.18,0,148854.47
CUST00051,5,49969.07,1,131407.61
CUST00051,6,43798.98,1,219534.95
CUST00052,1,49728.1,0,104939.08
CUST00052,2,38192.58,0,175315.42
CUST00052,3,36983.93,0,214083.53
CUST00052,4,32726.8,0,406764.93
CUST00052,5,41244.82,1,175407.74
CUST00052,6,17648.83,1,84188.68
CUST00053,1,49055.01,1,144666.62
CUST00053,2,17030.44,1,492744.15
CUST00053,3,35568.47,1,67794.45
CUST00053,4,38754.24,1,459384.36
CUST00053,5,49661.88,0,63444.08
CUST00053,6,43973.55,0,73121.72
CUST00054,1,19494.35,0,380736.79
CUST00054,2,35430.55,1,71085.82
CUST00054,3,33458.09,0,207112.54
CUST00054,4,25339.63,0,397299.32
CUST00054,5,39599.79,1,257806.74
CUST00054,6,17520.16,1,227347.82
CUST00055,1,26962.0,1,1236.54
CUST00055,2,39836.09,0,46570.83
CUST00055,3,48746.76,0,332071.91
CUST00055,4,21120.02,1,397838.96
CUST00055,5,22897.21,1,412423.82
CUST00055,6,27262.17,1,414171.81
CUST00056,1,20198.98,1,65297.13
CUST00056,2,43359.02,1,447077.33
CUST00056,3,39301.43,1,49787.37
CUST00056,4,40275.04,1,8140.68
CUST00056,5,46824.48,0,220642.97
CUST00056,6,5030.42,1,101159.1
CUST00057,1,35986.63,0,441073.88
CUST00057,2,18583.95,1,46669.99
CUST00057,3,21219.59,1,185921.88
CUST00057,4,45671.01,0,25893.64
CUST00057,5,33152.19,0,349720.69
CUST00057,6,15536.47,0,45599.59
CUST00058,1,9283.27,0,238403.35
CUST00058,2,10971.49,0,259722.13
CUST00058,3,25028.01,1,347798.55
CUST00058,4,41769.91,1,347015.5
CUST00058,5,26496.51,0,191534.96
CUST00058,6,37884.35,1,51600.77
CUST00059,1,21540.28,1,68564.65
CUST00059,2,39805.72,0,320788.07
CUST00059,3,35471.17,1,265254.14
CUST00059,4,5381.36,0,82058.27
CUST00059,5,20803.45,0,314040.02
CUST00059,6,11811.84,1,308038.01
CUST00060,1,24907.27,0,43344.02
CUST00060,2,9520.93,1,294786.96
CUST00060,3,22281.44,1,157251.83
CUST00060,4,11292.36,1,322310.28
CUST00060,5,16167.52,1,300003.93
CUST00060,6,32341.69,0,13412.2
CUST00061,1,43118.15,1,102722.86
CUST00061,2,32311.71,0,373921.82
CUST00061,3,18299.39,1,391900.8
CUST00061,4,40720.01,0,247443.86
CUST00061,5,10073.46,1,319041.16
CUST00061,6,8195.54,1,493441.27
CUST00062,1,47026.6,0,193419.12
CUST00062,2,42753.8,1,182706.23
CUST00062,3,35732.39,1,477226.49
CUST00062,4,39666.52,1,293681.75
CUST00062,5,5620.7,0,19913.43
CUST00062,6,7721.1,1,253305.3
CUST00063,1,33285.68,1,383555.0
CUST00063,2,24060.89,1,41213.91
CUST00063,3,29145.42,1,76340.22
CUST00063,4,8761.87,1,255652.35
CUST00063,5,14143.89,0,268195.09
CUST00063,6,22582.92,0,381612.07
CUST00064,1,34242.78,0,33057.54
CUST00064,2,36440.41,0,476713.99
CUST00064,3,15738.68,0,43106.4
CUST00064,4,24551.76,1,306148.4
CUST00064,5,7476.29,0,370846.75
CUST00064,6,38329.62,1,6332.49
CUST00065,1,11174.53,1,81916.32
CUST00065,2,47885.73,1,258611.42
CUST00065,3,42012.81,1,83481.48
CUST00065,4,10711.88,1,366467.92
CUST00065,5,10312.55,1,167505.51
CUST00065,6,24319.61,1,31935.99
CUST00066,1,37054.55,1,313766.42
CUST00066,2,27326.64,1,180061.95
CUST00066,3,27482.45,1,83440.7
CUST00066,4,12078.95,1,447134.21
CUST00066,5,35335.42,1,114202.21
CUST00066,6,27897.12,1,429344.5
CUST00067,1,5552.96,1,235882.29
CUST00067,2,22234.08,0,89480.47
CUST00067,3,48215.4,1,276432.39
CUST00067,4,46127.65,0,327851.65
CUST00067,5,15103.19,0,208128.3
CUST00067,6,37412.96,1,412998.5
CUST00068,1,30719.12,1,251020.47
CUST00068,2,45587.35,0,111592.53
CUST00068,3,28209.84,1,477039.7
CUST00068,4,8101.69,1,433016.11
CUST00068,5,39808.74,1,163650.46
CUST00068,6,29889.11,1,184459.68
CUST00069,1,18121.78,1,369787.99
CUST00069,2,15916.28,1,295845.47
CUST00069,3,27201.23,0,366231.67
CUST00069,4,29595.17,0,75283.19
CUST00069,5,46957.89,1,116498.87
CUST00069,6,20589.07,0,438599.31
CUST00070,1,47794.56,1,379464.58
CUST00070,2,21932.37,0,363607.52
CUST00070,3,9677.71,1,491557.87
CUST00070,4,23891.71,1,486279.62
CUST00070,5,11406.81,1,46513.32
CUST00070,6,46457.35,1,206528.4
CUST00071,1,45301.01,1,487277.4
CUST00071,2,8820.61,1,252713.88
CUST00071,3,33674.71,1,37415.24
CUST00071,4,30551.93,1,331221.96
CUST00071,5,10881.87,1,130495.47
CUST00071,6,19175.4,1,350362.8
CUST00072,1,38090.88,1,226378.93
CUST00072,2,15512.51,0,68055.92
CUST00072,3,39656.6,1,77705.28
CUST00072,4,12396.87,1,157016.64
CUST00072,5,10433.15,1,482317.36
CUST00072,6,14343.63,1,231673.3
CUST00073,1,43361.7,1,78807.69
CUST00073,2,35872.47,0,348438.99
CUST00073,3,6814.84,1,74161.9
CUST00073,4,37002.08,1,198122.23
CUST00073,5,7202.78,1,130083.4
CUST00073,6,49580.45,1,476048.3
CUST00074,1,43457.06,1,374039.22
CUST00074,2,16243.37,1,50953.67
CUST00074,3,40721.44,1,5978.46
CUST00074,4,42366.75,0,65357.62
CUST00074,5,42065.3,1,343142.63
CUST00074,6,47190.87,1,291161.9
CUST00075,1,16646.93,1,10900.09
CUST00075,2,7901.24,0,221715.66
CUST00075,3,10795.62,1,61263.83
CUST00075,4,47402.63,1,83994.6
CUST00075,5,30824.79,0,197499.34
CUST00075,6,6326.7,0,213332.01
CUST00076,1,20927.45,0,137490.88
CUST00076,2,25070.51,0,17324.72
CUST00076,3,32862.94,0,323639.2
CUST00076,4,27450.12,1,239515.46
CUST00076,5,8947.47,1,68618.01
CUST00076,6,13975.6,1,124573.88
CUST00077,1,49733.93,1,397423.12
CUST00077,2,49523.16,0,179556.05
CUST00077,3,29503.3,1,172017.06
CUST00077,4,30454.3,1,194190.64
CUST00077,5,13091.71,1,298558.18
CUST00077,6,6318.66,1,29295.62
CUST00078,1,49618.91,1,178716.45
CUST00078,2,31279.5,0,486989.93
CUST00078,3,9506.05,0,120576.4
CUST00078,4,29016.03,0,27954.33
CUST00078,5,49837.64,0,287846.05
CUST00078,6,49219.91,1,177402.32
CUST00079,1,42765.0,0,88050.18
CUST00079,2,31663.38,0,348813.28
CUST00079,3,46129.1,1,351726.44
CUST00079,4,20825.7,1,281803.24
CUST00079,5,30339.9,0,418348.42
CUST00079,6,41468.05,1,271062.3
CUST00080,1,12900.05,1,45128.69
CUST00080,2,15468.05,0,9963.99
CUST00080,3,26509.5,1,458948.09
CUST00080,4,14065.9,0,170379.52
CUST00080,5,12985.69,1,29777.98
CUST00080,6,11647.04,0,458612.07
CUST00081,1,39846.49,1,430334.73
CUST00081,2,48225.14,1,352269.0
CUST00081,3,34796.28,1,50516.09
CUST00081,4,18579.43,0,487930.34
CUST00081,5,37955.84,1,395921.26
CUST00081,6,48229.79,0,158641.7
CUST00082,1,36823.23,1,346780.2
CUST00082,2,46798.03,1,111618.61
CUST00082,3,31502.76,0,189192.05
CUST00082,4,38029.77,1,63674.18
CUST00082,5,37797.39,0,474349.08
CUST00082,6,22622.06,1,16191.37
CUST00083,1,32107.49,1,110447.63
CUST00083,2,30449.76,1,70321.68
CUST00083,3,38540.45,0,173405.06
CUST00083,4,19378.34,0,442660.13
CUST00083,5,8992.67,0,335012.29
CUST00083,6,37817.87,1,223314.97
CUST00084,1,16934.56,0,346588.04
CUST00084,2,20771.65,1,360206.79
CUST00084,3,7166.64,1,366292.25
CUST00084,4,48609.58,1,246541.0
CUST00084,5,22042.07,1,187673.79
CUST00084,6,42296.31,1,325484.78
CUST00085,1,35922.22,0,225643.71
CUST00085,2,40963.76,1,147454.31
CUST00085,3,19342.26,1,37100.2
CUST00085,4,12654.73,1,80452.25
CUST00085,5,8375.11,1,168975.29
CUST00085,6,49337.42,1,352252.32
CUST00086,1,24409.55,0,82498.6
CUST00086,2,45038.9,0,26777.87
CUST00086,3,19899.26,0,204639.93
CUST00086,4,29935.06,0,270062.72
CUST00086,5,34726.91,1,118774.14
CUST00086,6,7233.59,1,274831.32
CUST00087,1,27092.67,1,180414.46
CUST00087,2,24242.27,1,411948.65
CUST00087,3,33129.09,1,99837.4
CUST00087,4,6158.11,0,319095.33
CUST00087,5,48967.6,1,421884.54
CUST00087,6,18875.9,1,235472.23
CUST00088,1,45269.49,1,45568.44
CUST00088,2,29485.67,0,185510.26
CUST00088,3,22165.03,0,222887.64
CUST00088,4,16848.32,1,131700.4
CUST00088,5,42668.54,1,30819.68
CUST00088,6,38850.58,0,48351.31
CUST00089,1,35066.35,1,206993.33
CUST00089,2,39040.56,0,276800.95
CUST00089,3,42835.87,1,209316.04
CUST00089,4,29098.15,1,286357.15
CUST00089,5,15603.89,1,39477.52
CUST00089,6,45624.97,0,17364.25
CUST00090,1,30704.9,1,400225.17
CUST00090,2,35489.07,1,73723.83
CUST00090,3,47716.47,1,86439.49
CUST00090,4,49296.56,0,404230.36
CUST00090,5,10678.37,1,39184.26
CUST00090,6,35740.65,0,498634.61
CUST00091,1,33225.18,1,128943.18
CUST00091,2,45986.2,1,43513.72
CUST00091,3,30036.39,1,163063.4
CUST00091,4,17429.04,1,458580.96
CUST00091,5,5556.37,0,311528.96
CUST00091,6,28515.29,1,56259.42
CUST00092,1,11733.9,1,293967.07
CUST00092,2,39126.98,1,462464.08
CUST00092,3,30320.77,1,392872.82
CUST00092,4,44036.39,1,438946.78
CUST00092,5,16886.15,0,242792.4
CUST00092,6,32403.3,1,86099.86
CUST00093,1,23133.83,1,304327.63
CUST00093,2,36214.76,1,197896.37
CUST00093,3,44553.09,0,118789.65
CUST00093,4,38558.74,1,448515.68
CUST00093,5,5910.48,1,155474.65
CUST00093,6,42928.1,0,342426.01
CUST00094,1,48762.35,0,67192.76
CUST00094,2,48839.87,1,387015.45
CUST00094,3,19439.07,0,208386.36
CUST00094,4,34049.97,0,220858.3
CUST00094,5,46104.48,1,370472.4
CUST00094,6,39177.2,1,410508.7
CUST00095,1,28187.14,0,32808.48
CUST00095,2,36930.62,1,67824.91
CUST00095,3,43308.29,1,14474.08
CUST00095,4,13674.36,0,418488.34
CUST00095,5,16227.06,1,25279.64
CUST00095,6,21216.88,0,136988.75
CUST00096,1,42057.78,1,198471.14
CUST00096,2,46538.31,0,15281.6
CUST00096,3,21761.0,1,223051.72
CUST00096,4,48223.42,1,293440.12
CUST00096,5,20739.2,0,418826.89
CUST00096,6,16639.7,0,45195.96
CUST00097,1,6235.27,1,81453.7
CUST00097,2,30751.61,0,428555.59
CUST00097,3,34132.1,0,103365.49
CUST00097,4,34321.43,1,10026.18
CUST00097,5,40113.66,0,4448.99
CUST00097,6,46018.19,0,86600.33
CUST00098,1,41038.92,0,126195.22
CUST00098,2,41228.85,1,356370.24
CUST00098,3,36921.57,1,211903.4
CUST00098,4,21941.4,1,229499.01
CUST00098,5,14819.41,1,338598.08
CUST00098,6,42093.99,1,292243.58
CUST00099,1,5330.64,0,483242.73
CUST00099,2,42772.03,1,323671.06
CUST00099,3,32407.25,1,342206.57
CUST00099,4,26678.23,1,494180.48
CUST00099,5,33826.76,1,130573.45
CUST00099,6,36999.22,0,149395.56
CUST00100,1,11746.82,0,449843.52
CUST00100,2,41244.34,1,202049.21
CUST00100,3,19381.36,0,360641.6
CUST00100,4,34493.03,1,129713.14
CUST00100,5,23835.46,1,368366.05
CUST00100,6,31236.07,1,408007.35
CUST00101,1,20442.52,0,111181.6
CUST00101,2,29058.58,1,453263.25
CUST00101,3,35234.08,1,150097.41
CUST00101,4,12649.4,0,438247.39
CUST00101,5,13151.11,1,235390.44
CUST00101,6,38341.35,0,404171.93
CUST00102,1,39331.32,0,473461.69
CUST00102,2,45481.6,0,44649.91
CUST00102,3,20987.75,0,435716.12
CUST00102,4,23921.27,1,185841.21
CUST00102,5,31350.68,1,425606.94
CUST00102,6,26174.15,0,291787.31
CUST00103,1,47493.54,1,236109.84
CUST00103,2,13754.47,1,433748.88
CUST00103,3,22175.11,1,206553.63
CUST00103,4,44188.21,0,68682.63
CUST00103,5,14013.35,1,493595.8
CUST00103,6,45178.03,1,71612.08
CUST00104,1,43807.73,0,389470.59
CUST00104,2,26941.14,0,493320.19
CUST00104,3,19103.63,1,2356.75
CUST00104,4,17308.75,0,288139.46
CUST00104,5,12129.58,1,64702.98
CUST00104,6,24517.01,1,201696.74
CUST00105,1,48439.75,1,2334.57
CUST00105,2,29020.22,0,186550.7
CUST00105,3,5633.47,1,378423.87
CUST00105,4,28896.52,1,338374.07
CUST00105,5,33200.91,0,113132.86
CUST00105,6,44464.33,1,64465.4
CUST00106,1,22259.77,1,153057.55
CUST00106,2,7937.92,1,149101.13
CUST00106,3,18087.25,0,260144.21
CUST00106,4,28585.29,1,443987.02
CUST00106,5,49796.26,1,498069.46
CUST00106,6,27058.04,0,82441.75
CUST00107,1,45810.24,1,9562.37
CUST00107,2,15094.46,0,105595.11
CUST00107,3,5986.1,1,84492.37
CUST00107,4,21496.62,0,396063.58
CUST00107,5,21883.66,0,127894.59
CUST00107,6,29063.0,1,296962.03
CUST00108,1,7158.22,1,326783.81
CUST00108,2,5888.38,0,57894.91
CUST00108,3,24994.14,1,273641.19
CUST00108,4,26347.84,0,102747.46
CUST00108,5,35858.3,1,150558.23
CUST00108,6,34774.91,0,260154.62
CUST00109,1,33025.9,0,68581.76
CUST00109,2,42379.37,1,255792.39
CUST00109,3,32796.41,1,57006.28
CUST00109,4,9781.87,0,304500.9
CUST00109,5,40008.15,1,486559.86
CUST00109,6,21106.48,1,147675.6
CUST00110,1,6773.26,1,455178.31
CUST00110,2,35969.18,1,165301.81
CUST00110,3,5123.21,0,44501.42
CUST00110,4,9969.39,1,334510.97
CUST00110,5,11711.5,1,389763.11
CUST00110,6,8377.17,0,50645.24
CUST00111,1,16515.14,0,228375.62
CUST00111,2,48978.09,1,232138.68
CUST00111,3,9491.4,0,437070.22
CUST00111,4,43351.19,1,400798.05
CUST00111,5,19071.82,0,57950.53
CUST00111,6,43306.07,1,4836.16
CUST00112,1,11227.75,0,85256.14
CUST00112,2,21088.73,1,477544.58
CUST00112,3,17073.92,0,46475.66
CUST00112,4,41673.39,0,56916.0
CUST00112,5,23011.26,1,135916.55
CUST00112,6,22357.2,1,399949.55
CUST00113,1,34198.09,0,56528.28
CUST00113,2,36327.64,1,490784.59
CUST00113,3,42995.74,1,208013.86
CUST00113,4,31583.76,1,339196.57
CUST00113,5,13156.73,1,389582.15
CUST00113,6,32511.13,0,439975.12
CUST00114,1,37727.54,0,241539.83
CUST00114,2,26965.52,1,220343.94
CUST00114,3,7850.12,0,157118.97
CUST00114,4,36705.57,0,262408.96
CUST00114,5,38463.07,0,282506.11
CUST00114,6,49005.3,0,436571.78
CUST00115,1,28359.49,0,350290.09
CUST00115,2,9285.9,0,363325.98
CUST00115,3,26686.84,0,338147.78
CUST00115,4,22319.45,1,446030.94
CUST00115,5,32581.13,1,321699.36
CUST00115,6,12061.73,1,425935.58
CUST00116,1,44123.7,1,375715.0
CUST00116,2,19428.52,1,485072.52
CUST00116,3,7265.78,0,275247.78
CUST00116,4,22038.69,0,39415.3
CUST00116,5,24988.5,1,224049.29
CUST00116,6,43546.52,1,158030.76
CUST00117,1,49130.18,0,326686.5
CUST00117,2,9618.95,1,17915.97
CUST00117,3,29709.45,1,395891.64
CUST00117,4,48342.71,0,152298.98
CUST00117,5,27875.2,0,327297.99
CUST00117,6,25529.36,1,181671.24
CUST00118,1,7442.38,0,422158.72
CUST00118,2,19938.77,1,299975.58
CUST00118,3,37249.61,1,357956.75
CUST00118,4,10131.05,0,110873.55
CUST00118,5,20361.07,0,482216.84
CUST00118,6,18139.26,1,186945.18
CUST00119,1,9784.5,0,246211.07
CUST00119,2,41982.74,0,360779.55
CUST00119,3,9813.27,1,97960.73
CUST00119,4,10433.56,1,107794.75
CUST00119,5,42104.94,0,358393.96
CUST00119,6,9849.46,1,23250.18
CUST00120,1,33495.82,0,294405.55
CUST00120,2,39746.53,1,228693.94
CUST00120,3,31519.23,1,67318.01
CUST00120,4,27447.29,1,368106.97
CUST00120,5,29895.18,1,419408.06
CUST00120,6,26731.94,1,390540.75
CUST00121,1,45958.17,0,289277.19
CUST00121,2,37872.26,0,51776.98
CUST00121,3,34588.48,1,441347.93
CUST00121,4,27684.96,1,209332.37
CUST00121,5,32404.72,0,381187.33
CUST00121,6,17311.81,1,485245.82
CUST00122,1,25378.06,0,69090.0
CUST00122,2,32113.6,0,256147.31
CUST00122,3,42938.35,1,430353.77
CUST00122,4,37034.35,1,316291.64
CUST00122,5,14040.01,1,357192.27
CUST00122,6,35897.51,0,66335.86
CUST00123,1,36967.84,0,251946.72
CUST00123,2,36244.04,1,355176.36
CUST00123,3,39234.88,1,240184.96
CUST00123,4,30678.72,0,355061.82
CUST00123,5,35340.96,1,142963.99
CUST00123,6,43128.55,1,261364.99
CUST00124,1,6137.25,0,26532.5
CUST00124,2,7547.21,1,375092.51
CUST00124,3,12242.09,1,341695.16
CUST00124,4,11589.28,1,345297.43
CUST00124,5,18281.33,1,16153.19
CUST00124,6,41631.18,1,308054.42
CUST00125,1,35398.67,1,432420.74
CUST00125,2,38408.57,1,194443.33
CUST00125,3,27991.5,0,143819.33
CUST00125,4,34902.21,1,193777.32
CUST00125,5,48051.59,0,156326.99
CUST00125,6,29845.61,1,371834.98
CUST00126,1,14138.93,1,414991.74
CUST00126,2,46016.89,0,354772.73
CUST00126,3,21548.35,1,273307.57
CUST00126,4,32152.41,0,482144.91
CUST00126,5,18238.0,0,491726.66
CUST00126,6,8351.1,0,367539.74
CUST00127,1,10370.92,1,214253.91
CUST00127,2,30046.94,0,80464.42
CUST00127,3,43070.64,1,165281.39
CUST00127,4,36936.02,0,19970.29
CUST00127,5,46788.27,1,25427.72
CUST00127,6,46957.18,1,421569.99
CUST00128,1,18551.97,1,275080.09
CUST00128,2,8279.64,0,158929.5
CUST00128,3,14898.29,0,260303.14
CUST00128,4,40381.62,0,207965.62
CUST00128,5,29166.62,1,174701.48
CUST00128,6,44752.85,0,165941.76
CUST00129,1,21235.9,0,475154.14
CUST00129,2,32822.63,1,498315.54
CUST00129,3,42065.98,0,4401.85
CUST00129,4,35102.23,1,120173.94
CUST00129,5,33901.9,1,121913.58
CUST00129,6,6794.48,1,190686.3
CUST00130,1,40829.3,1,192937.97
CUST00130,2,29310.68,1,12352.86
CUST00130,3,28259.05,1,257154.53
CUST00130,4,27893.1,1,21925.83
CUST00130,5,45422.67,0,160156.38
CUST00130,6,8705.55,1,83697.4
CUST00131,1,48032.43,1,266602.91
CUST00131,2,33211.99,0,335167.56
CUST00131,3,39811.2,0,212104.73
CUST00131,4,9676.71,1,414374.34
CUST00131,5,44538.68,0,387603.37
CUST00131,6,34095.25,1,373445.41
CUST00132,1,11918.96,1,358434.14
CUST00132,2,6704.88,1,27134.04
CUST00132,3,40739.67,1,35221.05
CUST00132,4,41972.87,1,203816.39
CUST00132,5,25300.65,1,216512.52
CUST00132,6,5760.09,0,59152.88
CUST00133,1,5265.45,0,309174.68
CUST00133,2,39018.23,1,22758.43
CUST00133,3,43171.31,1,464023.88
CUST00133,4,9776.1,0,150675.35
CUST00133,5,8892.73,1,190706.79
CUST00133,6,41995.51,1,236993.84
CUST00134,1,29006.05,0,373376.96
CUST00134,2,40854.67,1,147489.23
CUST00134,3,33532.06,1,338644.52
CUST00134,4,46137.6,0,323970.3
CUST00134,5,48082.62,1,276762.09
CUST00134,6,29978.14,1,20886.57
CUST00135,1,30772.34,1,268576.02
CUST00135,2,47614.07,1,105026.45
CUST00135,3,38364.37,0,171925.82
CUST00135,4,23569.45,0,425729.43
CUST00135,5,11410.48,0,110393.98
CUST00135,6,42563.68,0,57311.27
CUST00136,1,35194.01,1,426125.56
CUST00136,2,43312.45,1,230632.6
CUST00136,3,29734.91,1,335842.62
CUST00136,4,16280.94,0,362794.63
CUST00136,5,26923.57,1,178569.18
CUST00136,6,35208.3,0,50022.53
CUST00137,1,32878.21,0,158892.97
CUST00137,2,25279.07,1,329711.13
CUST00137,3,36205.62,0,282776.0
CUST00137,4,21402.2,1,479329.46
CUST00137,5,12588.78,1,123087.57
CUST00137,6,14968.66,0,320419.27
CUST00138,1,17450.59,1,67152.92
CUST00138,2,37983.78,1,231424.19
CUST00138,3,21143.37,1,243485.69
CUST00138,4,9897.47,0,303313.83
CUST00138,5,42880.68,0,445648.52
CUST00138,6,13839.44,0,443167.92
CUST00139,1,8440.81,1,446052.59
CUST00139,2,43231.43,0,15597.12
CUST00139,3,31185.07,1,384600.13
CUST00139,4,14574.23,1,275797.0
CUST00139,5,29456.12,1,236051.98
CUST00139,6,39883.88,1,196249.17
CUST00140,1,45114.69,1,366613.41
CUST00140,2,18094.96,1,250561.59
CUST00140,3,9074.93,1,251083.63
CUST00140,4,34820.53,1,342080.83
CUST00140,5,39074.27,0,223110.22
CUST00140,6,13061.53,1,329706.65
CUST00141,1,48548.1,0,366002.24
CUST00141,2,47262.89,1,109409.56
CUST00141,3,26943.9,1,132178.56
CUST00141,4,15530.84,0,103387.04
CUST00141,5,45847.67,1,194046.55
CUST00141,6,46305.59,1,19952.35
CUST00142,1,34183.61,1,351868.13
CUST00142,2,28461.78,1,417436.13
CUST00142,3,16849.22,1,285080.08
CUST00142,4,21949.68,1,182648.39
CUST00142,5,34400.14,1,258331.45
CUST00142,6,21934.8,0,258185.89
CUST00143,1,20880.41,1,243430.78
CUST00143,2,26694.95,1,3298.84
CUST00143,3,44691.54,1,82802.91
CUST00143,4,8468.97,0,140404.75
CUST00143,5,11760.82,0,181111.47
CUST00143,6,37278.62,1,330554.82
CUST00144,1,23657.62,1,360127.83
CUST00144,2,26668.25,1,239510.58
CUST00144,3,31585.59,0,416682.5
CUST00144,4,6010.07,1,63942.56
CUST00144,5,31655.64,0,314770.21
CUST00144,6,6763.59,1,73432.55
CUST00145,1,12485.36,0,258320.35
CUST00145,2,23245.53,1,318811.35
CUST00145,3,44532.9,0,330872.53
CUST00145,4,17755.46,1,108296.71
CUST00145,5,32293.67,1,433651.2
CUST00145,6,12675.51,1,300419.36
CUST00146,1,40757.72,0,311605.87
CUST00146,2,27986.22,0,362093.4
CUST00146,3,20420.21,1,298266.68
CUST00146,4,8097.93,1,192730.94
CUST00146,5,9885.66,0,261355.67
CUST00146,6,45920.27,0,209897.51
CUST00147,1,11730.25,1,88711.09
CUST00147,2,45572.37,1,19518.28
CUST00147,3,40274.07,1,376191.58
CUST00147,4,9193.55,0,65164.42
CUST00147,5,32156.36,1,448484.48
CUST00147,6,39869.17,0,215748.41
CUST00148,1,23930.78,1,348821.4
CUST00148,2,24303.03,1,394777.79
CUST00148,3,22155.64,1,402310.52
CUST00148,4,45853.65,0,288060.41
CUST00148,5,24147.02,1,238570.62
CUST00148,6,15463.08,1,141633.33
CUST00149,1,44454.48,1,128902.49
CUST00149,2,5246.13,0,394711.24
CUST00149,3,31009.42,1,259880.92
CUST00149,4,21876.34,0,343883.37
CUST00149,5,19215.58,1,53291.61
CUST00149,6,24173.22,1,126816.36
CUST00150,1,43473.96,1,282335.12
CUST00150,2,32534.63,0,198727.07
CUST00150,3,14166.21,1,391894.21
CUST00150,4,26711.05,1,279546.91
CUST00150,5,26769.21,1,288825.58
CUST00150,6,39838.75,1,367891.22
CUST00151,1,43474.95,0,59542.88
CUST00151,2,15339.71,0,474622.59
CUST00151,3,9512.54,1,200280.45
CUST00151,4,20229.7,1,307012.68
CUST00151,5,35805.4,1,80369.0
CUST00151,6,48405.66,1,402184.68
CUST00152,1,42046.5,1,462930.89
CUST00152,2,24591.98,1,131546.0
CUST00152,3,21687.58,1,18877.67
CUST00152,4,22294.67,1,306982.8
CUST00152,5,28445.25,0,481764.91
CUST00152,6,7585.84,0,320145.66
CUST00153,1,24753.74,0,425283.82
CUST00153,2,46884.13,1,143003.26
CUST00153,3,6512.42,1,255273.93
CUST00153,4,36430.24,1,84741.45
CUST00153,5,6622.75,0,327509.56
CUST00153,6,48904.07,1,498408.57
CUST00154,1,40085.28,1,334831.02
CUST00154,2,23245.29,0,258871.35
CUST00154,3,38161.65,1,459588.71
CUST00154,4,29731.67,0,414882.4
CUST00154,5,46175.4,1,173737.54
CUST00154,6,41698.17,0,303181.7
CUST00155,1,13753.63,1,287453.36
CUST00155,2,16749.84,1,253119.05
CUST00155,3,30138.38,1,147125.91
CUST00155,4,47615.7,1,478354.67
CUST00155,5,44425.09,1,125070.75
CUST00155,6,24924.59,1,281584.3
CUST00156,1,39648.52,1,480619.36
CUST00156,2,25648.18,1,448261.91
CUST00156,3,43791.05,1,58134.15
CUST00156,4,8039.94,0,394328.01
CUST00156,5,14917.2,0,114965.07
CUST00156,6,19207.88,1,258252.11
CUST00157,1,5437.54,1,124128.8
CUST00157,2,9185.42,0,374394.07
CUST00157,3,20389.68,1,465698.12
CUST00157,4,26445.0,1,109283.07
CUST00157,5,30817.07,0,473559.05
CUST00157,6,35739.83,0,249499.67
CUST00158,1,13984.99,0,121028.26
CUST00158,2,16943.24,0,101383.28
CUST00158,3,16236.29,1,178013.69
CUST00158,4,40052.23,1,460094.06
CUST00158,5,35411.55,0,246332.43
CUST00158,6,5298.07,1,478996.55
CUST00159,1,43160.48,1,310333.74
CUST00159,2,27155.32,1,434384.42
CUST00159,3,27086.24,1,140133.31
CUST00159,4,14994.18,1,64122.98
CUST00159,5,28658.09,1,239160.04
CUST00159,6,29334.56,1,173644.48
CUST00160,1,43718.01,0,228598.02
CUST00160,2,10416.57,1,230035.3
CUST00160,3,36014.47,1,337051.53
CUST00160,4,22074.26,1,162718.1
CUST00160,5,32575.01,1,93576.22
CUST00160,6,16828.21,1,235672.68
CUST00161,1,32588.78,1,91956.84
CUST00161,2,24077.43,1,350356.31
CUST00161,3,21753.93,1,139814.77
CUST00161,4,13095.02,0,489636.23
CUST00161,5,35870.54,1,360407.73
CUST00161,6,41183.94,1,216109.38
CUST00162,1,22139.75,0,400018.73
CUST00162,2,38234.39,1,402834.18
CUST00162,3,12947.33,1,67235.84
CUST00162,4,45197.17,0,258503.49
CUST00162,5,37425.21,1,150017.09
CUST00162,6,30296.23,1,23854.65
CUST00163,1,9453.87,0,30018.19
CUST00163,2,41621.81,1,419485.85
CUST00163,3,9333.58,0,167328.27
CUST00163,4,21243.29,1,278745.74
CUST00163,5,41450.71,1,9917.67
CUST00163,6,10455.69,0,481558.28
CUST00164,1,13953.11,1,324932.74
CUST00164,2,29229.72,1,177554.52
CUST00164,3,35293.68,1,387372.18
CUST00164,4,25111.86,1,190535.5
CUST00164,5,17893.56,0,478297.22
CUST00164,6,44071.59,0,403858.57
CUST00165,1,20182.47,0,306155.07
CUST00165,2,23214.77,1,39555.96
CUST00165,3,20463.15,1,158439.12
CUST00165,4,18111.04,1,302692.49
CUST00165,5,22795.49,1,390487.02
CUST00165,6,47244.64,0,293459.89
CUST00166,1,48448.67,1,83659.05
CUST00166,2,43439.53,0,363886.21
CUST00166,3,34791.01,0,350348.46
CUST00166,4,8602.91,0,198522.79
CUST00166,5,9299.92,1,274216.87
CUST00166,6,6186.42,1,261991.4
CUST00167,1,49820.62,1,131226.13
CUST00167,2,11987.35,0,465794.79
CUST00167,3,22543.08,0,123698.26
CUST00167,4,17787.89,0,63205.85
CUST00167,5,28703.41,0,14285.65
CUST00167,6,34859.71,1,432120.57
CUST00168,1,26023.71,1,467428.79
CUST00168,2,29684.54,0,484771.13
CUST00168,3,36393.03,0,295415.46
CUST00168,4,25544.45,0,317925.57
CUST00168,5,30379.3,1,319893.25
CUST00168,6,29020.29,1,240825.84
CUST00169,1,15220.78,1,220930.15
CUST00169,2,21460.25,1,77858.77
CUST00169,3,5475.01,1,407689.89
CUST00169,4,43157.59,1,143381.12
CUST00169,5,29079.45,0,461044.2
CUST00169,6,47613.09,1,149805.26
CUST00170,1,39464.11,1,298501.88
CUST00170,2,40854.53,1,186821.94
CUST00170,3,23528.11,1,218553.18
CUST00170,4,16245.33,0,368558.93
CUST00170,5,22537.55,1,110296.21
CUST00170,6,8564.44,0,119780.91
CUST00171,1,39404.22,1,403787.47
CUST00171,2,35808.81,1,324228.52
CUST00171,3,28937.49,1,206451.94
CUST00171,4,43406.69,0,68312.02
CUST00171,5,9966.04,1,308864.71
CUST00171,6,17246.04,1,245998.01
CUST00172,1,19428.97,0,24816.04
CUST00172,2,29073.68,0,486166.3
CUST00172,3,17695.15,0,357597.97
CUST00172,4,37719.82,0,45098.49
CUST00172,5,5662.62,0,170956.43
CUST00172,6,19020.95,1,498981.72
CUST00173,1,25865.8,1,165124.32
CUST00173,2,42959.58,0,28019.17
CUST00173,3,39904.38,1,271595.98
CUST00173,4,13172.17,1,408625.36
CUST00173,5,42271.34,1,487299.25
CUST00173,6,37160.71,1,385612.67
CUST00174,1,24933.24,0,497267.7
CUST00174,2,13963.09,0,385497.98
CUST00174,3,28451.26,0,236412.77
CUST00174,4,35664.9,1,468107.62
CUST00174,5,12137.51,0,21092.96
CUST00174,6,47183.94,1,61070.76
CUST00175,1,26655.33,1,99361.82
CUST00175,2,44938.38,0,108894.12
CUST00175,3,10081.78,0,217080.83
CUST00175,4,5678.05,1,292348.43
CUST00175,5,22811.37,0,4464.93
CUST00175,6,6889.7,0,237635.34
CUST00176,1,31829.55,1,385398.5
CUST00176,2,16192.5,1,45700.78
CUST00176,3,32839.02,0,30026.17
CUST00176,4,20998.3,0,350664.07
CUST00176,5,40615.98,0,243921.44
CUST00176,6,19253.28,1,394280.91
CUST00177,1,39051.39,1,366594.42
CUST00177,2,5960.88,1,179083.75
CUST00177,3,11062.95,1,242651.07
CUST00177,4,24687.5,1,271367.04
CUST00177,5,27054.14,1,93313.36
CUST00177,6,20644.91,0,234197.36
CUST00178,1,44044.78,1,457237.0
CUST00178,2,29953.41,1,265568.72
CUST00178,3,25222.29,1,270802.98
CUST00178,4,25433.55,0,252978.87
CUST00178,5,38014.6,1,309867.3
CUST00178,6,21383.38,1,119393.28
CUST00179,1,37445.16,0,483581.58
CUST00179,2,41857.24,0,262034.88
CUST00179,3,27389.71,1,77065.76
CUST00179,4,17740.81,1,320451.96
CUST00179,5,9970.89,1,329445.52
CUST00179,6,6969.98,0,89319.4
CUST00180,1,6407.32,1,242685.14
CUST00180,2,9443.91,1,320875.83
CUST00180,3,22486.95,1,262910.68
CUST00180,4,36559.13,1,24542.81
CUST00180,5,14932.53,0,35436.98
CUST00180,6,46859.5,0,327874.68
CUST00181,1,46778.17,1,234029.57
CUST00181,2,33751.25,1,279009.94
CUST00181,3,47220.97,1,411013.26
CUST00181,4,40741.23,1,411821.48
CUST00181,5,16961.7,1,367150.17
CUST00181,6,42550.54,1,472301.74
CUST00182,1,48226.4,1,50612.56
CUST00182,2,15395.81,1,94730.21
CUST00182,3,28678.64,0,285013.83
CUST00182,4,47637.65,1,374597.18
CUST00182,5,23683.31,1,383141.71
CUST00182,6,30945.36,0,229360.3
CUST00183,1,34935.91,1,83404.66
CUST00183,2,13117.84,1,252346.39
CUST00183,3,34588.93,1,499216.79
CUST00183,4,24935.55,1,451242.49
CUST00183,5,29753.66,1,422427.01
CUST00183,6,23555.45,0,215294.04
CUST00184,1,37664.05,1,120361.28
CUST00184,2,29553.18,1,382854.11
CUST00184,3,46676.61,1,180004.27
CUST00184,4,25358.16,1,97.81
CUST00184,5,6559.83,1,297881.41
CUST00184,6,28292.42,1,3284.41
CUST00185,1,49297.75,0,427860.21
CUST00185,2,5976.56,0,411168.73
CUST00185,3,46360.04,1,278161.54
CUST00185,4,46666.51,0,47143.56
CUST00185,5,25716.64,0,69204.1
CUST00185,6,21518.73,1,124928.45
CUST00186,1,16530.97,1,45952.56
CUST00186,2,22990.92,0,367132.98
CUST00186,3,37561.12,1,86451.25
CUST00186,4,42156.74,0,351423.95
CUST00186,5,41878.19,1,297615.6
CUST00186,6,18517.7,0,404170.59
CUST00187,1,22169.57,1,460935.75
CUST00187,2,20047.53,1,208260.86
CUST00187,3,44052.4,0,373839.33
CUST00187,4,43226.52,1,316943.55
CUST00187,5,33448.71,1,152391.7
CUST00187,6,6853.2,1,282456.45
CUST00188,1,19707.42,0,110398.59
CUST00188,2,7273.39,0,498683.65
CUST00188,3,48696.81,1,287627.43
CUST00188,4,9053.73,1,144891.51
CUST00188,5,22744.51,0,168084.09
CUST00188,6,26413.46,0,24655.55
CUST00189,1,22963.61,1,199263.52
CUST00189,2,24552.1,0,65187.59
CUST00189,3,11069.18,1,99054.26
CUST00189,4,22789.35,1,98049.65
CUST00189,5,32719.86,0,262123.89
CUST00189,6,15904.18,1,388385.95
CUST00190,1,19553.52,1,44797.32
CUST00190,2,35228.64,1,182633.82
CUST00190,3,13572.04,1,296938.57
CUST00190,4,6089.31,1,84627.63
CUST00190,5,20737.24,1,311591.08
CUST00190,6,24820.85,0,99842.61
CUST00191,1,21821.94,0,426382.07
CUST00191,2,10056.73,1,121524.15
CUST00191,3,32945.11,0,434376.18
CUST00191,4,41906.03,1,171635.69
CUST00191,5,41192.63,1,225030.79
CUST00191,6,6023.67,0,370006.49
CUST00192,1,14534.39,1,261632.94
CUST00192,2,16639.61,1,311521.0
CUST00192,3,49653.6,0,349377.62
CUST00192,4,5827.48,1,453020.14
CUST00192,5,28705.96,1,85159.82
CUST00192,6,17780.61,0,308982.39
CUST00193,1,7388.84,0,472588.24
CUST00193,2,7996.9,0,135655.19
CUST00193,3,43343.73,0,180109.57
CUST00193,4,9855.11,1,433705.22
CUST00193,5,34223.5,0,489896.43
CUST00193,6,27884.31,0,49801.86
CUST00194,1,19195.52,1,265780.32
CUST00194,2,13388.78,1,483395.69
CUST00194,3,30230.94,0,10744.23
CUST00194,4,16132.65,1,152463.76
CUST00194,5,27046.98,0,78502.63
CUST00194,6,20605.1,1,177689.07
CUST00195,1,18604.68,1,137939.14
CUST00195,2,7790.44,1,439338.64
CUST00195,3,45068.09,1,472068.35
CUST00195,4,47710.24,0,75854.09
CUST00195,5,45372.89,0,68630.34
CUST00195,6,37845.03,1,480302.85
CUST00196,1,32560.18,0,343261.66
CUST00196,2,23780.0,1,76374.58
CUST00196,3,48674.17,1,164642.37
CUST00196,4,29400.52,0,326236.32
CUST00196,5,31146.38,0,400052.53
CUST00196,6,43816.44,1,344266.04
CUST00197,1,45438.94,0,215032.15
CUST00197,2,45905.09,0,328115.88
CUST00197,3,30417.99,0,158748.11
CUST00197,4,30080.31,0,59193.65
CUST00197,5,19291.89,0,363539.77
CUST00197,6,39444.58,1,480598.09
CUST00198,1,18650.66,0,466884.26
CUST00198,2,45235.85,0,136898.08
CUST00198,3,40059.85,1,65772.94
CUST00198,4,6178.92,1,308473.25
CUST00198,5,32252.2,1,115455.67
CUST00198,6,15448.21,0,13042.25
CUST00199,1,8576.39,1,67043.31
CUST00199,2,43076.22,1,356009.56
CUST00199,3,21828.17,1,245722.8
CUST00199,4,11188.07,0,113136.53
CUST00199,5,23386.51,1,462717.54
CUST00199,6,47758.91,0,371183.33
CUST00200,1,49470.95,0,33068.16
CUST00200,2,46719.64,1,433564.5
CUST00200,3,27047.43,1,433387.45
CUST00200,4,44941.41,1,202433.38
CUST00200,5,6882.18,0,412164.26
CUST00200,6,37409.04,1,305752.44
CUST00201,1,38411.05,1,268079.69
CUST00201,2,33862.72,0,393459.93
CUST00201,3,28429.21,1,228450.21
CUST00201,4,44499.51,0,259351.33
CUST00201,5,22802.5,0,19625.81
CUST00201,6,22432.9,0,481296.16
CUST00202,1,13543.27,1,199019.95
CUST00202,2,18704.94,1,230673.58
CUST00202,3,24010.8,1,459516.41
CUST00202,4,36047.88,0,231789.48
CUST00202,5,34074.57,1,361323.4
CUST00202,6,10092.72,1,468921.23
CUST00203,1,36325.14,0,196533.36
CUST00203,2,19555.74,1,89439.29
CUST00203,3,31564.2,0,447897.45
CUST00203,4,44714.68,1,125041.15
CUST00203,5,36127.28,0,398243.11
CUST00203,6,37326.86,1,45595.62
CUST00204,1,36780.2,0,181471.69
CUST00204,2,28571.78,1,363436.92
CUST00204,3,48883.61,1,474876.94
CUST00204,4,22040.54,1,21953.04
CUST00204,5,12689.82,1,282745.79
CUST00204,6,34678.87,0,81062.05
CUST00205,1,11507.33,0,25655.25
CUST00205,2,18862.8,0,384315.21
CUST00205,3,25081.62,0,90348.01
CUST00205,4,45434.39,0,1766.45
CUST00205,5,39442.81,1,229321.33
CUST00205,6,43493.5,1,403727.28
CUST00206,1,32359.28,1,118939.18
CUST00206,2,31498.8,1,226869.24
CUST00206,3,24884.39,1,300051.05
CUST00206,4,16012.09,1,139056.47
CUST00206,5,33288.59,0,24459.4
CUST00206,6,11671.53,0,174509.92
CUST00207,1,11541.85,1,333498.27
CUST00207,2,42710.65,1,165555.54
CUST00207,3,8946.62,1,208478.46
CUST00207,4,13021.18,0,142190.27
CUST00207,5,34741.61,0,297484.49
CUST00207,6,40428.84,0,483146.63
CUST00208,1,38720.07,1,465739.91
CUST00208,2,9190.68,1,161410.93
CUST00208,3,45388.84,1,379220.99
CUST00208,4,42948.93,1,146416.36
CUST00208,5,11054.56,0,429703.97
CUST00208,6,19814.38,1,262323.1
CUST00209,1,36312.33,1,29092.29
CUST00209,2,30711.52,0,264473.31
CUST00209,3,8945.14,0,344327.14
CUST00209,4,47025.13,0,143593.65
CUST00209,5,32398.01,1,129830.02
CUST00209,6,30881.42,1,176926.67
CUST00210,1,10837.09,1,248198.46
CUST00210,2,37813.31,1,246252.23
CUST00210,3,13095.83,1,116360.82
CUST00210,4,18071.96,0,790.46
CUST00210,5,6079.41,0,398366.28
CUST00210,6,38186.08,0,399782.18
CUST00211,1,49954.42,1,22746.09
CUST00211,2,20734.25,0,106168.97
CUST00211,3,33827.82,0,140813.35
CUST00211,4,40558.8,1,150142.0
CUST00211,5,29749.71,1,56918.38
CUST00211,6,19997.73,1,362198.32
CUST00212,1,32719.7,1,416021.38
CUST00212,2,13730.7,1,461139.88
CUST00212,3,26559.87,1,398627.19
CUST00212,4,34054.35,1,77693.14
CUST00212,5,25727.81,1,447964.3
CUST00212,6,25811.15,1,463894.99
CUST00213,1,7521.0,1,149671.87
CUST00213,2,37623.39,1,277588.6
CUST00213,3,5842.33,1,342746.65
CUST00213,4,40979.09,1,33106.52
CUST00213,5,11718.72,1,169576.21
CUST00213,6,21885.83,1,421202.89
CUST00214,1,30694.17,1,93689.46
CUST00214,2,10258.01,1,352633.09
CUST00214,3,19152.47,1,135748.71
CUST00214,4,8905.9,0,185791.79
CUST00214,5,42325.59,1,108069.94
CUST00214,6,18604.32,1,187107.85
CUST00215,1,6682.78,0,456676.92
CUST00215,2,24969.83,1,399512.64
CUST00215,3,45723.01,0,95105.84
CUST00215,4,46563.65,0,436939.55
CUST00215,5,18966.14,1,71647.52
CUST00215,6,44230.95,1,338358.64
CUST00216,1,10972.27,0,18276.27
CUST00216,2,22441.47,1,57917.99
CUST00216,3,18994.16,1,343526.17
CUST00216,4,31742.94,1,166644.88
CUST00216,5,45013.36,1,260288.86
CUST00216,6,34654.29,1,11240.13
CUST00217,1,39132.22,0,446067.79
CUST00217,2,19439.62,0,143283.69
CUST00217,3,28952.41,1,335562.02
CUST00217,4,17269.44,0,136818.44
CUST00217,5,5686.55,1,279812.88
CUST00217,6,9606.89,1,175159.07
CUST00218,1,19331.82,0,471638.91
CUST00218,2,41180.13,1,122412.54
CUST00218,3,8205.93,1,446121.55
CUST00218,4,29325.97,1,65037.0
CUST00218,5,26183.1,0,25228.01
CUST00218,6,22261.98,1,213232.87
CUST00219,1,13054.23,1,445637.95
CUST00219,2,33326.18,0,349682.75
CUST00219,3,32734.19,1,166166.05
CUST00219,4,13916.62,0,404649.91
CUST00219,5,8534.55,1,283894.65
CUST00219,6,9181.23,0,234137.95
CUST00220,1,25501.29,0,322209.3
CUST00220,2,39492.21,1,115847.11
CUST00220,3,15070.75,1,129026.38
CUST00220,4,21355.22,0,349807.31
CUST00220,5,34933.13,1,226641.53
CUST00220,6,6361.89,1,56443.53
CUST00221,1,26539.34,0,141128.68
CUST00221,2,20687.69,1,63697.0
CUST00221,3,9631.95,0,398378.89
CUST00221,4,19664.14,0,35461.99
CUST00221,5,18595.32,1,200408.24
CUST00221,6,23604.89,1,121845.53
CUST00222,1,12155.91,1,191908.23
CUST00222,2,20332.14,0,295485.1
CUST00222,3,40294.13,1,283605.6
CUST00222,4,20399.04,0,118077.16
CUST00222,5,34817.55,1,369683.52
CUST00222,6,37035.9,1,57161.43
CUST00223,1,31823.4,1,277543.85
CUST00223,2,41991.04,0,154017.86
CUST00223,3,23260.72,1,54372.32
CUST00223,4,41633.0,1,163704.12
CUST00223,5,34024.51,1,45266.5
CUST00223,6,41766.51,1,451628.0
CUST00224,1,33625.98,1,378538.86
CUST00224,2,34739.66,1,265627.91
CUST00224,3,22549.22,1,223579.88
CUST00224,4,14254.78,1,149867.67
CUST00224,5,40745.6,0,152275.07
CUST00224,6,47450.0,1,358895.61
CUST00225,1,46180.31,1,291363.49
CUST00225,2,32517.08,1,202098.71
CUST00225,3,10740.01,1,31205.28
CUST00225,4,45548.41,1,421.66
CUST00225,5,30201.36,1,54849.16
CUST00225,6,17699.42,1,117620.59
CUST00226,1,36599.98,1,312607.15
CUST00226,2,37029.81,1,190782.52
CUST00226,3,29530.35,0,86705.05
CUST00226,4,11258.1,1,192297.53
CUST00226,5,46601.69,1,77133.65
CUST00226,6,49885.52,0,62774.58
CUST00227,1,5522.12,0,7853.9
CUST00227,2,37460.27,1,328963.35
CUST00227,3,48873.88,0,42331.72
CUST00227,4,33900.93,1,430076.38
CUST00227,5,45211.21,0,302214.76
CUST00227,6,24156.69,0,227197.18
CUST00228,1,24085.61,1,192357.36
CUST00228,2,15158.34,1,302286.63
CUST00228,3,31007.23,0,118374.98
CUST00228,4,27577.8,1,463282.23
CUST00228,5,30935.86,1,489116.72
CUST00228,6,30566.73,0,184289.3
CUST00229,1,31112.1,0,40031.55
CUST00229,2,37858.35,1,491789.55
CUST00229,3,49265.08,1,232468.16
CUST00229,4,8520.56,1,44223.18
CUST00229,5,26260.32,0,331868.47
CUST00229,6,35092.27,0,316843.83
CUST00230,1,40914.42,1,306519.56
CUST00230,2,45661.34,1,389263.57
CUST00230,3,26099.1,1,453027.54
CUST00230,4,30828.44,1,210508.05
CUST00230,5,48226.16,1,144604.22
CUST00230,6,6589.68,1,374712.64
CUST00231,1,37713.73,1,130221.57
CUST00231,2,33318.5,1,84539.62
CUST00231,3,7322.89,1,404447.89
CUST00231,4,33094.27,1,242380.09
CUST00231,5,10706.96,1,425722.63
CUST00231,6,17503.2,0,307898.88
CUST00232,1,17384.77,1,7101.51
CUST00232,2,10019.72,0,455065.74
CUST00232,3,38253.53,0,223326.58
CUST00232,4,41352.83,1,391263.85
CUST00232,5,15628.81,0,399686.0
CUST00232,6,43790.65,1,492035.83
CUST00233,1,48530.55,1,466970.93
CUST00233,2,11936.76,1,376380.65
CUST00233,3,23582.65,1,118973.72
CUST00233,4,24808.33,0,83641.63
CUST00233,5,30999.08,1,27162.89
CUST00233,6,16897.8,1,26261.6
CUST00234,1,25880.67,1,150683.56
CUST00234,2,38576.77,1,116830.66
CUST00234,3,35757.95,1,237294.79
CUST00234,4,11531.74,1,5931.52
CUST00234,5,46725.01,1,191002.05
CUST00234,6,19205.99,1,341438.16
CUST00235,1,6845.79,1,318712.08
CUST00235,2,48028.26,1,305242.78
CUST00235,3,34342.97,1,167483.7
CUST00235,4,17018.95,1,127671.96
CUST00235,5,31287.96,1,386575.51
CUST00235,6,38709.09,0,335944.93
CUST00236,1,39672.38,1,168703.3
CUST00236,2,36062.52,0,156634.91
CUST00236,3,5476.01,1,415844.75
CUST00236,4,5538.26,1,262632.13
CUST00236,5,35847.48,1,109708.16
CUST00236,6,17748.37,0,17020.88
CUST00237,1,32872.88,1,469252.73
CUST00237,2,34547.25,0,475244.48
CUST00237,3,33713.73,0,478897.67
CUST00237,4,8887.39,1,64953.63
CUST00237,5,34537.76,0,283034.4
CUST00237,6,48522.45,1,347826.82
CUST00238,1,16400.11,1,330238.92
CUST00238,2,8407.14,1,461347.7
CUST00238,3,17437.26,1,346110.75
CUST00238,4,35041.06,1,128668.3
CUST00238,5,40132.91,1,388552.98
CUST00238,6,22225.96,1,497979.28
CUST00239,1,16620.74,1,88964.74
CUST00239,2,8122.93,0,305150.94
CUST00239,3,13029.9,1,54215.23
CUST00239,4,29328.45,1,109193.25
CUST00239,5,33950.22,1,357700.16
CUST00239,6,9647.92,1,35206.16
CUST00240,1,37739.53,1,9382.4
CUST00240,2,27396.56,0,320167.63
CUST00240,3,46980.22,0,195241.91
CUST00240,4,11822.34,1,452308.77
CUST00240,5,30858.81,1,353802.83
CUST00240,6,39694.58,1,218028.83
CUST00241,1,42982.21,1,270064.36
CUST00241,2,5148.83,0,408988.33
CUST00241,3,26692.99,1,267652.04
CUST00241,4,49622.06,1,340917.87
CUST00241,5,23027.67,0,498507.9
CUST00241,6,34118.35,1,267313.15
CUST00242,1,48241.65,1,420590.79
CUST00242,2,39220.39,1,323896.29
CUST00242,3,12947.82,1,483756.48
CUST00242,4,34733.03,1,347941.14
CUST00242,5,45340.73,0,344421.29
CUST00242,6,26892.66,0,218991.87
CUST00243,1,13525.9,1,96546.36
CUST00243,2,37388.26,1,119242.57
CUST00243,3,22494.54,1,321703.82
CUST00243,4,27485.79,1,483287.07
CUST00243,5,5738.82,1,28027.23
CUST00243,6,40450.03,1,202753.93
CUST00244,1,14525.52,0,333658.21
CUST00244,2,25626.67,0,435100.01
CUST00244,3,29145.26,0,289672.86
CUST00244,4,46616.71,1,367729.86
CUST00244,5,27000.26,1,235609.82
CUST00244,6,46310.86,1,121341.28
CUST00245,1,34195.39,1,86124.5
CUST00245,2,7248.11,1,410369.61
CUST00245,3,9378.15,1,85344.69
CUST00245,4,31596.91,1,57089.84
CUST00245,5,31773.98,1,110286.26
CUST00245,6,41200.41,1,168671.56
CUST00246,1,42615.32,0,339198.92
CUST00246,2,19590.57,0,287983.51
CUST00246,3,11179.82,0,382113.94
CUST00246,4,31688.84,1,31610.94
CUST00246,5,17325.2,1,84025.43
CUST00246,6,21646.73,0,219330.61
CUST00247,1,46655.4,1,66685.44
CUST00247,2,40597.35,0,306220.75
CUST00247,3,39994.77,1,439813.47
CUST00247,4,8632.52,1,89706.43
CUST00247,5,9011.36,0,296865.26
CUST00247,6,17767.92,0,403705.9
CUST00248,1,39765.32,0,63446.21
CUST00248,2,11438.95,1,261543.43
CUST00248,3,23541.41,0,305268.99
CUST00248,4,6692.95,0,358599.38
CUST00248,5,32542.24,1,313595.83
CUST00248,6,40216.24,1,209392.94
CUST00249,1,30096.97,0,58753.91
CUST00249,2,28858.96,1,309460.47
CUST00249,3,43822.9,1,253770.38
CUST00249,4,25889.72,0,329663.58
CUST00249,5,17439.2,0,56339.56
CUST00249,6,11714.78,1,248757.42
CUST00250,1,12189.18,1,27013.81
CUST00250,2,21388.69,0,217335.82
CUST00250,3,20043.26,1,21658.74
CUST00250,4,38318.76,1,87943.8
CUST00250,5,40347.14,1,257451.86
CUST00250,6,8188.68,0,360701.54
CUST00251,1,31671.8,1,209533.14
CUST00251,2,38618.9,1,115031.62
CUST00251,3,9955.98,0,49032.07
CUST00251,4,38198.65,0,187766.19
CUST00251,5,14929.82,1,292546.13
CUST00251,6,7445.27,1,72470.64
CUST00252,1,46754.92,1,89030.38
CUST00252,2,21806.83,1,359910.61
CUST00252,3,33440.95,1,101105.45
CUST00252,4,10724.53,0,284332.92
CUST00252,5,17627.19,1,425825.68
CUST00252,6,25636.05,0,380169.79
CUST00253,1,14893.41,1,301817.99
CUST00253,2,40529.61,0,476380.07
CUST00253,3,45751.01,1,485067.92
CUST00253,4,43475.18,1,205848.07
CUST00253,5,28479.6,0,295790.44
CUST00253,6,42664.51,1,7251.93
CUST00254,1,24264.97,0,123915.72
CUST00254,2,24541.19,0,445911.31
CUST00254,3,31629.72,0,456877.36
CUST00254,4,45421.33,1,490092.02
CUST00254,5,6802.64,1,366738.15
CUST00254,6,27689.73,1,265560.86
CUST00255,1,26567.12,0,410645.66
CUST00255,2,25359.86,0,41545.76
CUST00255,3,38888.54,0,365893.14
CUST00255,4,47747.03,0,179202.84
CUST00255,5,15757.81,1,7965.08
CUST00255,6,35106.6,0,351652.24
CUST00256,1,43606.5,0,291830.06
CUST00256,2,48938.94,1,385917.5
CUST00256,3,44338.96,1,92472.87
CUST00256,4,44219.83,0,232147.89
CUST00256,5,33503.1,0,35349.3
CUST00256,6,45204.55,1,265460.16
CUST00257,1,18346.55,1,349027.49
CUST00257,2,32562.56,1,397239.38
CUST00257,3,40446.13,1,310227.61
CUST00257,4,20106.26,1,257368.24
CUST00257,5,45950.19,1,443988.95
CUST00257,6,9993.49,1,232676.44
CUST00258,1,6839.35,1,87633.7
CUST00258,2,30145.57,1,280379.1
CUST00258,3,39810.9,0,490625.81
CUST00258,4,15738.47,1,324519.2
CUST00258,5,38182.1,1,435565.69
CUST00258,6,36627.96,0,380442.95
CUST00259,1,19420.87,1,251782.99
CUST00259,2,24031.81,1,31684.59
CUST00259,3,20535.2,1,250725.05
CUST00259,4,42330.19,1,354912.64
CUST00259,5,35523.87,1,449725.6
CUST00259,6,25339.03,1,399951.93
CUST00260,1,47541.44,1,94176.79
CUST00260,2,44779.05,1,40085.2
CUST00260,3,45407.56,1,479128.25
CUST00260,4,8462.63,0,137971.37
CUST00260,5,36368.69,1,75249.03
CUST00260,6,14191.53,0,11345.13
CUST00261,1,23744.15,0,270717.48
CUST00261,2,10941.23,1,210064.99
CUST00261,3,38196.92,1,145758.4
CUST00261,4,7832.73,0,417473.76
CUST00261,5,28382.92,1,205845.86
CUST00261,6,20425.66,0,393412.18
CUST00262,1,26876.68,0,348431.79
CUST00262,2,42885.85,1,229003.55
CUST00262,3,30526.32,1,85868.56
CUST00262,4,16700.34,1,185951.16
CUST00262,5,17966.58,1,74169.17
CUST00262,6,17797.19,0,309315.11
CUST00263,1,12235.54,1,142623.29
CUST00263,2,48794.27,0,346429.63
CUST00263,3,34986.02,0,80627.36
CUST00263,4,10261.28,1,287262.59
CUST00263,5,24839.99,1,92248.29
CUST00263,6,30311.93,1,332776.64
CUST00264,1,49011.02,0,186457.47
CUST00264,2,29294.0,0,266821.48
CUST00264,3,10467.05,1,202281.17
CUST00264,4,27473.76,0,473894.53
CUST00264,5,46751.51,0,2147.15
CUST00264,6,38232.27,1,165640.32
CUST00265,1,36745.31,1,447988.73
CUST00265,2,48632.25,1,333443.87
CUST00265,3,40980.93,0,453440.39
CUST00265,4,24894.75,0,56157.81
CUST00265,5,26554.16,1,69711.65
CUST00265,6,29793.2,1,12397.8
CUST00266,1,32788.49,0,222986.35
CUST00266,2,9161.65,1,304075.6
CUST00266,3,13781.74,1,111071.93
CUST00266,4,47104.93,1,97857.84
CUST00266,5,8761.53,1,338531.69
CUST00266,6,48093.07,1,197211.81
CUST00267,1,27070.94,1,302538.91
CUST00267,2,47453.1,0,180532.43
CUST00267,3,11657.57,1,184814.98
CUST00267,4,21777.4,1,172460.11
CUST00267,5,18863.84,1,437150.87
CUST00267,6,8941.94,0,443902.44
CUST00268,1,38368.75,1,401842.75
CUST00268,2,17988.53,0,485180.34
CUST00268,3,24072.45,1,69783.84
CUST00268,4,31423.1,1,71819.64
CUST00268,5,18645.4,1,493319.17
CUST00268,6,7975.21,1,378057.03
CUST00269,1,8980.17,1,319403.0
CUST00269,2,17299.8,0,277906.92
CUST00269,3,36961.12,0,99628.78
CUST00269,4,42452.77,1,276933.46
CUST00269,5,6900.48,1,417292.6
CUST00269,6,18676.15,1,369928.01
CUST00270,1,15103.41,1,77011.98
CUST00270,2,18507.62,0,417121.54
CUST00270,3,26264.35,0,332956.73
CUST00270,4,17946.01,0,245943.25
CUST00270,5,35952.94,0,14221.29
CUST00270,6,39412.33,1,497166.48
CUST00271,1,8002.62,0,180879.76
CUST00271,2,26621.87,1,434172.96
CUST00271,3,33259.82,1,487129.37
CUST00271,4,41822.64,1,256262.93
CUST00271,5,30886.87,1,81423.62
CUST00271,6,7632.97,1,230521.98
CUST00272,1,36197.74,1,81654.43
CUST00272,2,17270.17,1,318123.57
CUST00272,3,47982.04,1,144928.1
CUST00272,4,28832.55,1,256933.25
CUST00272,5,39489.91,0,382344.69
CUST00272,6,31944.31,0,271856.17
CUST00273,1,44259.94,0,399938.6
CUST00273,2,17215.65,0,344173.32
CUST00273,3,9312.5,1,175814.68
CUST00273,4,11467.29,0,259085.37
CUST00273,5,21785.64,1,205997.25
CUST00273,6,46440.83,0,51208.93
CUST00274,1,11954.97,0,415786.78
CUST00274,2,40779.8,1,306714.18
CUST00274,3,42413.73,1,423034.87
CUST00274,4,37064.62,0,378153.37
CUST00274,5,10128.5,1,458015.58
CUST00274,6,10245.45,0,461704.88
CUST00275,1,26578.32,1,345525.35
CUST00275,2,11255.63,1,444863.19
CUST00275,3,31894.19,1,86103.58
CUST00275,4,18710.79,0,407287.05
CUST00275,5,15006.1,0,71179.67
CUST00275,6,15195.85,0,104920.5
CUST00276,1,49149.93,1,345409.07
CUST00276,2,40281.34,1,9403.21
CUST00276,3,26791.47,1,21258.47
CUST00276,4,9851.78,0,256739.6
CUST00276,5,7666.94,1,454264.65
CUST00276,6,6947.67,1,333793.21
CUST00277,1,38954.76,1,460049.04
CUST00277,2,14243.05,0,92390.91
CUST00277,3,20819.01,1,72778.49
CUST00277,4,38578.91,1,474395.8
CUST00277,5,20652.64,0,427569.04
CUST00277,6,40136.1,1,120911.26
CUST00278,1,30660.59,1,409793.25
CUST00278,2,39345.98,1,108499.04
CUST00278,3,13619.64,1,85886.73
CUST00278,4,38930.8,1,486789.95
CUST00278,5,9440.86,0,460238.59
CUST00278,6,43308.36,1,183231.51
CUST00279,1,31522.13,1,336762.85
CUST00279,2,9829.6,1,490650.56
CUST00279,3,24084.13,1,113777.11
CUST00279,4,10078.05,1,61807.7
CUST00279,5,9964.23,0,247908.01
CUST00279,6,21256.27,1,278566.06
CUST00280,1,6827.39,1,246856.4
CUST00280,2,22315.15,1,300194.75
CUST00280,3,19040.31,1,112936.71
CUST00280,4,23327.7,1,94392.49
CUST00280,5,8132.41,1,469541.0
CUST00280,6,21534.86,1,499361.66
CUST00281,1,27124.18,1,198184.88
CUST00281,2,28519.81,0,42502.96
CUST00281,3,11451.54,1,347518.56
CUST00281,4,48990.69,0,462645.16
CUST00281,5,49003.4,1,181855.0
CUST00281,6,13958.89,0,297480.41
CUST00282,1,49579.76,1,116434.82
CUST00282,2,24111.69,1,139259.17
CUST00282,3,37107.22,1,296824.99
CUST00282,4,39033.63,0,471612.53
CUST00282,5,21024.38,0,301582.72
CUST00282,6,23199.96,1,255707.26
CUST00283,1,11631.83,1,54018.33
CUST00283,2,16281.04,1,115410.9
CUST00283,3,47408.14,1,49801.7
CUST00283,4,7378.36,1,249067.45
CUST00283,5,6203.7,0,191316.49
CUST00283,6,35564.2,0,151376.31
CUST00284,1,33045.47,1,330540.3
CUST00284,2,28397.7,1,396365.71
CUST00284,3,14086.93,0,248949.52
CUST00284,4,27715.76,1,171807.82
CUST00284,5,43685.25,1,8835.2
CUST00284,6,39378.42,1,440062.84
CUST00285,1,10361.03,1,157279.6
CUST00285,2,21935.15,1,17990.56
CUST00285,3,12959.11,0,430180.35
CUST00285,4,18637.01,0,82072.12
CUST00285,5,24380.65,1,357861.59
CUST00285,6,26935.47,1,284427.61
CUST00286,1,27074.92,1,342687.08
CUST00286,2,30749.46,1,281127.71
CUST00286,3,12033.99,1,195692.41
CUST00286,4,27261.1,1,308469.84
CUST00286,5,20874.37,1,160241.39
CUST00286,6,6266.61,1,64099.03
CUST00287,1,21488.45,0,291983.49
CUST00287,2,39433.73,0,170628.26
CUST00287,3,9380.75,1,495972.76
CUST00287,4,23536.83,1,330620.0
CUST00287,5,16142.63,0,156049.76
CUST00287,6,8822.38,0,32750.12
CUST00288,1,18721.06,1,84889.62
CUST00288,2,29228.76,1,230454.69
CUST00288,3,43851.58,1,257379.91
CUST00288,4,23952.77,1,347979.24
CUST00288,5,31459.52,1,188868.8
CUST00288,6,22563.54,1,48862.84
CUST00289,1,26976.14,0,337555.65
CUST00289,2,20118.54,1,405728.59
CUST00289,3,35032.44,0,307413.94
CUST00289,4,21350.04,1,100879.31
CUST00289,5,33594.99,1,420190.24
CUST00289,6,29112.53,1,132577.55
CUST00290,1,18379.41,1,201013.68
CUST00290,2,15164.87,0,478970.53
CUST00290,3,37296.81,1,47366.81
CUST00290,4,20157.71,1,283214.15
CUST00290,5,28897.86,1,104869.58
CUST00290,6,40804.33,0,411869.47
CUST00291,1,27708.78,1,216455.24
CUST00291,2,29297.64,0,207157.13
CUST00291,3,16306.92,1,226614.3
CUST00291,4,39354.9,0,440448.28
CUST00291,5,33252.98,1,431354.9
CUST00291,6,30957.95,0,330403.11
CUST00292,1,42075.86,1,133967.98
CUST00292,2,33706.69,1,426387.32
CUST00292,3,45807.61,1,363307.53
CUST00292,4,7694.67,0,182137.33
CUST00292,5,11648.47,0,373216.76
CUST00292,6,39448.85,1,205130.13
CUST00293,1,43708.37,1,316963.74
CUST00293,2,43068.51,1,411855.35
CUST00293,3,34071.92,1,343427.45
CUST00293,4,15625.84,0,56779.29
CUST00293,5,13636.22,0,398522.38
CUST00293,6,18974.33,1,279912.51
CUST00294,1,24625.98,0,452827.81
CUST00294,2,14089.57,1,68215.31
CUST00294,3,16627.86,1,329335.36
CUST00294,4,12919.33,1,481893.45
CUST00294,5,26862.89,1,27663.64
CUST00294,6,45342.75,1,300799.87
CUST00295,1,44022.73,1,448386.62
CUST00295,2,35225.24,1,198447.53
CUST00295,3,42791.47,0,118020.58
CUST00295,4,30693.8,1,466467.72
CUST00295,5,28488.09,1,474837.25
CUST00295,6,46920.0,1,248225.55
CUST00296,1,9061.2,1,61138.42
CUST00296,2,41300.93,1,416167.08
CUST00296,3,38175.64,0,371979.49
CUST00296,4,47097.5,0,72138.95
CUST00296,5,12881.94,1,219737.71
CUST00296,6,16443.77,1,27962.7
CUST00297,1,29006.15,0,474355.44
CUST00297,2,19242.05,1,237427.06
CUST00297,3,16085.6,1,439716.77
CUST00297,4,47163.75,1,237610.89
CUST00297,5,21548.27,1,10537.11
CUST00297,6,48506.23,1,17404.72
CUST00298,1,38275.24,1,345341.23
CUST00298,2,40496.12,0,126491.45
CUST00298,3,22311.06,0,479241.81
CUST00298,4,21328.48,0,61026.88
CUST00298,5,44012.88,1,194235.51
CUST00298,6,45940.51,1,463753.7
CUST00299,1,46306.7,1,45125.16
CUST00299,2,42021.85,0,148711.45
CUST00299,3,43673.75,0,457945.4
CUST00299,4,33410.87,0,203144.41
CUST00299,5,6524.68,1,411598.89
CUST00299,6,47322.29,1,368470.98
CUST00300,1,46692.37,1,358693.01
CUST00300,2,44454.26,1,412200.43
CUST00300,3,36431.7,1,33183.62
CUST00300,4,23939.17,0,406714.02
CUST00300,5,38200.35,1,347605.05
CUST00300,6,39288.9,0,320796.26
CUST00301,1,33357.04,0,68046.11
CUST00301,2,23029.78,0,152773.77
CUST00301,3,30911.42,1,78911.22
CUST00301,4,28236.47,0,381581.35
CUST00301,5,43113.22,0,205158.1
CUST00301,6,47273.82,1,239182.74
CUST00302,1,38082.74,1,86739.51
CUST00302,2,31685.92,1,399764.33
CUST00302,3,13939.87,1,183799.78
CUST00302,4,22707.24,1,472378.58
CUST00302,5,44795.36,0,10367.32
CUST00302,6,6033.65,1,323553.34
CUST00303,1,33198.23,1,487063.79
CUST00303,2,13921.98,0,425915.44
CUST00303,3,7240.23,1,214451.68
CUST00303,4,16707.1,1,479016.43
CUST00303,5,12655.53,1,58675.26
CUST00303,6,37336.25,1,386679.66
CUST00304,1,46772.82,0,247074.52
CUST00304,2,15101.78,0,95272.08
CUST00304,3,43787.15,1,143980.99
CUST00304,4,27237.57,0,215654.29
CUST00304,5,14297.27,0,497603.72
CUST00304,6,17733.53,0,94681.58
CUST00305,1,13116.64,0,14386.56
CUST00305,2,48925.77,0,308840.12
CUST00305,3,45829.77,1,291451.54
CUST00305,4,34125.6,1,5160.12
CUST00305,5,10994.22,1,487199.59
CUST00305,6,22889.96,0,356667.97
CUST00306,1,36880.39,0,298597.97
CUST00306,2,8287.5,1,29376.16
CUST00306,3,19978.81,0,235466.21
CUST00306,4,20943.58,1,469660.97
CUST00306,5,48524.44,1,354782.98
CUST00306,6,41443.38,1,126828.44
CUST00307,1,32884.6,1,488761.94
CUST00307,2,35206.79,0,484028.91
CUST00307,3,30180.22,1,89686.11
CUST00307,4,12643.99,1,465163.47
CUST00307,5,44505.35,0,44823.99
CUST00307,6,36961.5,1,70897.87
CUST00308,1,10257.89,1,489258.3
CUST00308,2,27464.48,1,373911.68
CUST00308,3,46680.67,1,451396.34
CUST00308,4,16844.74,1,258486.34
CUST00308,5,24609.89,0,157771.46
CUST00308,6,49755.43,0,277837.35
CUST00309,1,46528.38,0,399110.09
CUST00309,2,7395.0,0,27283.58
CUST00309,3,13241.36,1,130111.98
CUST00309,4,36768.33,1,58012.02
CUST00309,5,45282.88,1,20395.85
CUST00309,6,21043.41,0,280427.26
CUST00310,1,25599.19,1,422919.18
CUST00310,2,44009.57,1,174802.15
CUST00310,3,14168.02,1,90327.48
CUST00310,4,12573.28,1,411285.88
CUST00310,5,30346.13,0,292838.7
CUST00310,6,31259.63,1,263007.7
CUST00311,1,30685.45,1,460206.6
CUST00311,2,16077.08,1,338454.26
CUST00311,3,44931.55,1,142140.63
CUST00311,4,49160.05,1,197084.9
CUST00311,5,31565.23,1,418488.6
CUST00311,6,11919.9,1,230116.59
CUST00312,1,36846.8,1,227027.76
CUST00312,2,47984.07,1,329003.15
CUST00312,3,19824.21,1,328086.38
CUST00312,4,47790.32,1,473709.2
CUST00312,5,49991.95,1,64660.1
CUST00312,6,43847.55,0,141477.0
CUST00313,1,40916.61,0,35362.04
CUST00313,2,47835.51,1,46275.51
CUST00313,3,16482.38,0,482524.65
CUST00313,4,43948.2,1,10256.02
CUST00313,5,14370.02,1,389746.27
CUST00313,6,17822.12,0,77067.33
CUST00314,1,18434.6,1,367944.64
CUST00314,2,46476.49,0,301756.8
CUST00314,3,21156.99,1,416026.44
CUST00314,4,28069.4,1,222721.21
CUST00314,5,22464.03,1,281528.54
CUST00314,6,24038.18,1,405497.18
CUST00315,1,32624.05,1,315343.13
CUST00315,2,9182.64,1,170872.42
CUST00315,3,25858.62,0,323805.31
CUST00315,4,37113.6,1,263639.36
CUST00315,5,34125.14,1,145351.51
CUST00315,6,24681.0,1,150196.63
CUST00316,1,49288.38,0,451451.81
CUST00316,2,42869.21,1,213865.9
CUST00316,3,30584.11,1,38266.26
CUST00316,4,7029.27,1,255325.79
CUST00316,5,23585.87,1,330427.63
CUST00316,6,30581.52,1,177728.82
CUST00317,1,31350.55,1,8134.35
CUST00317,2,38323.23,1,89776.1
CUST00317,3,13199.37,1,22629.36
CUST00317,4,23731.32,0,148823.76
CUST00317,5,31424.38,1,378677.13
CUST00317,6,25247.66,1,170667.19
CUST00318,1,46315.04,0,105534.19
CUST00318,2,8519.92,1,129658.84
CUST00318,3,35303.39,1,267188.0
CUST00318,4,5263.12,1,6652.3
CUST00318,5,34511.04,1,345903.11
CUST00318,6,44095.12,0,300943.72
CUST00319,1,26902.51,1,406566.24
CUST00319,2,32753.52,0,336901.57
CUST00319,3,36063.2,1,402320.37
CUST00319,4,8943.58,0,6937.96
CUST00319,5,10036.06,1,348016.22
CUST00319,6,13469.95,1,104614.74
CUST00320,1,34188.04,0,120890.11
CUST00320,2,42894.04,1,95457.23
CUST00320,3,18541.3,1,74082.82
CUST00320,4,23984.57,1,83052.75
CUST00320,5,11859.0,0,222632.97
CUST00320,6,26827.11,1,429898.22
CUST00321,1,31335.18,0,147415.7
CUST00321,2,42325.28,1,25461.09
CUST00321,3,5354.34,0,423814.77
CUST00321,4,24430.46,1,424308.13
CUST00321,5,38168.52,1,365539.27
CUST00321,6,49956.19,1,243748.26
CUST00322,1,26874.54,1,362307.09
CUST00322,2,47087.64,1,115952.89
CUST00322,3,7731.71,1,211002.27
CUST00322,4,19213.26,1,133924.44
CUST00322,5,34173.51,1,58470.37
CUST00322,6,33021.35,0,173382.06
CUST00323,1,36388.15,1,80666.72
CUST00323,2,37679.41,1,171923.69
CUST00323,3,15444.64,0,293829.36
CUST00323,4,35823.83,1,426726.9
CUST00323,5,37183.96,1,65579.28
CUST00323,6,18202.73,0,195185.62
CUST00324,1,23758.75,0,326250.09
CUST00324,2,21211.5,1,399877.53
CUST00324,3,43003.91,1,103604.3
CUST00324,4,36081.39,1,333528.23
CUST00324,5,10809.34,0,78157.05
CUST00324,6,27148.36,1,471527.35
CUST00325,1,27217.63,0,104716.47
CUST00325,2,7117.22,1,179393.38
CUST00325,3,16736.36,0,79302.73
CUST00325,4,42257.69,1,15985.0
CUST00325,5,7864.95,1,56984.65
CUST00325,6,15201.06,1,112047.82
CUST00326,1,16602.0,1,392442.9
CUST00326,2,39621.83,1,133745.62
CUST00326,3,11803.03,0,436847.84
CUST00326,4,32193.03,1,353202.46
CUST00326,5,46698.44,1,399493.44
CUST00326,6,48319.12,1,487329.88
CUST00327,1,40174.36,1,391078.13
CUST00327,2,47632.26,1,20984.72
CUST00327,3,9743.5,0,59029.68
CUST00327,4,14242.38,1,78516.27
CUST00327,5,18145.53,1,380982.34
CUST00327,6,27427.6,1,77147.87
CUST00328,1,21368.16,0,61491.73
CUST00328,2,14085.06,1,384609.65
CUST00328,3,5296.44,1,170660.03
CUST00328,4,27726.02,1,133007.81
CUST00328,5,37183.99,1,180321.7
CUST00328,6,34924.79,0,376603.13
CUST00329,1,28834.26,0,68997.17
CUST00329,2,24297.03,1,449032.63
CUST00329,3,47832.82,1,397303.67
CUST00329,4,21279.85,1,221289.34
CUST00329,5,39656.83,0,403123.43
CUST00329,6,47463.93,1,169151.81
CUST00330,1,23074.29,0,217036.14
CUST00330,2,22696.98,1,330088.09
CUST00330,3,33865.96,1,28904.91
CUST00330,4,33422.34,0,399535.38
CUST00330,5,44411.6,1,209652.65
CUST00330,6,44860.23,0,276805.21
CUST00331,1,18694.54,0,156847.62
CUST00331,2,20487.08,1,450104.26
CUST00331,3,32468.05,0,350147.53
CUST00331,4,25078.51,0,443789.88
CUST00331,5,33096.19,1,326018.54
CUST00331,6,36386.19,0,202252.85
CUST00332,1,13878.31,1,42140.46
CUST00332,2,29184.51,1,362549.34
CUST00332,3,38302.35,0,260234.85
CUST00332,4,29335.56,0,46409.78
CUST00332,5,29830.36,1,170354.44
CUST00332,6,33605.85,1,13945.61
CUST00333,1,40846.94,1,129345.09
CUST00333,2,42450.3,1,363254.62
CUST00333,3,49412.96,1,365993.08
CUST00333,4,42871.25,1,313494.77
CUST00333,5,20951.3,1,378279.97
CUST00333,6,47360.44,1,148980.56
CUST00334,1,38158.64,1,169490.15
CUST00334,2,15624.38,0,494500.04
CUST00334,3,30451.88,0,332760.27
CUST00334,4,43002.31,0,175168.57
CUST00334,5,17804.1,0,286382.87
CUST00334,6,11298.72,1,259833.32
CUST00335,1,16143.5,1,258225.91
CUST00335,2,13664.99,1,227154.8
CUST00335,3,11594.9,1,414218.81
CUST00335,4,8687.62,1,212443.37
CUST00335,5,10852.85,0,223082.04
CUST00335,6,21618.24,1,201376.85
CUST00336,1,30153.58,1,436007.4
CUST00336,2,31293.67,0,211711.1
CUST00336,3,24803.6,1,365858.48
CUST00336,4,23761.51,0,72173.09
CUST00336,5,10720.58,0,228856.4
CUST00336,6,48561.43,1,431635.83
CUST00337,1,10312.62,0,227716.19
CUST00337,2,6467.33,0,472034.78
CUST00337,3,21619.94,1,300800.11
CUST00337,4,23387.89,1,184792.98
CUST00337,5,18031.58,1,76652.26
CUST00337,6,21716.03,1,151630.04
CUST00338,1,26866.65,0,71069.9
CUST00338,2,31533.09,1,468410.33
CUST00338,3,18732.38,1,107790.73
CUST00338,4,41860.63,1,1042.88
CUST00338,5,29639.18,1,435213.27
CUST00338,6,23790.88,1,154850.94
CUST00339,1,25356.85,1,390674.67
CUST00339,2,26385.24,0,416841.73
CUST00339,3,10976.43,0,252381.93
CUST00339,4,25742.13,1,333610.37
CUST00339,5,11704.22,0,162608.14
CUST00339,6,40991.52,0,311794.74
CUST00340,1,22425.58,1,169498.94
CUST00340,2,7061.89,0,445021.58
CUST00340,3,38116.08,0,44264.95
CUST00340,4,12452.67,1,285997.4
CUST00340,5,40827.15,0,154424.04
CUST00340,6,34032.19,0,279676.41
CUST00341,1,13659.2,1,270917.16
CUST00341,2,39092.68,1,260876.89
CUST00341,3,38775.14,1,448432.14
CUST00341,4,10412.74,1,89871.7
CUST00341,5,5853.81,0,122643.35
CUST00341,6,36752.8,1,222114.73
CUST00342,1,41311.45,1,160215.58
CUST00342,2,31500.19,1,430987.17
CUST00342,3,6046.85,1,90254.0
CUST00342,4,6082.56,1,158691.22
CUST00342,5,16573.0,1,489893.06
CUST00342,6,29380.07,1,72017.13
CUST00343,1,16499.95,1,77113.69
CUST00343,2,47847.41,0,84595.52
CUST00343,3,32651.39,1,90728.92
CUST00343,4,37098.53,1,194969.86
CUST00343,5,19401.87,1,446505.51
CUST00343,6,16607.04,1,25939.06
CUST00344,1,15783.03,1,293014.54
CUST00344,2,27184.07,1,192524.34
CUST00344,3,10178.66,1,159168.22
CUST00344,4,29890.45,1,242085.75
CUST00344,5,23337.22,0,456867.55
CUST00344,6,5838.03,1,481737.34
CUST00345,1,35379.38,0,381489.15
CUST00345,2,34319.79,0,152306.42
CUST00345,3,23303.57,1,423138.93
CUST00345,4,27519.46,0,186652.61
CUST00345,5,49338.89,0,268767.81
CUST00345,6,24068.86,1,225871.0
CUST00346,1,5045.05,1,480557.22
CUST00346,2,32932.85,0,486040.9
CUST00346,3,5024.43,1,136651.47
CUST00346,4,16290.0,0,190076.76
CUST00346,5,20813.81,0,106377.07
CUST00346,6,42830.79,1,22742.37
CUST00347,1,38263.23,1,34967.61
CUST00347,2,9037.18,0,61488.48
CUST00347,3,11284.26,1,499410.63
CUST00347,4,44522.57,0,305222.65
CUST00347,5,48083.77,1,441965.81
CUST00347,6,47543.38,0,130680.27
CUST00348,1,38871.23,1,136506.57
CUST00348,2,34802.47,1,170814.9
CUST00348,3,25690.97,1,164228.62
CUST00348,4,46130.82,0,323221.65
CUST00348,5,5092.14,1,2139.62
CUST00348,6,5431.04,0,206581.52
CUST00349,1,45287.07,0,244488.36
CUST00349,2,22675.6,1,393652.62
CUST00349,3,34209.38,1,269324.66
CUST00349,4,45165.75,0,222588.39
CUST00349,5,10553.7,1,413733.42
CUST00349,6,21108.46,0,419572.9
CUST00350,1,41534.14,1,62381.93
CUST00350,2,21671.63,0,222288.83
CUST00350,3,14968.43,1,379210.5
CUST00350,4,35624.95,0,178910.51
CUST00350,5,9048.49,1,312618.28
CUST00350,6,41378.65,0,117128.97
CUST00351,1,27221.39,1,18398.02
CUST00351,2,27177.7,0,353484.0
CUST00351,3,14408.88,0,492131.77
CUST00351,4,33729.62,1,434958.12
CUST00351,5,30609.6,1,85238.55
CUST00351,6,13719.66,0,282853.52
CUST00352,1,35707.26,1,87764.42
CUST00352,2,31467.41,0,32524.66
CUST00352,3,16683.1,1,427739.48
CUST00352,4,44645.14,0,391126.35
CUST00352,5,13633.32,0,11558.75
CUST00352,6,48641.48,0,266470.76
CUST00353,1,16381.45,1,441550.97
CUST00353,2,5087.97,1,320483.14
CUST00353,3,47438.34,1,426929.91
CUST00353,4,19534.97,1,137017.8
CUST00353,5,35607.81,1,247787.36
CUST00353,6,28276.56,1,441901.22
CUST00354,1,15104.67,1,459195.75
CUST00354,2,28958.46,1,2579.64
CUST00354,3,13757.37,1,440049.23
CUST00354,4,41345.28,0,112814.0
CUST00354,5,36029.7,1,458497.61
CUST00354,6,13859.46,1,155402.93
CUST00355,1,33169.76,1,13936.38
CUST00355,2,24437.7,1,296265.39
CUST00355,3,33183.37,1,420253.79
CUST00355,4,16121.91,1,119179.61
CUST00355,5,20336.09,1,410816.9
CUST00355,6,28385.38,0,471773.79
CUST00356,1,39908.73,1,219264.74
CUST00356,2,9305.18,1,289467.23
CUST00356,3,8849.06,1,458357.19
CUST00356,4,21982.78,0,32514.11
CUST00356,5,10739.11,1,27394.42
CUST00356,6,32483.24,1,32895.13
CUST00357,1,35490.4,1,26101.57
CUST00357,2,43246.82,1,47915.13
CUST00357,3,38838.35,0,432291.37
CUST00357,4,40436.37,1,5303.27
CUST00357,5,22276.4,1,439969.08
CUST00357,6,32865.37,1,325460.71
CUST00358,1,35409.92,1,227038.38
CUST00358,2,19768.72,0,54003.29
CUST00358,3,5552.99,0,33772.24
CUST00358,4,40523.74,0,452185.0
CUST00358,5,10669.17,1,128143.05
CUST00358,6,23945.32,0,310425.44
CUST00359,1,13366.55,0,398512.79
CUST00359,2,7722.1,1,292261.15
CUST00359,3,28090.66,0,377186.82
CUST00359,4,19003.47,1,387747.83
CUST00359,5,11633.41,1,301664.74
CUST00359,6,18097.88,1,258840.29
CUST00360,1,34595.46,0,28658.82
CUST00360,2,27819.85,1,429351.1
CUST00360,3,23992.75,0,488255.39
CUST00360,4,33824.97,0,392631.9
CUST00360,5,20369.84,0,237862.53
CUST00360,6,36132.85,1,299881.15
CUST00361,1,19901.54,1,283048.45
CUST00361,2,20104.72,1,209347.64
CUST00361,3,12302.6,1,438052.74
CUST00361,4,45974.44,1,109702.94
CUST00361,5,5166.37,0,346610.28
CUST00361,6,25994.15,0,119509.52
CUST00362,1,38056.38,1,403635.65
CUST00362,2,21916.03,1,92122.26
CUST00362,3,49544.51,1,4946.05
CUST00362,4,21104.9,1,57594.65
CUST00362,5,18075.93,0,315667.29
CUST00362,6,46071.89,1,21952.41
CUST00363,1,6335.85,0,142050.44
CUST00363,2,14852.53,1,359418.34
CUST00363,3,20291.79,1,122982.13
CUST00363,4,13819.44,0,421440.71
CUST00363,5,45979.2,1,415722.87
CUST00363,6,11175.96,0,393707.04
CUST00364,1,9993.61,0,152536.19
CUST00364,2,15806.75,1,330454.36
CUST00364,3,47352.28,1,440831.9
CUST00364,4,44527.45,1,59246.66
CUST00364,5,44722.54,0,397449.06
CUST00364,6,13625.66,1,347176.95
CUST00365,1,19307.82,1,488490.77
CUST00365,2,16004.73,1,381541.19
CUST00365,3,31429.66,1,147091.37
CUST00365,4,11685.51,0,26629.49
CUST00365,5,40802.54,0,425751.32
CUST00365,6,48577.29,1,104618.79
CUST00366,1,8663.35,1,395498.61
CUST00366,2,32669.89,0,254306.9
CUST00366,3,38808.86,0,375568.13
CUST00366,4,21841.97,1,232133.64
CUST00366,5,19482.04,1,262737.84
CUST00366,6,26748.37,1,236879.08
CUST00367,1,31153.4,0,460592.61
CUST00367,2,31279.22,1,103599.8
CUST00367,3,45269.81,1,431584.13
CUST00367,4,22815.5,1,212511.43
CUST00367,5,21968.73,0,467749.45
CUST00367,6,21834.83,1,42379.46
CUST00368,1,38823.02,1,222252.66
CUST00368,2,20820.87,1,20571.46
CUST00368,3,28051.79,1,213051.17
CUST00368,4,26039.79,1,183755.97
CUST00368,5,27389.44,1,191185.46
CUST00368,6,13080.46,0,132812.44
CUST00369,1,8414.98,1,147258.91
CUST00369,2,27579.42,1,321827.2
CUST00369,3,40364.3,0,49204.55
CUST00369,4,8210.69,1,273013.03
CUST00369,5,20019.1,0,164620.65
CUST00369,6,18622.2,0,422724.12
CUST00370,1,13578.91,1,498997.85
CUST00370,2,49928.23,0,369910.5
CUST00370,3,46057.21,1,385038.05
CUST00370,4,17683.04,1,391564.13
CUST00370,5,23171.5,1,410930.66
CUST00370,6,39101.27,1,236002.0
CUST00371,1,28069.11,0,432733.06
CUST00371,2,15241.03,0,374568.54
CUST00371,3,26349.72,1,293501.82
CUST00371,4,29867.69,1,361255.18
CUST00371,5,25763.05,1,156537.42
CUST00371,6,13453.09,0,208843.93
CUST00372,1,24740.64,1,15052.04
CUST00372,2,11252.76,0,152785.97
CUST00372,3,38201.23,1,405200.69
CUST00372,4,42543.45,1,112745.32
CUST00372,5,24157.37,1,381420.79
CUST00372,6,36073.34,1,163039.76
CUST00373,1,6045.79,1,461072.1
CUST00373,2,11916.11,1,284095.44
CUST00373,3,40961.56,1,286939.37
CUST00373,4,22589.87,1,102102.31
CUST00373,5,22578.63,1,193216.92
CUST00373,6,26364.99,1,284757.51
CUST00374,1,25319.09,1,46620.75
CUST00374,2,9694.09,1,88818.05
CUST00374,3,42191.37,1,244306.66
CUST00374,4,13401.14,1,455672.66
CUST00374,5,22365.24,0,116519.71
CUST00374,6,34680.65,1,227331.84
CUST00375,1,21589.35,1,85912.86
CUST00375,2,43686.83,1,195552.64
CUST00375,3,49531.78,0,268226.51
CUST00375,4,26521.3,1,194496.45
CUST00375,5,45661.44,0,64966.14
CUST00375,6,14255.47,1,408948.05
CUST00376,1,34915.67,0,301854.72
CUST00376,2,47261.94,1,101486.42
CUST00376,3,37254.74,1,137720.49
CUST00376,4,5334.95,0,222865.79
CUST00376,5,42106.22,1,403782.92
CUST00376,6,28663.54,1,439619.7
CUST00377,1,25709.21,1,19542.4
CUST00377,2,9099.62,0,440497.04
CUST00377,3,25533.8,0,421319.74
CUST00377,4,40655.61,1,306513.76
CUST00377,5,41449.31,0,207526.38
CUST00377,6,13081.01,1,366621.98
CUST00378,1,25602.27,0,91722.16
CUST00378,2,30587.69,1,349322.38
CUST00378,3,6964.9,0,136888.14
CUST00378,4,33263.74,1,333328.47
CUST00378,5,8003.47,0,361204.69
CUST00378,6,14776.47,1,205639.08
CUST00379,1,39283.74,1,497658.19
CUST00379,2,8444.01,1,252197.42
CUST00379,3,40077.98,1,225467.99
CUST00379,4,16374.5,1,22317.58
CUST00379,5,6202.3,0,347242.86
CUST00379,6,38738.13,1,171828.86
CUST00380,1,22970.38,0,198337.16
CUST00380,2,5483.18,1,354549.8
CUST00380,3,11141.63,0,374338.01
CUST00380,4,26814.17,1,41274.31
CUST00380,5,34566.02,0,475009.21
CUST00380,6,11311.51,1,420781.27
CUST00381,1,12676.51,1,303494.28
CUST00381,2,12975.65,1,267326.92
CUST00381,3,22588.23,1,335696.08
CUST00381,4,5504.48,1,76748.24
CUST00381,5,21113.91,0,357206.14
CUST00381,6,45170.95,1,108083.25
CUST00382,1,36353.41,0,405755.91
CUST00382,2,33845.55,0,330020.2
CUST00382,3,9625.7,0,154162.13
CUST00382,4,7358.69,1,24332.35
CUST00382,5,21982.8,0,464410.28
CUST00382,6,21859.01,0,99992.85
CUST00383,1,5721.73,1,494645.31
CUST00383,2,20170.25,0,339979.76
CUST00383,3,7842.72,1,398462.08
CUST00383,4,42370.28,0,362005.75
CUST00383,5,6980.56,1,53841.91
CUST00383,6,19721.37,1,313393.22
CUST00384,1,33110.3,1,197531.96
CUST00384,2,24254.61,0,106889.99
CUST00384,3,21045.93,0,7497.29
CUST00384,4,34429.67,1,194593.33
CUST00384,5,25644.92,1,328980.85
CUST00384,6,17530.59,1,184489.98
CUST00385,1,8029.91,0,205548.42
CUST00385,2,39539.53,1,491551.25
CUST00385,3,9581.61,1,395629.89
CUST00385,4,46500.08,1,85729.56
CUST00385,5,48156.56,1,162177.15
CUST00385,6,33389.33,1,338950.26
CUST00386,1,48756.51,0,66465.72
CUST00386,2,12889.9,0,158983.49
CUST00386,3,43319.94,1,33756.74
CUST00386,4,5794.2,1,224455.78
CUST00386,5,27996.18,0,116212.74
CUST00386,6,31436.08,1,116302.95
CUST00387,1,32735.69,1,154424.31
CUST00387,2,38206.1,0,309883.11
CUST00387,3,7696.54,1,249363.24
CUST00387,4,14090.53,1,102192.67
CUST00387,5,6705.8,0,299037.59
CUST00387,6,47564.44,0,438665.95
CUST00388,1,11042.02,1,321801.04
CUST00388,2,39222.22,1,395889.89
CUST00388,3,23670.2,1,375275.46
CUST00388,4,15305.45,0,165635.14
CUST00388,5,15901.2,1,27036.99
CUST00388,6,46295.52,0,400725.9
CUST00389,1,36332.51,0,304031.6
CUST00389,2,22166.87,1,91772.74
CUST00389,3,33340.21,1,434933.37
CUST00389,4,8149.32,0,26053.43
CUST00389,5,49640.57,0,62780.5
CUST00389,6,12815.41,1,415610.44
CUST00390,1,46931.57,0,253712.27
CUST00390,2,24180.79,1,155731.48
CUST00390,3,37475.32,0,212008.39
CUST00390,4,32263.31,1,142676.45
CUST00390,5,25172.2,0,100700.5
CUST00390,6,43809.15,1,40007.99
CUST00391,1,48764.98,1,188858.74
CUST00391,2,26182.11,1,252646.28
CUST00391,3,38071.76,0,409801.9
CUST00391,4,40710.14,1,380964.65
CUST00391,5,24232.88,1,379429.16
CUST00391,6,46468.96,1,268598.84
CUST00392,1,29878.35,0,128645.86
CUST00392,2,25864.31,1,141612.87
CUST00392,3,30296.39,1,35969.82
CUST00392,4,11149.54,1,97857.87
CUST00392,5,46225.94,1,6417.14
CUST00392,6,27531.49,0,187128.91
CUST00393,1,23204.99,1,470142.49
CUST00393,2,48672.17,1,192018.71
CUST00393,3,18851.49,1,35617.18
CUST00393,4,44824.98,1,192413.01
CUST00393,5,30452.39,0,381475.43
CUST00393,6,48069.36,0,174289.34
CUST00394,1,36910.78,0,344244.7
CUST00394,2,36340.49,0,192666.58
CUST00394,3,24081.82,0,121176.43
CUST00394,4,6552.84,1,315476.36
CUST00394,5,35439.15,0,332837.82
CUST00394,6,11654.79,1,227735.39
CUST00395,1,35647.99,1,123707.4
CUST00395,2,31025.38,0,420757.95
CUST00395,3,5555.18,1,322198.7
CUST00395,4,46259.73,1,353034.89
CUST00395,5,48836.55,1,259268.52
CUST00395,6,13497.05,1,82911.8
CUST00396,1,24209.22,0,151109.78
CUST00396,2,48545.75,0,443325.44
CUST00396,3,31373.59,0,205804.5
CUST00396,4,44438.02,0,434708.98
CUST00396,5,9917.33,1,388345.56
CUST00396,6,20497.68,0,134510.67
CUST00397,1,14428.65,0,198985.11
CUST00397,2,18864.52,0,408194.69
CUST00397,3,5071.04,1,386871.82
CUST00397,4,23802.78,1,327260.6
CUST00397,5,37986.9,0,88200.65
CUST00397,6,13388.0,0,99010.26
CUST00398,1,13189.29,1,225330.39
CUST00398,2,41646.67,0,100470.42
CUST00398,3,38746.21,0,129675.96
CUST00398,4,45602.3,1,220365.22
CUST00398,5,46083.71,1,434181.0
CUST00398,6,12475.68,1,42853.53
CUST00399,1,10610.67,1,171075.96
CUST00399,2,31354.09,1,242597.18
CUST00399,3,39224.01,1,30528.23
CUST00399,4,38830.94,1,332661.14
CUST00399,5,40514.32,1,48420.93
CUST00399,6,28505.05,1,187832.9
CUST00400,1,28403.34,1,466064.19
CUST00400,2,26295.43,1,302185.78
CUST00400,3,20144.76,0,445076.1
CUST00400,4,49975.03,0,470495.52
CUST00400,5,34928.52,1,305404.53
CUST00400,6,48888.73,1,403135.1
CUST00401,1,5138.81,0,200904.18
CUST00401,2,42593.95,0,12840.21
CUST00401,3,10530.25,1,139733.77
CUST00401,4,36466.91,0,184214.95
CUST00401,5,32825.83,0,434926.53
CUST00401,6,28171.13,0,93967.47
CUST00402,1,49378.16,1,8315.15
CUST00402,2,21209.25,1,484798.79
CUST00402,3,38111.59,0,222153.08
CUST00402,4,32304.34,1,369602.32
CUST00402,5,40728.22,1,213958.14
CUST00402,6,46916.76,1,493435.73
CUST00403,1,43569.5,1,367138.87
CUST00403,2,18223.83,0,355970.99
CUST00403,3,44143.64,1,392430.97
CUST00403,4,37249.95,1,63930.68
CUST00403,5,40856.93,1,416177.06
CUST00403,6,49833.71,1,84026.43
CUST00404,1,25082.9,1,241084.27
CUST00404,2,29330.06,0,105820.41
CUST00404,3,38896.36,0,349954.5
CUST00404,4,9746.14,0,14610.89
CUST00404,5,46805.16,1,451324.26
CUST00404,6,39483.9,0,359587.49
CUST00405,1,34966.97,0,61549.06
CUST00405,2,11109.04,1,316774.1
CUST00405,3,27138.15,0,166400.56
CUST00405,4,15071.28,1,383168.69
CUST00405,5,32030.57,0,171612.89
CUST00405,6,45957.52,0,368001.24
CUST00406,1,22174.27,0,392540.94
CUST00406,2,48481.16,1,404223.74
CUST00406,3,15059.79,1,145488.25
CUST00406,4,10012.21,1,370290.61
CUST00406,5,47174.48,0,471003.84
CUST00406,6,30777.76,0,426665.15
CUST00407,1,47933.09,1,368458.95
CUST00407,2,18985.95,1,267801.52
CUST00407,3,43120.34,1,159821.49
CUST00407,4,21426.07,0,466962.58
CUST00407,5,10683.83,0,300808.82
CUST00407,6,14996.37,1,4594.26
CUST00408,1,43356.29,1,72350.39
CUST00408,2,47430.05,0,249916.33
CUST00408,3,25510.3,1,141696.41
CUST00408,4,38617.7,0,17171.93
CUST00408,5,19406.27,1,495167.56
CUST00408,6,10555.88,0,286985.98
CUST00409,1,33398.47,0,247512.76
CUST00409,2,36686.32,1,29406.29
CUST00409,3,41459.46,0,413942.35
CUST00409,4,14477.59,0,467216.45
CUST00409,5,15128.23,0,26283.15
CUST00409,6,43944.44,0,428389.4
CUST00410,1,37732.8,1,492194.77
CUST00410,2,34666.26,0,495531.61
CUST00410,3,29657.43,1,211218.74
CUST00410,4,26303.97,1,378857.09
CUST00410,5,22597.84,1,363377.3
CUST00410,6,17706.38,0,350554.34
CUST00411,1,29660.45,1,65450.34
CUST00411,2,38851.99,1,432927.72
CUST00411,3,7435.55,0,152037.0
CUST00411,4,34458.53,1,68780.48
CUST00411,5,36318.0,1,448609.04
CUST00411,6,14439.49,0,97827.53
CUST00412,1,34305.71,1,362978.76
CUST00412,2,30905.69,0,392749.63
CUST00412,3,43629.38,1,475199.08
CUST00412,4,24220.0,0,462992.67
CUST00412,5,9322.15,1,89816.44
CUST00412,6,7361.25,1,325048.9
CUST00413,1,31702.66,0,313486.27
CUST00413,2,23179.73,1,59401.27
CUST00413,3,22849.02,1,343992.05
CUST00413,4,47954.99,0,372600.12
CUST00413,5,39913.24,0,329259.43
CUST00413,6,39997.89,0,191050.46
CUST00414,1,33455.01,1,183661.53
CUST00414,2,10400.02,1,61025.78
CUST00414,3,33863.42,1,112467.52
CUST00414,4,31408.27,1,239749.18
CUST00414,5,36217.66,1,397171.86
CUST00414,6,13149.35,1,499977.1
CUST00415,1,36623.16,1,285711.55
CUST00415,2,9474.86,1,356884.07
CUST00415,3,43799.47,1,92444.92
CUST00415,4,41579.06,1,196898.27
CUST00415,5,41785.83,1,244281.63
CUST00415,6,28350.55,1,269490.89
CUST00416,1,41847.24,0,62044.66
CUST00416,2,38884.47,0,448801.15
CUST00416,3,13129.89,1,347607.94
CUST00416,4,5239.58,1,400256.49
CUST00416,5,10537.04,0,287540.51
CUST00416,6,34368.82,1,281248.1
CUST00417,1,43315.25,1,42305.16
CUST00417,2,10612.27,1,181779.82
CUST00417,3,29499.22,1,488551.55
CUST00417,4,34617.17,0,150299.99
CUST00417,5,47579.66,1,452309.76
CUST00417,6,18202.86,1,222460.14
CUST00418,1,30968.22,0,156468.02
CUST00418,2,45985.24,1,303086.07
CUST00418,3,27976.57,0,49504.57
CUST00418,4,41889.35,0,18366.97
CUST00418,5,11375.03,0,478711.46
CUST00418,6,32096.5,0,295891.57
CUST00419,1,17482.81,0,311156.37
CUST00419,2,8346.18,1,130337.22
CUST00419,3,34239.6,0,200029.69
CUST00419,4,8746.43,1,338262.84
CUST00419,5,47308.97,0,267952.16
CUST00419,6,8175.11,0,134699.84
CUST00420,1,33490.39,0,96313.71
CUST00420,2,21746.4,0,323885.56
CUST00420,3,28014.23,0,209843.24
CUST00420,4,11907.11,1,189470.95
CUST00420,5,48380.8,0,38762.3
CUST00420,6,10607.96,1,341989.62
CUST00421,1,23305.16,1,320088.74
CUST00421,2,21326.88,1,389035.48
CUST00421,3,11584.83,0,136823.39
CUST00421,4,9407.61,0,189316.18
CUST00421,5,9725.12,1,87865.69
CUST00421,6,37774.73,1,294413.52
CUST00422,1,41305.92,1,264480.06
CUST00422,2,36520.5,1,275771.12
CUST00422,3,32336.01,1,85373.71
CUST00422,4,47592.96,1,90336.24
CUST00422,5,41273.82,0,484000.14
CUST00422,6,28925.7,1,441010.57
CUST00423,1,23119.31,1,63786.1
CUST00423,2,5427.39,1,356611.33
CUST00423,3,34590.33,0,189400.33
CUST00423,4,38094.01,1,459220.82
CUST00423,5,33763.71,1,353751.21
CUST00423,6,16210.02,1,209121.87
CUST00424,1,25600.4,1,493123.14
CUST00424,2,40931.1,1,143409.83
CUST00424,3,47867.73,1,470838.5
CUST00424,4,44662.45,0,152593.72
CUST00424,5,43606.47,1,203257.39
CUST00424,6,19073.16,1,317338.34
CUST00425,1,8451.19,0,472433.47
CUST00425,2,12430.09,1,42292.56
CUST00425,3,17863.29,1,404173.46
CUST00425,4,5481.26,1,338516.53
CUST00425,5,46959.86,0,239827.97
CUST00425,6,28175.52,0,444040.27
CUST00426,1,36404.69,1,6950.13
CUST00426,2,13558.28,0,3645.13
CUST00426,3,24124.05,1,374833.98
CUST00426,4,15990.18,0,330587.06
CUST00426,5,46420.65,1,342039.05
CUST00426,6,6906.02,1,482323.69
CUST00427,1,35353.5,1,451899.31
CUST00427,2,12866.64,1,419704.47
CUST00427,3,28115.8,1,211361.13
CUST00427,4,22059.26,1,484864.2
CUST00427,5,20208.14,0,124882.61
CUST00427,6,29260.38,1,145032.37
CUST00428,1,26740.61,1,106532.97
CUST00428,2,38211.16,1,196810.74
CUST00428,3,46537.54,0,257764.51
CUST00428,4,45203.8,1,446246.95
CUST00428,5,43175.83,1,177872.03
CUST00428,6,32698.86,1,149175.32
CUST00429,1,9822.38,1,445098.14
CUST00429,2,13377.1,1,4431.87
CUST00429,3,24386.17,0,42371.89
CUST00429,4,28144.34,0,205359.53
CUST00429,5,46089.91,1,77815.2
CUST00429,6,34548.51,0,235349.34
CUST00430,1,21843.93,1,214170.73
CUST00430,2,13198.19,1,54347.5
CUST00430,3,24735.74,1,80917.15
CUST00430,4,20918.2,1,2905.11
CUST00430,5,44760.93,0,99232.31
CUST00430,6,13530.52,1,66840.17
CUST00431,1,23947.51,1,450498.91
CUST00431,2,12214.06,0,474187.92
CUST00431,3,48186.45,1,59396.15
CUST00431,4,27008.05,1,399910.04
CUST00431,5,37144.44,1,375544.95
CUST00431,6,40115.19,1,250929.29
CUST00432,1,46560.26,1,65708.84
CUST00432,2,48095.54,1,63061.79
CUST00432,3,20485.42,1,383692.48
CUST00432,4,15642.72,0,414917.88
CUST00432,5,24334.93,1,368715.78
CUST00432,6,24544.78,1,141111.68
CUST00433,1,8717.67,1,123873.65
CUST00433,2,11862.31,1,93430.12
CUST00433,3,17651.25,1,432083.4
CUST00433,4,49741.57,0,333165.22
CUST00433,5,24312.15,1,353230.45
CUST00433,6,41447.86,0,365228.36
CUST00434,1,32499.52,0,496275.83
CUST00434,2,31603.83,0,74363.05
CUST00434,3,10420.75,1,19183.22
CUST00434,4,49567.95,0,213151.49
CUST00434,5,32741.03,1,432175.06
CUST00434,6,22115.87,1,153222.97
CUST00435,1,33498.95,0,110887.62
CUST00435,2,24173.41,1,254931.85
CUST00435,3,33974.29,1,55027.47
CUST00435,4,21360.93,1,355792.8
CUST00435,5,16113.59,1,90875.81
CUST00435,6,5024.12,0,372377.35
CUST00436,1,14538.99,1,140079.68
CUST00436,2,32293.48,1,92420.0
CUST00436,3,47674.77,1,167141.07
CUST00436,4,10018.79,0,6830.79
CUST00436,5,29829.57,0,165605.87
CUST00436,6,38358.14,1,371466.01
CUST00437,1,31501.0,1,185796.14
CUST00437,2,34261.18,0,292163.61
CUST00437,3,8925.4,1,65242.7
CUST00437,4,38416.43,1,20519.47
CUST00437,5,48574.86,0,408704.58
CUST00437,6,13681.74,1,462750.32
CUST00438,1,8369.58,1,309505.18
CUST00438,2,18566.44,1,494822.31
CUST00438,3,14089.96,0,76836.18
CUST00438,4,10752.44,1,275247.84
CUST00438,5,16363.65,1,487563.08
CUST00438,6,45271.09,1,314932.32
CUST00439,1,10284.3,1,33854.25
CUST00439,2,23855.19,1,395442.59
CUST00439,3,12512.08,1,348353.11
CUST00439,4,10802.04,1,477901.46
CUST00439,5,7735.7,0,95095.46
CUST00439,6,41654.01,1,342347.14
CUST00440,1,44161.51,1,82759.11
CUST00440,2,38782.75,1,281249.3
CUST00440,3,22561.11,1,135747.09
CUST00440,4,13282.99,0,285948.99
CUST00440,5,31645.07,1,439577.51
CUST00440,6,40579.11,1,251908.88
CUST00441,1,37426.06,1,151705.09
CUST00441,2,14915.13,0,134257.33
CUST00441,3,10359.65,0,22806.23
CUST00441,4,15719.75,1,319807.67
CUST00441,5,47392.07,1,463623.98
CUST00441,6,17169.57,1,321206.56
CUST00442,1,16205.36,0,267297.46
CUST00442,2,5063.0,1,316341.44
CUST00442,3,48749.84,1,41623.08
CUST00442,4,36745.78,1,132019.09
CUST00442,5,11012.52,1,147447.67
CUST00442,6,49336.76,0,407961.08
CUST00443,1,42076.93,0,365238.34
CUST00443,2,17586.04,1,485802.35
CUST00443,3,29182.49,1,53221.37
CUST00443,4,38559.64,1,472828.15
CUST00443,5,16580.53,0,317152.77
CUST00443,6,29789.5,1,110319.52
CUST00444,1,17095.71,1,314900.33
CUST00444,2,43619.96,1,77820.74
CUST00444,3,15427.54,0,216951.78
CUST00444,4,11675.04,1,46845.53
CUST00444,5,13168.11,0,407798.99
CUST00444,6,12924.97,1,245259.19
CUST00445,1,37826.6,0,141022.12
CUST00445,2,18957.21,0,408749.6
CUST00445,3,35931.51,0,34727.06
CUST00445,4,8242.19,0,227512.08
CUST00445,5,34030.34,1,50116.9
CUST00445,6,28705.03,0,375222.1
CUST00446,1,5530.48,1,188937.56
CUST00446,2,5932.22,1,381722.88
CUST00446,3,34001.7,1,66089.52
CUST00446,4,39655.29,1,71317.8
CUST00446,5,33232.3,1,396200.22
CUST00446,6,5422.83,1,271185.08
CUST00447,1,41821.49,0,42482.6
CUST00447,2,11265.35,1,446195.15
CUST00447,3,41695.92,1,165878.16
CUST00447,4,11953.1,1,271763.22
CUST00447,5,17035.55,1,61537.76
CUST00447,6,42121.62,1,272321.05
CUST00448,1,9615.47,1,70917.51
CUST00448,2,46047.51,1,113337.57
CUST00448,3,22342.24,1,327682.3
CUST00448,4,15164.8,0,192371.9
CUST00448,5,44790.08,1,245910.29
CUST00448,6,49584.56,0,50868.13
CUST00449,1,48013.21,1,38144.97
CUST00449,2,20017.62,1,461659.8
CUST00449,3,46394.31,1,302253.19
CUST00449,4,13013.05,1,167422.03
CUST00449,5,13161.45,1,75110.02
CUST00449,6,35027.3,1,312379.14
CUST00450,1,17915.25,1,135546.64
CUST00450,2,27466.29,1,466440.92
CUST00450,3,41482.37,0,399341.77
CUST00450,4,40498.53,0,388892.02
CUST00450,5,11596.51,0,195299.79
CUST00450,6,37460.46,1,407324.88
CUST00451,1,10092.38,1,479792.66
CUST00451,2,17531.43,1,161526.71
CUST00451,3,10739.11,1,176304.38
CUST00451,4,27239.29,1,346710.42
CUST00451,5,23627.5,0,166732.57
CUST00451,6,41096.34,0,460802.45
CUST00452,1,22243.33,1,248551.15
CUST00452,2,29019.68,1,268106.28
CUST00452,3,15355.15,1,290481.97
CUST00452,4,23982.83,1,388296.28
CUST00452,5,41508.14,0,351546.66
CUST00452,6,15583.69,1,101639.83
CUST00453,1,43276.78,1,279187.23
CUST00453,2,48092.71,1,29788.69
CUST00453,3,20720.64,0,147348.64
CUST00453,4,11486.31,1,485909.8
CUST00453,5,46082.93,0,105368.68
CUST00453,6,15106.42,0,68900.66
CUST00454,1,48292.34,0,71538.29
CUST00454,2,37988.67,0,482456.6
CUST00454,3,21725.79,0,53004.92
CUST00454,4,31172.32,1,418718.6
CUST00454,5,44171.46,1,73443.34
CUST00454,6,11357.49,0,38532.65
CUST00455,1,30613.24,1,74858.61
CUST00455,2,13209.1,0,70056.2
CUST00455,3,28735.25,1,235092.25
CUST00455,4,37515.08,1,390698.45
CUST00455,5,36286.12,1,55633.33
CUST00455,6,7700.04,0,16059.55
CUST00456,1,38800.98,1,80174.39
CUST00456,2,22837.58,1,339951.77
CUST00456,3,44418.94,1,355703.38
CUST00456,4,16612.45,1,250936.22
CUST00456,5,36920.88,1,465725.12
CUST00456,6,17232.24,1,260750.52
CUST00457,1,49006.68,0,371567.37
CUST00457,2,23018.11,1,109453.21
CUST00457,3,13266.22,0,487993.7
CUST00457,4,32228.75,1,408279.42
CUST00457,5,26079.62,1,326349.98
CUST00457,6,23229.49,1,82412.18
CUST00458,1,41150.27,0,212110.94
CUST00458,2,17146.38,1,38904.29
CUST00458,3,32143.56,1,14024.43
CUST00458,4,17699.31,1,53232.27
CUST00458,5,14535.95,1,378260.72
CUST00458,6,18910.41,1,100862.96
CUST00459,1,46814.09,0,134584.01
CUST00459,2,48949.84,1,22437.27
CUST00459,3,49392.23,1,22840.31
CUST00459,4,19156.11,1,4239.37
CUST00459,5,21049.21,1,479369.51
CUST00459,6,27509.72,1,375921.14
CUST00460,1,37655.97,0,351328.41
CUST00460,2,9382.09,1,448255.59
CUST00460,3,27661.03,1,403747.17
CUST00460,4,11758.4,1,398034.65
CUST00460,5,26462.89,1,145059.69
CUST00460,6,11819.2,1,39376.43
CUST00461,1,33167.87,0,115785.04
CUST00461,2,14704.12,0,327110.07
CUST00461,3,39597.16,0,496708.31
CUST00461,4,27572.9,0,304369.46
CUST00461,5,28547.92,1,223740.1
CUST00461,6,10903.89,1,180158.18
CUST00462,1,43517.86,1,20006.45
CUST00462,2,37074.31,0,193817.14
CUST00462,3,14396.93,1,303438.52
CUST00462,4,48110.7,1,313894.82
CUST00462,5,27388.53,1,71311.26
CUST00462,6,44170.59,1,433766.84
CUST00463,1,40882.24,1,249456.13
CUST00463,2,25466.35,0,467027.99
CUST00463,3,12266.26,1,288255.81
CUST00463,4,20901.58,1,89593.13
CUST00463,5,39737.32,1,493071.65
CUST00463,6,49031.77,1,325146.04
CUST00464,1,11320.13,1,485840.32
CUST00464,2,26971.65,1,429501.63
CUST00464,3,23042.26,1,458570.06
CUST00464,4,10804.29,1,256239.63
CUST00464,5,33108.44,1,186841.55
CUST00464,6,35699.04,1,225046.14
CUST00465,1,44483.39,0,21337.79
CUST00465,2,48984.42,1,370521.28
CUST00465,3,16016.76,1,3971.47
CUST00465,4,43387.69,1,187910.84
CUST00465,5,30656.02,1,111525.65
CUST00465,6,44337.15,0,46751.56
CUST00466,1,25964.49,0,267557.88
CUST00466,2,41823.04,1,42911.27
CUST00466,3,37930.02,1,384108.33
CUST00466,4,13976.19,1,32235.77
CUST00466,5,20409.06,1,243147.51
CUST00466,6,36603.09,1,57163.22
CUST00467,1,25456.04,1,77870.56
CUST00467,2,26148.54,0,106735.07
CUST00467,3,30569.3,1,387102.76
CUST00467,4,7808.01,1,394779.56
CUST00467,5,49035.24,0,27038.76
CUST00467,6,44060.93,0,211460.17
CUST00468,1,16343.21,0,41795.64
CUST00468,2,8116.66,1,40854.56
CUST00468,3,44319.92,1,435644.56
CUST00468,4,28615.01,0,446536.69
CUST00468,5,13283.52,1,46220.63
CUST00468,6,45573.88,1,481682.88
CUST00469,1,18360.72,0,174638.13
CUST00469,2,23859.55,1,267753.15
CUST00469,3,40273.58,0,218391.99
CUST00469,4,46066.9,1,194568.98
CUST00469,5,5446.92,1,99279.99
CUST00469,6,37522.57,1,308256.19
CUST00470,1,19567.97,0,371418.17
CUST00470,2,38152.37,1,7093.39
CUST00470,3,45342.55,0,249722.83
CUST00470,4,19238.35,0,203193.32
CUST00470,5,28431.13,1,494119.3
CUST00470,6,47449.57,0,317146.53
CUST00471,1,33751.24,1,48723.03
CUST00471,2,14838.02,0,210088.05
CUST00471,3,29573.88,0,300471.68
CUST00471,4,14726.18,0,476188.44
CUST00471,5,48728.5,1,477552.23
CUST00471,6,21661.54,1,8095.63
CUST00472,1,45349.47,1,409525.76
CUST00472,2,10613.54,1,324455.84
CUST00472,3,25519.89,1,175864.49
CUST00472,4,42268.36,1,261584.91
CUST00472,5,39428.65,1,463174.43
CUST00472,6,25647.06,1,88447.58
CUST00473,1,31770.13,1,217938.08
CUST00473,2,17826.26,0,344275.33
CUST00473,3,24687.22,1,351046.31
CUST00473,4,47205.57,1,497681.61
CUST00473,5,41267.29,1,44818.97
CUST00473,6,5739.19,1,51837.65
CUST00474,1,38747.47,1,463614.45
CUST00474,2,9486.59,1,251680.76
CUST00474,3,41264.18,0,144952.23
CUST00474,4,23928.84,0,388440.13
CUST00474,5,29821.46,1,97780.12
CUST00474,6,26130.84,1,175306.84
CUST00475,1,40718.8,1,206467.37
CUST00475,2,41918.81,0,392317.58
CUST00475,3,22811.38,1,391098.03
CUST00475,4,27840.24,1,439803.58
CUST00475,5,16902.46,1,336650.41
CUST00475,6,5187.09,1,16337.31
CUST00476,1,6181.11,1,420384.81
CUST00476,2,28353.35,0,299972.84
CUST00476,3,20079.05,1,496414.56
CUST00476,4,15882.4,1,96330.2
CUST00476,5,33999.55,1,400665.82
CUST00476,6,31003.41,0,469695.86
CUST00477,1,22568.53,0,86858.64
CUST00477,2,45687.71,1,79221.83
CUST00477,3,15393.63,0,400585.99
CUST00477,4,27691.57,0,288466.87
CUST00477,5,22640.55,0,458332.68
CUST00477,6,42680.2,0,474350.15
CUST00478,1,14169.32,1,12820.12
CUST00478,2,5519.22,1,76524.31
CUST00478,3,32814.48,1,460297.2
CUST00478,4,8544.76,1,12644.94
CUST00478,5,38037.61,1,317231.58
CUST00478,6,39991.54,0,119860.94
CUST00479,1,45405.92,1,96914.46
CUST00479,2,42820.56,0,390014.48
CUST00479,3,40372.17,1,329628.85
CUST00479,4,17373.42,0,313719.0
CUST00479,5,33727.4,1,433469.52
CUST00479,6,9991.92,1,61342.16
CUST00480,1,11382.59,1,447302.39
CUST00480,2,9174.97,1,422311.81
CUST00480,3,46072.36,0,195400.1
CUST00480,4,27096.66,1,206872.56
CUST00480,5,26893.28,0,38156.34
CUST00480,6,35930.14,1,444856.76
CUST00481,1,33509.83,1,404274.53
CUST00481,2,13091.29,1,451819.09
CUST00481,3,34684.99,0,303327.43
CUST00481,4,6415.27,1,496869.79
CUST00481,5,26775.99,1,299996.43
CUST00481,6,5225.65,1,370848.41
CUST00482,1,46696.24,0,303055.39
CUST00482,2,29117.94,1,255872.36
CUST00482,3,11855.57,1,57394.23
CUST00482,4,14763.1,1,69282.51
CUST00482,5,8754.92,0,469924.05
CUST00482,6,17041.57,1,99618.77
CUST00483,1,9138.64,0,275748.56
CUST00483,2,18244.44,0,404505.87
CUST00483,3,24622.79,1,461174.05
CUST00483,4,16254.19,0,343528.73
CUST00483,5,44929.17,1,480935.65
CUST00483,6,9630.26,1,155792.56
CUST00484,1,40734.48,0,243915.89
CUST00484,2,44728.58,1,298164.89
CUST00484,3,17225.33,1,311455.48
CUST00484,4,32328.3,1,99860.39
CUST00484,5,20881.2,0,409670.84
CUST00484,6,25223.15,1,479048.72
CUST00485,1,16387.86,1,146736.77
CUST00485,2,42200.89,0,475189.04
CUST00485,3,28872.42,1,14969.98
CUST00485,4,13095.69,1,214693.4
CUST00485,5,13366.17,0,36320.17
CUST00485,6,34562.96,1,72519.84
CUST00486,1,19150.38,1,159294.57
CUST00486,2,5490.55,1,106886.21
CUST00486,3,30536.12,1,449371.99
CUST00486,4,30273.83,1,141807.13
CUST00486,5,14547.88,0,51460.1
CUST00486,6,17512.18,1,473135.53
CUST00487,1,41334.19,0,37412.1
CUST00487,2,45169.88,1,341065.96
CUST00487,3,24584.25,1,99075.21
CUST00487,4,7234.69,1,249325.48
CUST00487,5,49561.69,1,59629.51
CUST00487,6,25375.33,1,163437.38
CUST00488,1,22228.59,1,10634.35
CUST00488,2,5802.63,1,493977.38
CUST00488,3,46023.94,1,65529.03
CUST00488,4,48508.41,1,447914.76
CUST00488,5,46311.55,1,168694.93
CUST00488,6,5732.25,1,47559.91
CUST00489,1,41113.1,0,150499.14
CUST00489,2,19273.53,1,200172.17
CUST00489,3,30040.26,1,246909.3
CUST00489,4,7118.27,1,348228.47
CUST00489,5,25456.18,0,483576.26
CUST00489,6,10463.58,1,468851.88
CUST00490,1,9623.46,0,23917.12
CUST00490,2,5467.82,1,496770.19
CUST00490,3,43762.49,0,217841.23
CUST00490,4,12658.62,0,362053.96
CUST00490,5,41552.69,1,494782.51
CUST00490,6,47034.97,1,129843.85
CUST00491,1,40322.48,1,24001.7
CUST00491,2,18693.05,1,164664.49
CUST00491,3,32573.78,1,134956.03
CUST00491,4,12665.24,0,291726.6
CUST00491,5,10395.56,1,430947.45
CUST00491,6,38886.57,1,318451.82
CUST00492,1,35070.59,1,263794.46
CUST00492,2,31004.81,0,245051.92
CUST00492,3,17624.37,0,241353.16
CUST00492,4,9130.97,1,355690.69
CUST00492,5,20885.44,0,329740.39
CUST00492,6,38087.07,0,347482.53
CUST00493,1,8381.5,1,30133.46
CUST00493,2,5590.76,0,234075.2
CUST00493,3,22327.71,1,52267.36
CUST00493,4,14389.77,1,380801.27
CUST00493,5,28126.73,1,380243.98
CUST00493,6,19032.14,1,327644.67
CUST00494,1,43151.31,1,457062.63
CUST00494,2,14845.32,1,192787.87
CUST00494,3,25359.44,1,256732.02
CUST00494,4,40100.95,0,34319.66
CUST00494,5,24039.23,0,153573.39
CUST00494,6,44142.41,0,51032.17
CUST00495,1,25742.94,1,372513.0
CUST00495,2,15825.31,1,93514.88
CUST00495,3,6286.38,0,265442.7
CUST00495,4,20838.06,1,463463.86
CUST00495,5,8783.0,1,106033.01
CUST00495,6,22861.76,1,253963.41
CUST00496,1,7392.07,1,184890.34
CUST00496,2,7211.05,1,366000.8
CUST00496,3,24016.48,1,94724.82
CUST00496,4,12949.03,1,264781.38
CUST00496,5,27212.73,1,54592.28
CUST00496,6,7244.22,0,479485.86
CUST00497,1,14881.09,1,447529.23
CUST00497,2,30885.37,0,32923.69
CUST00497,3,9546.44,0,441300.14
CUST00497,4,36478.05,1,195954.04
CUST00497,5,9558.69,0,412034.33
CUST00497,6,36125.77,1,102852.69
CUST00498,1,40357.74,1,318449.61
CUST00498,2,36763.4,1,366941.14
CUST00498,3,9240.92,1,453891.22
CUST00498,4,32995.33,0,152662.09
CUST00498,5,45800.05,0,85116.29
CUST00498,6,35664.91,0,93672.21
CUST00499,1,45494.11,0,481121.51
CUST00499,2,34971.41,1,167027.07
CUST00499,3,12988.18,1,440628.76
CUST00499,4,12682.63,1,297002.58
CUST00499,5,48629.37,1,503.24
CUST00499,6,44294.83,1,54693.0
CUST00500,1,41851.69,1,340023.13
CUST00500,2,18079.64,0,262634.59
CUST00500,3,12528.71,0,387628.28
CUST00500,4,9499.66,0,167838.68
CUST00500,5,27079.78,1,494896.56
CUST00500,6,16580.28,1,126768.42
CUST00501,1,25643.78,1,150567.02
CUST00501,2,20018.25,1,387263.15
CUST00501,3,43563.03,1,242177.42
CUST00501,4,17147.19,1,364107.77
CUST00501,5,5932.73,1,428132.76
CUST00501,6,34671.51,0,178597.2
CUST00502,1,6390.71,1,370506.21
CUST00502,2,48798.08,1,103153.76
CUST00502,3,9017.33,1,319366.88
CUST00502,4,48445.39,0,339400.76
CUST00502,5,45464.96,1,493665.83
CUST00502,6,44424.18,0,132654.67
CUST00503,1,35557.99,1,195513.11
CUST00503,2,23778.24,1,154661.65
CUST00503,3,6849.5,1,350917.82
CUST00503,4,42537.72,1,216729.81
CUST00503,5,25476.25,1,144204.27
CUST00503,6,48626.15,1,463616.52
CUST00504,1,11620.9,0,75113.88
CUST00504,2,48500.22,1,279070.42
CUST00504,3,12317.31,1,144129.98
CUST00504,4,40990.33,1,226929.09
CUST00504,5,14779.64,1,61717.88
CUST00504,6,26976.49,1,215161.41
CUST00505,1,34711.4,1,24951.02
CUST00505,2,11197.35,1,392631.65
CUST00505,3,27589.7,1,77518.51
CUST00505,4,8870.16,1,71322.13
CUST00505,5,37987.39,1,292612.42
CUST00505,6,8632.31,0,16068.34
CUST00506,1,46982.06,0,405854.54
CUST00506,2,33667.01,1,199556.8
CUST00506,3,45687.33,1,460097.06
CUST00506,4,31866.75,0,281953.81
CUST00506,5,35551.54,1,402190.12
CUST00506,6,11262.94,0,125010.22
CUST00507,1,23734.05,0,150531.13
CUST00507,2,8851.91,1,463559.32
CUST00507,3,25751.95,0,187982.97
CUST00507,4,44416.47,1,48021.15
CUST00507,5,28695.71,0,156630.23
CUST00507,6,47069.59,0,178779.5
CUST00508,1,20938.72,1,210252.83
CUST00508,2,23461.64,1,456279.15
CUST00508,3,6189.0,1,44214.49
CUST00508,4,11326.35,1,393316.04
CUST00508,5,31114.51,1,63637.43
CUST00508,6,29447.13,1,438902.62
CUST00509,1,7409.12,1,62967.92
CUST00509,2,35153.57,1,403740.51
CUST00509,3,44370.99,1,419599.02
CUST00509,4,8809.66,1,414947.14
CUST00509,5,34244.6,1,297169.84
CUST00509,6,41987.31,1,240733.95
CUST00510,1,19908.84,1,60721.34
CUST00510,2,31307.79,1,369681.71
CUST00510,3,7385.91,0,258132.01
CUST00510,4,30292.22,1,68201.38
CUST00510,5,45277.36,0,426127.85
CUST00510,6,18540.15,1,359571.02
CUST00511,1,47143.9,1,311831.96
CUST00511,2,14031.49,1,17.86
CUST00511,3,32170.58,1,259911.28
CUST00511,4,16124.27,1,236871.2
CUST00511,5,42472.69,1,195356.95
CUST00511,6,46672.0,1,202278.67
CUST00512,1,49221.33,0,420860.4
CUST00512,2,29602.37,1,340660.22
CUST00512,3,43669.12,1,61598.27
CUST00512,4,11581.09,1,92403.93
CUST00512,5,41834.75,0,120340.95
CUST00512,6,28018.17,0,273340.51
CUST00513,1,26427.13,1,144724.52
CUST00513,2,9500.89,1,246482.07
CUST00513,3,35046.48,1,192910.39
CUST00513,4,40993.48,1,208448.23
CUST00513,5,24117.48,1,141711.11
CUST00513,6,10405.69,1,5509.82
CUST00514,1,18624.27,0,325211.16
CUST00514,2,34573.62,1,21315.9
CUST00514,3,45817.63,0,233953.55
CUST00514,4,37537.94,1,4560.03
CUST00514,5,12124.15,1,427919.79
CUST00514,6,27644.25,1,451275.26
CUST00515,1,28627.5,1,31382.89
CUST00515,2,34516.37,1,327966.69
CUST00515,3,30341.65,1,357591.17
CUST00515,4,40401.36,1,392480.47
CUST00515,5,34629.98,1,34105.05
CUST00515,6,42769.65,1,188261.37
CUST00516,1,26228.85,0,90187.27
CUST00516,2,36882.51,1,387699.0
CUST00516,3,28644.53,0,348884.35
CUST00516,4,31498.34,1,174047.61
CUST00516,5,32786.38,1,33784.99
CUST00516,6,6328.48,0,79589.84
CUST00517,1,9344.32,1,249716.95
CUST00517,2,35569.5,1,379954.64
CUST00517,3,49159.78,0,397802.47
CUST00517,4,9744.43,0,364081.58
CUST00517,5,22283.76,1,461187.9
CUST00517,6,7786.7,1,57236.89
CUST00518,1,43106.08,1,220764.23
CUST00518,2,21844.5,0,420339.68
CUST00518,3,46559.79,1,53830.5
CUST00518,4,25227.93,0,494435.43
CUST00518,5,30820.08,0,97858.97
CUST00518,6,27099.64,0,143044.67
CUST00519,1,14053.67,0,217031.5
CUST00519,2,28783.83,0,43009.15
CUST00519,3,6090.94,0,48103.06
CUST00519,4,6495.76,0,446645.51
CUST00519,5,21180.25,1,284147.51
CUST00519,6,43902.1,1,92652.18
CUST00520,1,37848.97,0,321116.19
CUST00520,2,27327.9,0,285185.03
CUST00520,3,26317.98,1,178242.6
CUST00520,4,45489.01,0,400797.94
CUST00520,5,24749.51,0,188059.11
CUST00520,6,8189.04,1,63596.19
CUST00521,1,28276.11,1,58963.75
CUST00521,2,15375.81,1,270269.01
CUST00521,3,6014.41,1,461136.66
CUST00521,4,16312.18,0,178952.6
CUST00521,5,44259.91,0,484057.41
CUST00521,6,8364.97,1,120699.2
CUST00522,1,28299.19,1,250023.5
CUST00522,2,22964.88,1,272970.81
CUST00522,3,45131.38,1,235489.35
CUST00522,4,46282.61,1,326616.0
CUST00522,5,6452.36,1,130440.55
CUST00522,6,20054.36,1,69644.31
CUST00523,1,29618.93,0,164804.58
CUST00523,2,39080.51,1,117808.6
CUST00523,3,8281.04,1,452161.93
CUST00523,4,36639.09,1,172922.79
CUST00523,5,8184.34,1,299073.81
CUST00523,6,32559.47,1,443759.32
CUST00524,1,26544.72,0,135254.2
CUST00524,2,6878.34,1,248298.36
CUST00524,3,15136.03,1,215757.78
CUST00524,4,18653.83,0,10721.63
CUST00524,5,7491.04,0,267092.93
CUST00524,6,43713.25,0,341797.53
CUST00525,1,5814.27,1,26070.21
CUST00525,2,39455.67,0,62618.7
CUST00525,3,36560.2,1,68885.22
CUST00525,4,24707.88,1,491267.28
CUST00525,5,21546.89,0,171562.82
CUST00525,6,46313.09,0,116016.71
CUST00526,1,31487.79,0,206532.74
CUST00526,2,38865.61,1,284024.31
CUST00526,3,49592.24,1,436627.9
CUST00526,4,16246.51,1,38305.84
CUST00526,5,10702.22,0,141297.99
CUST00526,6,19135.66,1,327604.48
CUST00527,1,15991.0,1,64858.12
CUST00527,2,22901.84,0,61188.18
CUST00527,3,8456.17,1,469185.07
CUST00527,4,14263.74,0,367609.31
CUST00527,5,21063.12,0,221770.92
CUST00527,6,18622.35,1,390104.2
CUST00528,1,18170.75,0,122102.9
CUST00528,2,45184.03,1,348885.84
CUST00528,3,27655.04,1,173317.73
CUST00528,4,23487.52,1,243103.85
CUST00528,5,8530.07,0,420712.68
CUST00528,6,28444.77,1,370954.33
CUST00529,1,14484.63,1,362455.38
CUST00529,2,40457.3,1,488954.85
CUST00529,3,36425.39,0,382095.99
CUST00529,4,47887.02,1,249453.75
CUST00529,5,6519.03,1,294120.08
CUST00529,6,18518.58,1,29860.02
CUST00530,1,43455.84,1,247678.75
CUST00530,2,43824.78,1,222009.87
CUST00530,3,15100.18,1,92213.4
CUST00530,4,24398.82,1,330201.23
CUST00530,5,6408.77,1,468611.94
CUST00530,6,45952.43,1,461349.34
CUST00531,1,45835.23,1,108272.07
CUST00531,2,6230.53,0,414619.73
CUST00531,3,24533.42,1,391306.34
CUST00531,4,46785.49,1,403698.35
CUST00531,5,29898.24,0,466236.35
CUST00531,6,17933.83,1,231751.27
CUST00532,1,30767.11,1,384506.18
CUST00532,2,16704.53,1,233666.24
CUST00532,3,49667.59,0,65936.36
CUST00532,4,5683.25,0,475483.62
CUST00532,5,8849.16,0,385669.6
CUST00532,6,18312.12,1,197300.6
CUST00533,1,32699.63,1,134373.67
CUST00533,2,16273.1,0,405129.75
CUST00533,3,32359.96,1,153447.58
CUST00533,4,34734.94,1,423796.33
CUST00533,5,24971.39,1,219954.64
CUST00533,6,25989.78,1,240103.95
CUST00534,1,42994.64,0,204305.44
CUST00534,2,31080.66,1,138222.84
CUST00534,3,32464.78,1,476646.64
CUST00534,4,24819.78,1,382988.41
CUST00534,5,17426.5,1,63611.24
CUST00534,6,33365.22,0,435619.59
CUST00535,1,34519.02,0,57223.28
CUST00535,2,6732.58,0,253359.59
CUST00535,3,24813.9,1,20977.79
CUST00535,4,37281.1,1,475851.9
CUST00535,5,49638.7,1,8059.09
CUST00535,6,43021.89,1,270220.68
CUST00536,1,7012.99,0,174864.83
CUST00536,2,8486.56,1,56591.28
CUST00536,3,8485.26,0,162894.52
CUST00536,4,21711.17,0,207984.84
CUST00536,5,33884.92,1,71539.74
CUST00536,6,19694.32,1,167492.89
CUST00537,1,23366.19,0,187357.8
CUST00537,2,47411.58,1,310958.18
CUST00537,3,12214.08,1,145436.32
CUST00537,4,11752.85,1,12767.64
CUST00537,5,32406.72,1,255398.07
CUST00537,6,40139.32,1,391733.57
CUST00538,1,37077.81,0,189419.85
CUST00538,2,31220.88,0,363129.88
CUST00538,3,22149.03,0,39222.49
CUST00538,4,8479.01,0,282701.19
CUST00538,5,49901.58,0,274116.52
CUST00538,6,23813.61,0,60621.19
CUST00539,1,44531.58,1,303551.01
CUST00539,2,34663.9,1,220508.71
CUST00539,3,17113.22,1,146532.65
CUST00539,4,15981.3,0,399502.98
CUST00539,5,48986.36,0,227910.59
CUST00539,6,38668.47,1,346536.57
CUST00540,1,25025.34,1,180940.58
CUST00540,2,20839.31,1,38221.88
CUST00540,3,21303.36,1,302609.29
CUST00540,4,25203.56,1,114881.65
CUST00540,5,42251.95,0,462858.47
CUST00540,6,16022.48,1,337052.56
CUST00541,1,34965.62,1,130139.48
CUST00541,2,17909.83,1,58982.01
CUST00541,3,23382.63,1,491623.88
CUST00541,4,30920.53,0,440720.62
CUST00541,5,13914.69,0,438202.85
CUST00541,6,5698.05,1,209312.8
CUST00542,1,39447.93,0,465062.58
CUST00542,2,38428.43,0,434729.4
CUST00542,3,42523.64,1,345023.28
CUST00542,4,49547.01,0,257448.55
CUST00542,5,28818.94,1,452130.2
CUST00542,6,20946.55,1,348464.35
CUST00543,1,15864.57,1,59514.82
CUST00543,2,45384.18,1,295739.0
CUST00543,3,32748.33,0,22618.85
CUST00543,4,38243.68,1,474959.53
CUST00543,5,45980.34,0,224876.86
CUST00543,6,42566.21,1,378830.03
CUST00544,1,36505.12,0,91725.39
CUST00544,2,39468.01,1,41894.75
CUST00544,3,45301.96,1,296524.14
CUST00544,4,35325.82,1,189687.29
CUST00544,5,24736.42,1,361266.59
CUST00544,6,17568.48,1,116131.77
CUST00545,1,27198.21,1,282065.67
CUST00545,2,45378.57,1,254113.95
CUST00545,3,46761.96,1,161400.04
CUST00545,4,19336.02,0,476756.83
CUST00545,5,6887.05,0,441192.08
CUST00545,6,37894.32,1,259567.49
CUST00546,1,30881.2,1,157183.7
CUST00546,2,20630.55,0,59275.54
CUST00546,3,17323.18,1,111816.68
CUST00546,4,12619.43,1,494402.79
CUST00546,5,38906.1,0,333216.81
CUST00546,6,11345.14,0,276081.72
CUST00547,1,27891.42,0,13675.06
CUST00547,2,45614.36,1,268957.96
CUST00547,3,13780.97,1,416252.25
CUST00547,4,6159.98,0,140918.76
CUST00547,5,47654.59,1,366044.71
CUST00547,6,28440.23,1,147470.79
CUST00548,1,9932.67,0,459591.84
CUST00548,2,10397.33,1,246627.78
CUST00548,3,8908.87,0,496538.63
CUST00548,4,37923.52,1,484219.79
CUST00548,5,41163.85,0,396660.13
CUST00548,6,37731.27,1,78363.6
CUST00549,1,20090.17,1,315311.97
CUST00549,2,28077.99,1,353404.9
CUST00549,3,19166.45,1,216688.81
CUST00549,4,46956.56,1,158763.6
CUST00549,5,42864.4,0,418817.52
CUST00549,6,33173.64,0,313642.52
CUST00550,1,16066.12,1,188104.53
CUST00550,2,47442.31,0,97839.15
CUST00550,3,26155.19,1,406934.43
CUST00550,4,38010.23,1,65895.96
CUST00550,5,33564.77,1,475416.38
CUST00550,6,43572.06,0,107094.54
CUST00551,1,24544.35,1,278868.58
CUST00551,2,14384.61,0,19406.36
CUST00551,3,35959.17,1,190145.11
CUST00551,4,31275.45,0,174351.89
CUST00551,5,28870.75,0,438944.83
CUST00551,6,42831.13,1,333987.9
CUST00552,1,27059.99,0,196105.03
CUST00552,2,21070.75,1,147708.61
CUST00552,3,14851.87,1,209797.01
CUST00552,4,25122.78,0,331209.09
CUST00552,5,10211.86,1,478157.76
CUST00552,6,34727.58,1,348484.29
CUST00553,1,36716.85,1,420060.41
CUST00553,2,43880.42,1,206001.46
CUST00553,3,15568.7,1,133961.93
CUST00553,4,14679.78,1,30401.63
CUST00553,5,39730.94,1,337494.52
CUST00553,6,23505.31,1,212599.64
CUST00554,1,16731.47,1,134158.62
CUST00554,2,37768.41,1,318133.1
CUST00554,3,7053.28,1,204905.77
CUST00554,4,30762.76,0,268006.55
CUST00554,5,40079.84,1,473938.9
CUST00554,6,32598.68,1,64607.67
CUST00555,1,29289.53,0,10558.85
CUST00555,2,22063.47,0,166644.04
CUST00555,3,20871.53,1,31732.39
CUST00555,4,7214.68,0,181048.88
CUST00555,5,13929.79,0,419074.53
CUST00555,6,22798.68,0,114667.23
CUST00556,1,41057.84,1,165751.06
CUST00556,2,14702.68,0,124351.87
CUST00556,3,5613.84,1,377560.91
CUST00556,4,28694.99,1,198968.7
CUST00556,5,26820.5,0,141544.86
CUST00556,6,6091.0,0,386205.82
CUST00557,1,16128.89,1,374957.7
CUST00557,2,41584.81,1,327637.98
CUST00557,3,10903.69,0,438310.82
CUST00557,4,43789.27,1,36945.12
CUST00557,5,37495.08,0,207690.01
CUST00557,6,5663.38,1,302435.93
CUST00558,1,11833.14,0,294097.9
CUST00558,2,22600.58,1,429651.53
CUST00558,3,40314.73,1,256177.82
CUST00558,4,6054.44,1,229452.82
CUST00558,5,9485.56,0,288100.59
CUST00558,6,21946.13,1,46531.2
CUST00559,1,48509.88,1,139278.95
CUST00559,2,17799.03,0,266601.95
CUST00559,3,16007.63,1,496576.98
CUST00559,4,37740.09,1,381350.19
CUST00559,5,37156.04,1,112030.43
CUST00559,6,48883.58,1,385602.9
CUST00560,1,25118.84,1,281576.63
CUST00560,2,33926.84,1,71885.63
CUST00560,3,33346.12,1,47694.52
CUST00560,4,12616.51,1,296704.77
CUST00560,5,8774.99,1,308244.24
CUST00560,6,26308.16,0,419825.0
CUST00561,1,39226.17,1,383704.24
CUST00561,2,16341.07,1,370255.56
CUST00561,3,42544.55,1,160721.49
CUST00561,4,30439.06,1,435713.96
CUST00561,5,17066.52,0,377518.97
CUST00561,6,40761.31,1,249907.73
CUST00562,1,48176.39,0,160918.98
CUST00562,2,36899.07,1,277403.62
CUST00562,3,38285.82,0,40717.15
CUST00562,4,9726.97,0,38752.22
CUST00562,5,10727.71,1,81046.56
CUST00562,6,38666.69,0,98683.81
CUST00563,1,44138.71,1,19530.97
CUST00563,2,24088.2,0,313082.46
CUST00563,3,28606.51,0,374496.72
CUST00563,4,29618.83,1,4629.26
CUST00563,5,10291.25,1,359971.5
CUST00563,6,44610.18,1,261240.05
CUST00564,1,32679.52,1,281905.19
CUST00564,2,12467.56,1,261625.62
CUST00564,3,14200.78,1,475997.68
CUST00564,4,21706.4,1,125619.68
CUST00564,5,25829.61,1,463539.8
CUST00564,6,37405.86,0,82119.11
CUST00565,1,37178.66,1,4910.59
CUST00565,2,23733.63,0,235246.72
CUST00565,3,49698.96,1,155920.25
CUST00565,4,13445.35,0,46923.92
CUST00565,5,25636.71,1,30553.89
CUST00565,6,26091.23,0,33386.0
CUST00566,1,33635.46,0,172478.72
CUST00566,2,5635.83,0,137290.31
CUST00566,3,41933.95,1,292234.19
CUST00566,4,18758.76,1,383494.42
CUST00566,5,47043.86,1,270508.5
CUST00566,6,34671.54,1,296319.56
CUST00567,1,9633.93,0,139992.77
CUST00567,2,16832.19,1,63352.04
CUST00567,3,28504.3,0,383027.17
CUST00567,4,19857.21,1,302387.6
CUST00567,5,48499.65,0,435668.29
CUST00567,6,35082.36,1,104653.36
CUST00568,1,5120.19,0,494543.61
CUST00568,2,9110.22,1,73245.83
CUST00568,3,12416.83,1,161668.94
CUST00568,4,45317.9,1,68487.46
CUST00568,5,41325.55,1,332421.11
CUST00568,6,19719.02,1,380003.71
CUST00569,1,15834.78,1,188654.78
CUST00569,2,22348.84,1,177495.82
CUST00569,3,42739.22,1,265342.75
CUST00569,4,44747.85,0,477680.06
CUST00569,5,47547.05,1,355673.84
CUST00569,6,42794.42,1,220823.41
CUST00570,1,36279.49,1,342683.79
CUST00570,2,30105.73,1,326046.06
CUST00570,3,13010.56,1,427686.16
CUST00570,4,39683.52,1,364245.75
CUST00570,5,14620.1,1,438147.42
CUST00570,6,46427.28,0,191228.71
CUST00571,1,13055.25,0,497719.21
CUST00571,2,13812.62,1,263001.3
CUST00571,3,5252.65,1,164225.77
CUST00571,4,45996.83,1,251396.68
CUST00571,5,5584.75,1,16764.1
CUST00571,6,17372.81,1,199147.0
CUST00572,1,49808.2,0,126518.98
CUST00572,2,33137.17,1,411662.85
CUST00572,3,43843.34,1,498615.79
CUST00572,4,33450.8,1,86885.48
CUST00572,5,38747.12,0,375293.17
CUST00572,6,41334.38,1,184766.93
CUST00573,1,32581.42,0,76595.88
CUST00573,2,38128.83,0,41412.31
CUST00573,3,42532.9,1,28024.0
CUST00573,4,33686.52,1,157118.28
CUST00573,5,43605.06,1,491701.71
CUST00573,6,13738.21,1,368726.82
CUST00574,1,19969.92,0,424115.01
CUST00574,2,19241.61,0,84606.77
CUST00574,3,49382.16,0,472150.49
CUST00574,4,28235.32,0,201586.54
CUST00574,5,42697.25,0,30741.7
CUST00574,6,13682.3,1,73756.97
CUST00575,1,16998.62,0,221699.44
CUST00575,2,17398.65,0,344358.35
CUST00575,3,23416.32,0,373414.21
CUST00575,4,42703.69,1,155582.26
CUST00575,5,30225.17,1,170726.25
CUST00575,6,30567.8,0,43047.62
CUST00576,1,46862.28,1,58130.85
CUST00576,2,9075.28,0,43208.83
CUST00576,3,19287.56,0,482882.8
CUST00576,4,39502.52,1,108762.93
CUST00576,5,21853.83,1,438599.19
CUST00576,6,47445.68,1,418654.16
CUST00577,1,33904.28,0,373704.22
CUST00577,2,38214.97,1,26667.65
CUST00577,3,36766.13,0,139481.7
CUST00577,4,30426.8,1,112980.19
CUST00577,5,13471.04,0,88556.04
CUST00577,6,18271.96,0,219799.16
CUST00578,1,9158.54,1,289348.08
CUST00578,2,20698.66,0,261521.37
CUST00578,3,42327.5,0,415865.22
CUST00578,4,6652.9,1,192840.35
CUST00578,5,29207.7,0,496877.82
CUST00578,6,24523.4,0,405454.16
CUST00579,1,40832.21,0,171090.58
CUST00579,2,48582.07,1,414928.84
CUST00579,3,40743.28,1,256636.23
CUST00579,4,14482.49,0,233844.1
CUST00579,5,6415.16,1,258514.91
CUST00579,6,33400.11,1,69907.64
CUST00580,1,31406.93,1,281884.71
CUST00580,2,34623.72,1,161186.02
CUST00580,3,9707.58,1,434664.55
CUST00580,4,5355.42,1,237747.96
CUST00580,5,20150.23,1,93555.76
CUST00580,6,21110.2,0,233420.62
CUST00581,1,13377.23,1,219504.36
CUST00581,2,32747.55,1,287982.6
CUST00581,3,24573.58,1,236786.04
CUST00581,4,15961.49,0,186607.39
CUST00581,5,20204.52,0,200576.55
CUST00581,6,6805.8,0,381586.5
CUST00582,1,45538.95,1,53927.66
CUST00582,2,24165.24,1,476990.97
CUST00582,3,23033.76,1,82012.98
CUST00582,4,12487.31,1,443297.62
CUST00582,5,48435.6,1,99231.07
CUST00582,6,48759.25,0,64945.41
CUST00583,1,19991.62,1,485162.56
CUST00583,2,18917.31,0,400744.81
CUST00583,3,25642.11,0,230293.86
CUST00583,4,34637.39,0,441477.37
CUST00583,5,18557.71,1,92296.83
CUST00583,6,43599.3,1,45083.45
CUST00584,1,16012.96,0,277674.12
CUST00584,2,39902.38,1,238672.04
CUST00584,3,20512.03,1,274914.54
CUST00584,4,22732.13,0,456416.52
CUST00584,5,35079.66,1,353112.05
CUST00584,6,39337.53,1,193786.96
CUST00585,1,19326.05,0,199941.78
CUST00585,2,19720.03,1,409895.54
CUST00585,3,37866.74,1,298469.44
CUST00585,4,29035.18,1,244154.66
CUST00585,5,38319.31,1,13448.13
CUST00585,6,44851.47,0,383921.96
CUST00586,1,21610.97,1,250727.97
CUST00586,2,5071.62,1,375842.23
CUST00586,3,46156.37,0,115036.74
CUST00586,4,27497.74,1,105616.17
CUST00586,5,24593.03,1,192033.27
CUST00586,6,13094.4,0,142482.06
CUST00587,1,22406.7,1,17413.33
CUST00587,2,48133.07,1,89758.98
CUST00587,3,22919.73,1,417116.25
CUST00587,4,25921.52,1,173143.43
CUST00587,5,37970.18,0,431233.24
CUST00587,6,41159.76,1,80441.89
CUST00588,1,10793.28,1,191995.14
CUST00588,2,25461.14,1,326908.62
CUST00588,3,35158.77,1,385679.83
CUST00588,4,18632.95,1,371032.5
CUST00588,5,10218.13,1,251030.79
CUST00588,6,40145.16,0,167531.75
CUST00589,1,29076.09,1,55836.07
CUST00589,2,13047.78,1,265855.81
CUST00589,3,22256.23,0,40004.56
CUST00589,4,5313.05,0,295076.51
CUST00589,5,13892.59,1,363814.38
CUST00589,6,25474.52,1,232381.59
CUST00590,1,6793.0,1,230125.36
CUST00590,2,7253.31,1,343193.82
CUST00590,3,16354.71,1,337498.14
CUST00590,4,39507.52,1,271374.25
CUST00590,5,13042.77,1,208530.12
CUST00590,6,25104.66,1,317991.35
CUST00591,1,31810.05,1,365952.16
CUST00591,2,28907.08,1,124313.36
CUST00591,3,8782.11,1,63027.31
CUST00591,4,11508.99,1,215550.27
CUST00591,5,17361.33,1,344495.98
CUST00591,6,15984.53,0,410242.82
CUST00592,1,30608.07,1,38268.07
CUST00592,2,21775.79,0,304676.75
CUST00592,3,37571.46,1,190956.5
CUST00592,4,49111.99,1,168886.37
CUST00592,5,33653.35,1,211264.95
CUST00592,6,6007.26,0,128429.0
CUST00593,1,34380.29,1,418426.66
CUST00593,2,24504.59,1,396822.4
CUST00593,3,30690.28,1,307790.74
CUST00593,4,29262.09,0,347128.57
CUST00593,5,7197.4,1,236459.2
CUST00593,6,39232.36,1,137393.38
CUST00594,1,35998.85,0,138426.91
CUST00594,2,35214.78,1,199335.32
CUST00594,3,13156.72,1,136339.7
CUST00594,4,23323.23,1,391025.29
CUST00594,5,34574.58,1,133526.64
CUST00594,6,31958.58,0,159079.7
CUST00595,1,14959.57,1,354504.25
CUST00595,2,14947.6,1,143915.66
CUST00595,3,37041.51,1,293957.08
CUST00595,4,33564.77,1,270728.96
CUST00595,5,26402.13,1,6283.61
CUST00595,6,20326.82,1,411314.35
CUST00596,1,11830.04,0,249487.32
CUST00596,2,28950.82,0,336492.98
CUST00596,3,16506.17,1,330349.25
CUST00596,4,30709.1,1,315692.03
CUST00596,5,30259.66,1,41546.0
CUST00596,6,38660.49,1,184595.73
CUST00597,1,18132.04,1,225749.59
CUST00597,2,26032.1,0,312431.35
CUST00597,3,12503.04,1,282446.22
CUST00597,4,23692.68,1,375694.2
CUST00597,5,17774.95,0,245378.44
CUST00597,6,15562.34,1,65848.69
CUST00598,1,32320.48,1,48489.91
CUST00598,2,14823.74,1,285372.51
CUST00598,3,13038.01,0,383437.32
CUST00598,4,49297.22,1,275035.18
CUST00598,5,20841.11,0,209090.0
CUST00598,6,31966.18,1,385249.84
CUST00599,1,33362.4,0,442378.93
CUST00599,2,48210.77,0,158887.55
CUST00599,3,29103.22,1,112549.61
CUST00599,4,23178.47,1,143141.71
CUST00599,5,46604.76,0,461955.28
CUST00599,6,12993.2,1,1668.69
CUST00600,1,42343.98,1,328095.31
CUST00600,2,35750.83,1,191676.71
CUST00600,3,34389.69,1,205146.9
CUST00600,4,33638.76,1,112096.31
CUST00600,5,32436.77,1,499454.94
CUST00600,6,31980.57,0,204387.63
CUST00601,1,6027.51,1,124970.38
CUST00601,2,30618.78,1,342181.53
CUST00601,3,47833.07,1,371482.69
CUST00601,4,44758.06,0,194669.69
CUST00601,5,28010.1,0,425154.51
CUST00601,6,12262.07,1,361530.05
CUST00602,1,15769.19,1,468570.44
CUST00602,2,46462.36,1,66325.03
CUST00602,3,7916.58,1,103503.64
CUST00602,4,25753.08,0,341835.55
CUST00602,5,24964.39,0,398376.78
CUST00602,6,48776.24,1,320689.63
CUST00603,1,41165.91,1,436042.73
CUST00603,2,45899.54,0,231106.12
CUST00603,3,48311.33,1,374304.29
CUST00603,4,35691.06,1,433531.36
CUST00603,5,49799.05,1,35182.81
CUST00603,6,23769.03,1,441678.52
CUST00604,1,29180.37,0,388298.26
CUST00604,2,34119.02,1,357382.11
CUST00604,3,24733.45,0,29893.13
CUST00604,4,41524.81,0,384380.76
CUST00604,5,21351.8,0,463694.95
CUST00604,6,33317.07,1,214294.27
CUST00605,1,10582.56,0,423535.19
CUST00605,2,39107.32,1,376788.93
CUST00605,3,10030.27,0,183232.25
CUST00605,4,34544.16,0,456487.3
CUST00605,5,40799.89,0,132253.85
CUST00605,6,19851.16,0,37034.78
CUST00606,1,45463.79,1,376251.24
CUST00606,2,39064.13,1,147646.03
CUST00606,3,25010.24,1,349780.84
CUST00606,4,30570.4,1,17872.32
CUST00606,5,11300.94,1,144215.22
CUST00606,6,14945.97,1,281769.72
CUST00607,1,37121.14,1,472395.96
CUST00607,2,12123.61,0,152370.68
CUST00607,3,37088.55,0,147439.81
CUST00607,4,38467.99,0,64276.54
CUST00607,5,32335.22,1,128652.88
CUST00607,6,15256.31,0,291615.19
CUST00608,1,11676.35,1,129710.59
CUST00608,2,37451.27,0,435116.28
CUST00608,3,28256.81,1,309230.0
CUST00608,4,12668.46,1,321925.76
CUST00608,5,31421.09,1,157148.12
CUST00608,6,21846.32,1,324188.25
CUST00609,1,44185.2,1,87693.68
CUST00609,2,45371.01,1,334372.41
CUST00609,3,7913.87,0,154654.14
CUST00609,4,15093.95,1,304320.62
CUST00609,5,37794.28,1,324998.33
CUST00609,6,21042.57,1,284704.0
CUST00610,1,33738.65,1,419988.57
CUST00610,2,43058.57,1,449067.34
CUST00610,3,38362.0,1,332122.04
CUST00610,4,22932.11,1,476014.13
CUST00610,5,27833.74,1,276642.24
CUST00610,6,29063.92,0,268864.55
CUST00611,1,8575.13,1,223316.43
CUST00611,2,28532.7,0,128036.04
CUST00611,3,38274.61,0,468166.72
CUST00611,4,43588.52,0,344818.73
CUST00611,5,25522.97,1,489688.75
CUST00611,6,16959.35,1,45679.6
CUST00612,1,13550.64,1,453070.48
CUST00612,2,10964.7,1,30432.56
CUST00612,3,15241.38,1,380840.25
CUST00612,4,26477.7,1,268466.82
CUST00612,5,40163.57,1,395008.06
CUST00612,6,8287.45,1,58203.2
CUST00613,1,8752.38,0,49937.95
CUST00613,2,31521.91,1,243615.33
CUST00613,3,30619.82,1,214877.82
CUST00613,4,45724.5,0,443258.74
CUST00613,5,39982.81,0,294468.77
CUST00613,6,33571.96,1,496118.84
CUST00614,1,16328.65,1,300677.07
CUST00614,2,27167.23,0,164319.7
CUST00614,3,26747.58,1,475717.85
CUST00614,4,18483.68,1,124511.0
CUST00614,5,17387.98,1,251531.14
CUST00614,6,33166.48,1,488614.5
CUST00615,1,47556.37,1,3258.64
CUST00615,2,45201.52,1,235253.16
CUST00615,3,12340.89,1,380218.91
CUST00615,4,35283.93,1,462647.67
CUST00615,5,24943.92,0,343479.46
CUST00615,6,42015.1,0,389395.9
CUST00616,1,39328.37,0,153600.17
CUST00616,2,18742.27,1,235937.82
CUST00616,3,35813.58,1,105145.96
CUST00616,4,35234.93,1,78193.86
CUST00616,5,39487.88,0,426178.64
CUST00616,6,32455.55,0,162840.63
CUST00617,1,28240.98,1,326745.31
CUST00617,2,40493.69,0,134691.59
CUST00617,3,46977.96,1,467164.99
CUST00617,4,42549.76,1,72493.26
CUST00617,5,20017.5,1,414615.65
CUST00617,6,19190.6,1,212648.96
CUST00618,1,22709.4,1,2836.26
CUST00618,2,47299.43,1,484339.98
CUST00618,3,20912.54,0,487492.88
CUST00618,4,39517.19,1,409266.53
CUST00618,5,14099.59,0,358336.35
CUST00618,6,18265.86,1,11839.5
CUST00619,1,24237.43,1,162842.57
CUST00619,2,30198.75,0,398737.31
CUST00619,3,32790.01,1,428201.72
CUST00619,4,9807.56,0,80208.97
CUST00619,5,37528.21,0,296470.13
CUST00619,6,47842.04,1,390613.97
CUST00620,1,22552.84,0,243520.67
CUST00620,2,17606.42,1,293057.18
CUST00620,3,7669.26,1,319814.33
CUST00620,4,17422.08,1,219062.19
CUST00620,5,17790.59,1,67142.37
CUST00620,6,38742.18,1,488589.38
CUST00621,1,37960.21,0,436975.31
CUST00621,2,31541.37,1,99997.15
CUST00621,3,8960.23,0,163921.06
CUST00621,4,29596.33,0,130359.57
CUST00621,5,28896.24,1,344785.06
CUST00621,6,11321.04,1,435362.66
CUST00622,1,36466.31,0,156980.62
CUST00622,2,43404.5,1,373636.6
CUST00622,3,14666.58,1,234163.2
CUST00622,4,25736.17,1,99492.59
CUST00622,5,48714.74,1,127678.89
CUST00622,6,38644.26,1,70134.97
CUST00623,1,33900.81,1,198153.99
CUST00623,2,26886.09,1,415837.22
CUST00623,3,7712.89,1,186737.18
CUST00623,4,30457.16,1,479894.13
CUST00623,5,44288.64,1,395068.75
CUST00623,6,27140.43,1,166876.28
CUST00624,1,8019.93,1,282653.4
CUST00624,2,48840.24,1,265881.22
CUST00624,3,40936.59,1,286962.62
CUST00624,4,26080.11,0,496474.86
CUST00624,5,38835.83,0,215473.36
CUST00624,6,17458.92,1,444677.89
CUST00625,1,49745.74,0,325221.85
CUST00625,2,8286.16,0,287611.88
CUST00625,3,25432.12,0,369729.31
CUST00625,4,47682.67,1,200733.03
CUST00625,5,18221.62,1,414111.32
CUST00625,6,5849.22,0,161192.15
CUST00626,1,11772.27,0,292188.24
CUST00626,2,39550.05,1,228876.66
CUST00626,3,34943.08,1,462678.27
CUST00626,4,45195.96,0,433621.56
CUST00626,5,11867.22,0,103072.09
CUST00626,6,13171.4,1,266711.02
CUST00627,1,47502.26,1,389731.61
CUST00627,2,29303.43,1,163730.52
CUST00627,3,19190.13,0,329083.52
CUST00627,4,14076.56,0,212141.82
CUST00627,5,17198.51,0,386172.67
CUST00627,6,6228.34,1,61555.05
CUST00628,1,47660.62,1,221976.23
CUST00628,2,38477.41,0,104292.17
CUST00628,3,7214.64,1,199589.1
CUST00628,4,14253.45,1,295108.6
CUST00628,5,10609.22,0,253351.67
CUST00628,6,31023.66,1,60851.88
CUST00629,1,39047.29,1,470347.88
CUST00629,2,38328.89,1,374841.3
CUST00629,3,19259.58,0,105163.73
CUST00629,4,9085.59,1,179929.24
CUST00629,5,16487.8,1,472448.42
CUST00629,6,5726.55,1,401705.84
CUST00630,1,23013.88,1,177340.55
CUST00630,2,47557.93,1,217074.44
CUST00630,3,43151.37,1,114679.42
CUST00630,4,36554.63,0,321790.98
CUST00630,5,22535.88,1,7925.01
CUST00630,6,48390.55,0,323679.81
CUST00631,1,19547.19,0,423707.4
CUST00631,2,12981.13,1,63974.15
CUST00631,3,12009.12,0,234906.35
CUST00631,4,6754.59,1,401190.14
CUST00631,5,43985.53,0,146542.29
CUST00631,6,32789.98,0,209619.57
CUST00632,1,12858.69,1,482650.09
CUST00632,2,38388.5,0,90807.35
CUST00632,3,44558.48,1,393278.39
CUST00632,4,6349.11,0,153032.41
CUST00632,5,33139.06,1,310956.78
CUST00632,6,6281.52,1,165791.02
CUST00633,1,44996.92,1,367475.42
CUST00633,2,11495.34,1,23249.73
CUST00633,3,21966.65,1,361261.36
CUST00633,4,12638.31,1,7469.23
CUST00633,5,45373.49,1,209941.44
CUST00633,6,7984.66,1,232216.66
CUST00634,1,23678.46,1,220207.92
CUST00634,2,43561.21,0,360.81
CUST00634,3,26430.96,1,64099.31
CUST00634,4,34536.84,1,478452.68
CUST00634,5,35079.44,1,238894.92
CUST00634,6,38692.35,1,98143.55
CUST00635,1,14869.0,0,402723.74
CUST00635,2,11416.8,0,41094.49
CUST00635,3,9265.51,1,141149.89
CUST00635,4,32675.65,0,113111.7
CUST00635,5,13308.2,0,150554.07
CUST00635,6,36970.72,1,334178.18
CUST00636,1,28396.26,1,493821.46
CUST00636,2,17002.66,0,163972.01
CUST00636,3,21864.68,0,289684.28
CUST00636,4,47058.1,1,373967.97
CUST00636,5,40989.71,0,24009.22
CUST00636,6,13905.33,0,7160.87
CUST00637,1,33558.38,0,80942.6
CUST00637,2,19513.96,1,240388.19
CUST00637,3,43595.62,0,314356.46
CUST00637,4,41764.53,1,202828.43
CUST00637,5,49671.45,1,310656.28
CUST00637,6,29564.57,1,372480.21
CUST00638,1,34495.72,1,461942.82
CUST00638,2,20176.46,0,127642.21
CUST00638,3,41314.48,1,386003.89
CUST00638,4,25534.22,1,334006.34
CUST00638,5,20406.88,1,131431.67
CUST00638,6,40187.94,1,321146.35
CUST00639,1,48413.91,0,47291.76
CUST00639,2,48878.95,1,60138.87
CUST00639,3,37071.29,0,436653.37
CUST00639,4,18816.37,1,276649.27
CUST00639,5,47279.69,1,91306.19
CUST00639,6,41901.2,1,97438.99
CUST00640,1,42800.58,0,387955.68
CUST00640,2,13940.47,0,176968.25
CUST00640,3,32042.13,0,281441.5
CUST00640,4,28875.27,1,400129.99
CUST00640,5,21319.53,0,346847.37
CUST00640,6,49872.87,0,187236.06
CUST00641,1,9506.21,0,317453.67
CUST00641,2,43652.34,0,421619.4
CUST00641,3,38799.69,0,270410.78
CUST00641,4,47980.87,1,429147.6
CUST00641,5,17528.96,1,148248.22
CUST00641,6,45543.05,1,446872.25
CUST00642,1,26060.19,0,360773.82
CUST00642,2,18499.69,1,125664.62
CUST00642,3,30009.08,1,104377.4
CUST00642,4,38005.72,1,479637.88
CUST00642,5,7665.0,1,70151.64
CUST00642,6,26641.95,0,382296.47
CUST00643,1,41314.47,0,195619.14
CUST00643,2,12174.94,1,195499.83
CUST00643,3,13701.71,1,35265.82
CUST00643,4,48351.08,1,70220.17
CUST00643,5,23064.82,0,369827.49
CUST00643,6,47495.35,0,102915.55
CUST00644,1,11408.38,1,380292.3
CUST00644,2,5484.61,1,260310.14
CUST00644,3,28590.84,0,299223.25
CUST00644,4,15448.15,1,149411.11
CUST00644,5,10618.9,0,305017.85
CUST00644,6,11915.45,0,170688.6
CUST00645,1,17244.63,1,190750.86
CUST00645,2,45100.25,1,313449.17
CUST00645,3,24165.98,0,438121.16
CUST00645,4,36114.66,1,379229.77
CUST00645,5,15108.5,1,44286.48
CUST00645,6,37929.17,1,432542.53
CUST00646,1,15858.17,0,247265.9
CUST00646,2,36571.96,1,210837.06
CUST00646,3,33712.7,1,421162.5
CUST00646,4,37959.92,1,320132.71
CUST00646,5,19797.34,0,418148.12
CUST00646,6,49238.9,1,6463.05
CUST00647,1,37089.3,1,121372.11
CUST00647,2,27273.92,1,216883.52
CUST00647,3,16958.94,0,243930.98
CUST00647,4,32298.83,1,187911.17
CUST00647,5,28353.51,0,191293.61
CUST00647,6,32074.8,1,419102.82
CUST00648,1,33920.5,1,287812.76
CUST00648,2,10286.3,0,180350.41
CUST00648,3,35267.42,1,210914.66
CUST00648,4,22718.53,0,19932.46
CUST00648,5,34118.98,1,426116.52
CUST00648,6,30800.52,1,18638.12
CUST00649,1,22941.17,0,372193.17
CUST00649,2,24430.88,1,108019.77
CUST00649,3,13133.2,0,472974.88
CUST00649,4,9446.19,1,400947.62
CUST00649,5,37807.58,1,179294.47
CUST00649,6,35735.53,1,486789.78
CUST00650,1,16191.55,1,391854.9
CUST00650,2,19603.06,0,495487.85
CUST00650,3,16842.82,0,104690.51
CUST00650,4,39686.4,1,324143.46
CUST00650,5,38331.71,1,390484.11
CUST00650,6,12742.61,1,428323.18
CUST00651,1,20019.35,1,269117.38
CUST00651,2,41232.01,0,158267.07
CUST00651,3,18762.58,0,45216.24
CUST00651,4,23272.94,1,248596.35
CUST00651,5,13378.65,1,101074.56
CUST00651,6,43518.92,1,175296.95
CUST00652,1,41265.39,1,377385.42
CUST00652,2,48168.88,1,7963.67
CUST00652,3,13540.54,1,454415.16
CUST00652,4,36510.27,1,148101.85
CUST00652,5,30196.46,0,198985.62
CUST00652,6,36303.62,0,46681.84
CUST00653,1,37024.95,0,202318.54
CUST00653,2,16851.65,0,170081.98
CUST00653,3,20920.98,0,460629.16
CUST00653,4,9663.17,0,407286.54
CUST00653,5,44935.3,1,306710.01
CUST00653,6,48683.54,1,499719.45
CUST00654,1,24914.12,1,122951.8
CUST00654,2,11975.53,1,13179.59
CUST00654,3,15101.09,0,491631.15
CUST00654,4,16040.83,0,220177.95
CUST00654,5,41518.64,0,6209.18
CUST00654,6,15965.61,1,428765.67
CUST00655,1,26747.3,1,207262.92
CUST00655,2,29805.18,1,96119.55
CUST00655,3,13372.61,1,290447.81
CUST00655,4,33226.48,1,373396.39
CUST00655,5,36803.57,1,401713.04
CUST00655,6,16860.08,1,182257.26
CUST00656,1,46647.76,0,160077.36
CUST00656,2,21068.34,0,67246.4
CUST00656,3,43697.51,0,123447.68
CUST00656,4,29222.39,0,48310.7
CUST00656,5,46286.58,1,354176.96
CUST00656,6,29091.2,1,403626.78
CUST00657,1,32184.12,0,174171.39
CUST00657,2,36596.5,1,410538.77
CUST00657,3,15078.37,1,287129.58
CUST00657,4,7394.07,1,218935.48
CUST00657,5,31597.83,1,476582.01
CUST00657,6,12710.35,1,224234.14
CUST00658,1,34262.49,1,238313.22
CUST00658,2,36783.91,1,341003.5
CUST00658,3,7943.57,0,138045.19
CUST00658,4,16340.54,0,13788.49
CUST00658,5,31898.23,1,352108.91
CUST00658,6,47423.67,1,107602.07
CUST00659,1,25345.03,1,348602.99
CUST00659,2,18709.75,0,284928.68
CUST00659,3,44418.59,1,72116.53
CUST00659,4,29282.57,0,293436.23
CUST00659,5,43823.03,1,26485.46
CUST00659,6,38950.98,1,59841.69
CUST00660,1,48980.92,1,31814.37
CUST00660,2,23617.01,0,366278.17
CUST00660,3,16195.98,1,386867.1
CUST00660,4,49531.56,0,14743.78
CUST00660,5,46797.18,0,59750.05
CUST00660,6,9009.76,1,287001.44
CUST00661,1,47706.35,1,402456.97
CUST00661,2,22158.08,1,69254.75
CUST00661,3,20448.29,1,155597.69
CUST00661,4,12983.49,1,439532.27
CUST00661,5,27485.68,0,130252.78
CUST00661,6,14027.33,1,492818.01
CUST00662,1,33485.33,1,225863.75
CUST00662,2,9231.25,1,10200.38
CUST00662,3,32277.17,1,29573.1
CUST00662,4,21791.61,0,864.45
CUST00662,5,49330.79,1,2330.51
CUST00662,6,22313.91,1,400019.09
CUST00663,1,30563.54,1,429679.31
CUST00663,2,48007.03,0,318240.88
CUST00663,3,27419.06,1,109186.93
CUST00663,4,20536.16,0,456307.31
CUST00663,5,31987.32,1,88464.14
CUST00663,6,24831.39,0,253664.36
CUST00664,1,41646.27,1,15170.83
CUST00664,2,6744.84,1,444116.77
CUST00664,3,40714.14,1,403602.42
CUST00664,4,19024.94,1,53887.46
CUST00664,5,35736.44,1,259244.42
CUST00664,6,45510.38,1,96579.85
CUST00665,1,11986.37,1,459999.57
CUST00665,2,47201.82,0,273990.22
CUST00665,3,22498.06,1,472005.55
CUST00665,4,35091.73,1,169171.97
CUST00665,5,21456.21,0,480193.53
CUST00665,6,27084.57,1,20795.19
CUST00666,1,7638.09,1,405453.68
CUST00666,2,45935.06,0,377305.76
CUST00666,3,31600.99,1,45476.74
CUST00666,4,34466.19,1,281498.35
CUST00666,5,36599.27,1,197092.46
CUST00666,6,29587.15,0,141280.78
CUST00667,1,11096.41,0,146479.58
CUST00667,2,33185.27,1,217569.41
CUST00667,3,8707.5,1,245619.7
CUST00667,4,19468.15,1,304831.62
CUST00667,5,18765.39,1,385421.37
CUST00667,6,36450.57,1,415628.6
CUST00668,1,13463.55,1,153559.92
CUST00668,2,31436.14,1,271393.52
CUST00668,3,33841.96,0,23978.02
CUST00668,4,6258.34,1,192450.7
CUST00668,5,20829.45,1,26217.63
CUST00668,6,42142.74,1,369270.04
CUST00669,1,28579.3,0,254372.79
CUST00669,2,35651.0,1,455331.05
CUST00669,3,9439.28,0,446178.04
CUST00669,4,37058.48,1,357017.29
CUST00669,5,27287.38,1,320210.57
CUST00669,6,5701.67,1,103014.92
CUST00670,1,36022.53,1,2369.39
CUST00670,2,15817.43,1,492200.98
CUST00670,3,49418.85,0,185891.89
CUST00670,4,42700.43,1,77964.5
CUST00670,5,31943.82,1,334266.4
CUST00670,6,44687.52,1,340197.86
CUST00671,1,36957.76,0,154869.62
CUST00671,2,47312.28,0,368316.78
CUST00671,3,17267.67,0,5113.7
CUST00671,4,42059.97,1,139043.34
CUST00671,5,45548.41,1,126712.74
CUST00671,6,5469.34,0,197734.24
CUST00672,1,36320.08,1,64444.12
CUST00672,2,36027.47,1,318798.53
CUST00672,3,10187.53,1,33250.16
CUST00672,4,29162.29,0,471751.56
CUST00672,5,16542.46,0,357511.69
CUST00672,6,36275.87,1,268130.04
CUST00673,1,17811.72,1,130749.59
CUST00673,2,39244.52,1,411438.74
CUST00673,3,44781.2,1,277374.99
CUST00673,4,27408.52,0,259112.78
CUST00673,5,6606.28,1,54671.95
CUST00673,6,15289.03,1,92239.16
CUST00674,1,39314.36,1,120875.92
CUST00674,2,32689.44,1,369173.17
CUST00674,3,24891.07,1,331438.38
CUST00674,4,27662.87,0,384274.61
CUST00674,5,37620.96,1,284400.68
CUST00674,6,47686.52,1,429743.78
CUST00675,1,16286.1,0,175058.61
CUST00675,2,14029.22,0,28214.08
CUST00675,3,22101.55,1,252797.3
CUST00675,4,15135.6,0,97169.55
CUST00675,5,34610.55,1,12654.84
CUST00675,6,24823.87,0,300830.03
CUST00676,1,17951.29,0,71681.73
CUST00676,2,48387.94,1,55682.9
CUST00676,3,7930.91,1,267136.88
CUST00676,4,32836.38,0,362039.68
CUST00676,5,19474.53,1,71743.24
CUST00676,6,9670.67,0,2950.8
CUST00677,1,5153.94,1,406853.03
CUST00677,2,39591.29,1,428501.51
CUST00677,3,39297.93,1,281819.38
CUST00677,4,8326.58,0,411999.2
CUST00677,5,26439.27,1,322395.08
CUST00677,6,17711.08,1,193383.57
CUST00678,1,45960.85,0,341440.59
CUST00678,2,32567.38,1,490065.55
CUST00678,3,33651.39,1,459713.26
CUST00678,4,11891.21,1,439722.16
CUST00678,5,15072.79,1,318546.61
CUST00678,6,12845.89,1,499570.24
CUST00679,1,44687.19,1,370002.79
CUST00679,2,24428.15,1,71991.89
CUST00679,3,25696.94,0,439902.51
CUST00679,4,43325.76,1,62512.11
CUST00679,5,33192.5,0,470940.55
CUST00679,6,23951.33,1,230290.77
CUST00680,1,25354.03,1,231758.58
CUST00680,2,20201.06,0,199441.53
CUST00680,3,37548.85,0,123003.56
CUST00680,4,37066.54,1,97300.97
CUST00680,5,44312.28,0,392062.89
CUST00680,6,21353.67,1,274102.76
CUST00681,1,39378.95,1,187408.32
CUST00681,2,18810.45,1,70665.74
CUST00681,3,9889.26,0,226159.91
CUST00681,4,45710.42,1,206058.92
CUST00681,5,13973.44,1,275846.54
CUST00681,6,12052.37,1,468560.99
CUST00682,1,24430.27,1,11917.7
CUST00682,2,14290.4,1,333496.77
CUST00682,3,17299.4,0,340315.08
CUST00682,4,39615.8,0,200938.24
CUST00682,5,40183.65,0,75341.63
CUST00682,6,19242.08,0,434015.05
CUST00683,1,10874.98,1,158107.3
CUST00683,2,46985.91,1,265294.06
CUST00683,3,33263.85,1,338094.7
CUST00683,4,40413.3,1,10733.03
CUST00683,5,46407.73,1,165754.32
CUST00683,6,9047.61,1,101503.54
CUST00684,1,11777.13,0,153780.92
CUST00684,2,7971.04,1,454622.8
CUST00684,3,31255.18,1,237543.67
CUST00684,4,36662.14,1,151620.24
CUST00684,5,41105.12,0,450408.53
CUST00684,6,11840.76,1,59220.23
CUST00685,1,45960.42,1,79140.21
CUST00685,2,29854.45,1,349931.31
CUST00685,3,17655.56,0,488062.36
CUST00685,4,34874.11,0,454592.41
CUST00685,5,9368.1,1,67799.37
CUST00685,6,22142.71,1,238440.02
CUST00686,1,39521.21,1,344060.75
CUST00686,2,41807.83,1,292445.6
CUST00686,3,13182.51,1,485148.35
CUST00686,4,47597.18,1,171914.41
CUST00686,5,20289.95,1,443245.35
CUST00686,6,8100.05,0,312015.55
CUST00687,1,35481.79,0,55485.91
CUST00687,2,47076.3,0,98565.91
CUST00687,3,33540.02,1,355704.09
CUST00687,4,47694.28,1,177355.93
CUST00687,5,49260.69,1,7977.77
CUST00687,6,45097.15,1,495850.9
CUST00688,1,21434.72,1,96011.57
CUST00688,2,17611.06,1,452139.94
CUST00688,3,6055.0,1,452908.33
CUST00688,4,7340.5,0,350257.44
CUST00688,5,16840.1,1,168758.91
CUST00688,6,17277.64,0,229043.76
CUST00689,1,8610.99,1,15686.9
CUST00689,2,44241.8,1,5338.94
CUST00689,3,30814.37,1,190335.56
CUST00689,4,45704.07,1,194198.57
CUST00689,5,36287.97,1,348428.05
CUST00689,6,20103.57,1,426813.33
CUST00690,1,40285.42,1,353640.26
CUST00690,2,10955.31,1,359558.55
CUST00690,3,29857.22,1,140820.57
CUST00690,4,8748.78,1,459388.06
CUST00690,5,8815.79,0,456670.85
CUST00690,6,43766.56,1,11503.73
CUST00691,1,10783.66,1,121480.51
CUST00691,2,12969.82,1,77003.06
CUST00691,3,41065.57,1,431845.2
CUST00691,4,5434.04,1,368251.76
CUST00691,5,20351.07,1,35191.39
CUST00691,6,31223.97,1,315501.46
CUST00692,1,19890.53,0,52916.37
CUST00692,2,10489.03,0,69357.47
CUST00692,3,46310.1,1,92787.4
CUST00692,4,37321.45,1,1920.57
CUST00692,5,40621.67,0,105109.52
CUST00692,6,37264.06,1,160202.48
CUST00693,1,28820.01,1,408775.46
CUST00693,2,36870.69,1,302728.91
CUST00693,3,13372.92,1,365782.37
CUST00693,4,31631.54,1,221258.16
CUST00693,5,27841.3,1,87925.46
CUST00693,6,13897.42,0,439088.32
CUST00694,1,30894.53,0,349983.51
CUST00694,2,36629.06,1,94099.26
CUST00694,3,43187.73,0,81211.79
CUST00694,4,33588.36,1,148359.75
CUST00694,5,23552.69,0,142701.51
CUST00694,6,24193.55,1,367721.58
CUST00695,1,28874.79,0,445278.04
CUST00695,2,35758.9,1,377148.55
CUST00695,3,7909.4,1,246961.52
CUST00695,4,45621.21,1,309922.69
CUST00695,5,41796.66,1,337017.51
CUST00695,6,45438.79,1,5999.47
CUST00696,1,38492.09,1,159199.02
CUST00696,2,39712.37,1,349037.99
CUST00696,3,32247.81,1,284600.56
CUST00696,4,37721.7,1,225393.48
CUST00696,5,38398.67,1,185221.7
CUST00696,6,18511.12,1,156737.34
CUST00697,1,49959.38,0,114055.81
CUST00697,2,12674.88,0,176447.48
CUST00697,3,25922.52,1,162183.89
CUST00697,4,40831.32,1,231811.93
CUST00697,5,45459.03,1,76342.42
CUST00697,6,38203.66,1,209798.58
CUST00698,1,6101.59,0,394132.65
CUST00698,2,22165.58,0,74691.96
CUST00698,3,21456.95,1,395687.55
CUST00698,4,34779.74,0,75519.33
CUST00698,5,47571.93,0,47423.1
CUST00698,6,22608.12,0,135445.04
CUST00699,1,13899.04,1,196115.95
CUST00699,2,18658.5,1,138834.8
CUST00699,3,13547.57,1,361864.6
CUST00699,4,24478.53,0,243671.07
CUST00699,5,34960.51,1,480719.71
CUST00699,6,8010.77,1,353012.05
CUST00700,1,32351.79,0,117576.21
CUST00700,2,47450.21,0,208172.71
CUST00700,3,5583.54,1,315754.3
CUST00700,4,20236.12,1,342028.78
CUST00700,5,24304.88,1,299557.91
CUST00700,6,28833.65,1,362378.38
CUST00701,1,41320.59,0,184783.77
CUST00701,2,48669.38,1,8854.89
CUST00701,3,21650.38,0,104727.99
CUST00701,4,19679.03,0,455073.06
CUST00701,5,45614.93,0,457868.96
CUST00701,6,48763.75,1,277497.87
CUST00702,1,30974.89,1,349164.77
CUST00702,2,45583.51,1,390797.56
CUST00702,3,30752.37,0,354052.44
CUST00702,4,32422.42,0,244293.96
CUST00702,5,26138.86,1,156730.02
CUST00702,6,44632.77,1,375096.16
CUST00703,1,33062.31,1,264617.78
CUST00703,2,25821.02,0,133003.66
CUST00703,3,25226.82,0,395640.79
CUST00703,4,17429.47,0,181891.23
CUST00703,5,39999.17,1,123292.81
CUST00703,6,33488.14,1,178084.39
CUST00704,1,32929.36,1,73060.1
CUST00704,2,17274.09,1,242348.86
CUST00704,3,19137.57,1,100029.17
CUST00704,4,41482.79,0,478862.85
CUST00704,5,31891.42,1,147809.79
CUST00704,6,7725.33,0,261751.1
CUST00705,1,27685.82,0,395354.65
CUST00705,2,24034.61,1,149088.51
CUST00705,3,14190.8,1,12641.85
CUST00705,4,34323.57,1,39354.84
CUST00705,5,25922.28,0,223342.55
CUST00705,6,22190.88,0,296922.53
CUST00706,1,39130.77,1,468451.49
CUST00706,2,25517.45,0,353148.37
CUST00706,3,25400.01,0,293240.17
CUST00706,4,19526.17,1,61957.47
CUST00706,5,44048.2,1,238550.76
CUST00706,6,11378.88,0,187514.52
CUST00707,1,6145.94,1,323164.16
CUST00707,2,22799.2,1,306541.03
CUST00707,3,39223.92,0,141454.46
CUST00707,4,30452.76,1,19690.74
CUST00707,5,28026.88,0,358635.12
CUST00707,6,10934.0,1,463474.37
CUST00708,1,11296.01,1,261390.29
CUST00708,2,47305.53,0,45929.7
CUST00708,3,21214.26,1,169079.02
CUST00708,4,23568.88,1,246227.85
CUST00708,5,29530.01,1,208176.46
CUST00708,6,40537.79,0,77492.0
CUST00709,1,42028.07,0,224249.07
CUST00709,2,10186.21,1,113698.08
CUST00709,3,7543.14,0,278842.29
CUST00709,4,7361.74,0,112759.93
CUST00709,5,6907.77,0,379263.87
CUST00709,6,47748.47,0,250291.94
CUST00710,1,19532.76,0,335131.5
CUST00710,2,5866.51,1,246113.63
CUST00710,3,35133.89,0,207469.36
CUST00710,4,8058.27,0,294834.33
CUST00710,5,14397.65,1,245732.52
CUST00710,6,20722.17,1,290791.61
CUST00711,1,21565.32,0,198590.75
CUST00711,2,11851.51,1,457600.33
CUST00711,3,38491.43,1,132823.36
CUST00711,4,21843.53,1,79931.66
CUST00711,5,14071.37,1,128139.11
CUST00711,6,13809.76,1,196316.22
CUST00712,1,34270.82,1,14408.74
CUST00712,2,32151.55,0,335923.19
CUST00712,3,39650.75,0,92416.02
CUST00712,4,6874.7,1,371406.7
CUST00712,5,44340.54,0,379879.64
CUST00712,6,38106.61,1,416464.85
CUST00713,1,35339.28,1,408930.15
CUST00713,2,21242.22,1,323915.04
CUST00713,3,15341.45,1,108403.03
CUST00713,4,6071.56,1,108211.78
CUST00713,5,13141.36,1,103176.35
CUST00713,6,47605.78,1,359984.64
CUST00714,1,25604.8,1,300906.49
CUST00714,2,12436.58,1,240087.79
CUST00714,3,31853.32,0,428679.51
CUST00714,4,16183.33,1,53630.79
CUST00714,5,5012.18,1,309638.37
CUST00714,6,43572.47,1,465079.71
CUST00715,1,18655.09,1,364374.11
CUST00715,2,48254.38,1,26768.92
CUST00715,3,14688.89,0,485470.1
CUST00715,4,38383.09,1,38049.75
CUST00715,5,23786.92,1,148734.96
CUST00715,6,6574.67,1,151025.06
CUST00716,1,16822.65,0,60162.51
CUST00716,2,33651.94,0,396381.26
CUST00716,3,44613.08,1,87290.64
CUST00716,4,10066.4,0,117401.41
CUST00716,5,44140.63,1,347459.29
CUST00716,6,17291.05,1,351438.36
CUST00717,1,26587.62,0,345900.76
CUST00717,2,14696.4,1,339009.63
CUST00717,3,6345.42,1,216243.76
CUST00717,4,25956.57,0,486453.56
CUST00717,5,30954.23,1,328305.01
CUST00717,6,48174.3,1,354950.87
CUST00718,1,37349.19,0,400970.51
CUST00718,2,6098.58,1,481594.8
CUST00718,3,13463.14,0,223994.56
CUST00718,4,5087.69,0,22061.55
CUST00718,5,30344.54,1,279472.2
CUST00718,6,36632.61,0,357784.66
CUST00719,1,38413.67,1,182017.4
CUST00719,2,31912.21,1,410357.1
CUST00719,3,29506.58,1,329300.67
CUST00719,4,21707.25,1,270383.51
CUST00719,5,19432.01,0,173393.87
CUST00719,6,12828.32,1,186054.96
CUST00720,1,49258.08,1,73816.59
CUST00720,2,35269.61,1,337855.35
CUST00720,3,23352.16,1,43222.78
CUST00720,4,16394.01,0,166402.04
CUST00720,5,21140.09,1,225384.37
CUST00720,6,29264.53,0,82138.08
CUST00721,1,6924.01,1,459149.34
CUST00721,2,49222.13,0,299396.27
CUST00721,3,29309.5,0,79713.98
CUST00721,4,40943.1,0,488615.99
CUST00721,5,40652.5,0,198175.09
CUST00721,6,42054.95,1,495251.97
CUST00722,1,29479.85,1,51907.66
CUST00722,2,5181.82,1,332318.47
CUST00722,3,12411.59,0,342005.34
CUST00722,4,40447.59,1,58460.67
CUST00722,5,37933.46,1,274225.35
CUST00722,6,22773.22,0,409680.45
CUST00723,1,14858.21,1,374913.16
CUST00723,2,35951.04,1,112907.41
CUST00723,3,33975.6,0,417174.64
CUST00723,4,45285.55,0,358100.94
CUST00723,5,45193.26,1,399967.6
CUST00723,6,27284.13,1,347468.7
CUST00724,1,18795.02,1,151428.8
CUST00724,2,14415.98,0,48293.61
CUST00724,3,41652.25,1,8110.0
CUST00724,4,18310.28,0,92857.06
CUST00724,5,39923.05,1,33510.92
CUST00724,6,25366.97,1,210958.76
CUST00725,1,21088.14,1,5284.23
CUST00725,2,31890.24,1,193873.66
CUST00725,3,14380.18,1,309628.89
CUST00725,4,46380.01,0,307401.59
CUST00725,5,6884.37,1,488506.73
CUST00725,6,27499.77,1,15520.16
CUST00726,1,36528.42,1,376458.98
CUST00726,2,39640.43,1,344295.57
CUST00726,3,32910.43,1,474561.15
CUST00726,4,35818.17,1,189983.65
CUST00726,5,48324.57,1,237435.89
CUST00726,6,29468.07,1,122694.76
CUST00727,1,42378.35,0,461155.44
CUST00727,2,25460.88,0,168691.35
CUST00727,3,32162.39,1,17171.07
CUST00727,4,18941.61,0,427321.1
CUST00727,5,14744.99,1,47476.88
CUST00727,6,35772.07,1,431358.34
CUST00728,1,40137.57,1,222214.99
CUST00728,2,27593.27,1,137370.57
CUST00728,3,30427.25,1,326851.16
CUST00728,4,7192.17,1,58834.28
CUST00728,5,28253.13,0,451130.87
CUST00728,6,18202.53,0,19908.25
CUST00729,1,32050.42,1,54837.29
CUST00729,2,11965.83,1,99561.54
CUST00729,3,26881.14,1,193651.84
CUST00729,4,38503.88,0,452704.98
CUST00729,5,39760.82,1,151138.31
CUST00729,6,15054.02,0,291784.91
CUST00730,1,27200.8,0,222333.21
CUST00730,2,36535.1,1,50768.86
CUST00730,3,11264.24,0,489398.47
CUST00730,4,32234.27,1,219048.65
CUST00730,5,21500.4,0,214986.73
CUST00730,6,36878.4,0,184144.15
CUST00731,1,29456.81,1,236829.0
CUST00731,2,17550.6,1,351023.88
CUST00731,3,8012.23,1,131387.79
CUST00731,4,47689.79,1,237312.76
CUST00731,5,27820.11,0,453308.12
CUST00731,6,44398.98,1,12054.64
CUST00732,1,8886.99,0,332320.47
CUST00732,2,25074.6,1,186658.43
CUST00732,3,16835.3,1,485432.69
CUST00732,4,34531.82,1,206627.88
CUST00732,5,30185.0,0,101223.63
CUST00732,6,18515.44,0,350736.95
CUST00733,1,5503.71,1,255098.01
CUST00733,2,5547.44,1,332955.6
CUST00733,3,31350.78,1,151672.07
CUST00733,4,41515.78,1,460365.83
CUST00733,5,43726.36,0,94333.51
CUST00733,6,26364.18,1,107061.24
CUST00734,1,12758.81,1,316698.28
CUST00734,2,29363.13,1,73056.2
CUST00734,3,10713.0,1,72701.31
CUST00734,4,39223.31,1,256692.29
CUST00734,5,49431.28,1,82366.36
CUST00734,6,33212.34,1,419885.47
CUST00735,1,21277.51,0,413987.82
CUST00735,2,23287.62,1,21454.45
CUST00735,3,19421.94,1,13832.62
CUST00735,4,35224.52,1,195388.11
CUST00735,5,32289.64,0,374304.25
CUST00735,6,10729.69,1,474693.95
CUST00736,1,27929.63,1,323020.48
CUST00736,2,38994.36,0,120670.3
CUST00736,3,28456.63,1,386549.58
CUST00736,4,24473.37,1,208658.22
CUST00736,5,30275.9,0,445825.23
CUST00736,6,11550.37,0,19974.27
CUST00737,1,17482.52,1,232253.55
CUST00737,2,41306.51,1,151748.44
CUST00737,3,29088.09,1,459663.4
CUST00737,4,43492.05,1,255719.98
CUST00737,5,22374.22,0,294780.55
CUST00737,6,30208.45,0,302602.41
CUST00738,1,34745.4,1,68633.67
CUST00738,2,20168.39,0,244837.77
CUST00738,3,20408.45,1,308183.33
CUST00738,4,7832.05,0,134105.81
CUST00738,5,17206.3,1,297216.91
CUST00738,6,15252.9,1,453608.82
CUST00739,1,30470.67,1,486170.34
CUST00739,2,13633.09,1,258835.88
CUST00739,3,23519.27,1,298880.25
CUST00739,4,35135.81,0,384157.03
CUST00739,5,45074.77,0,401122.21
CUST00739,6,35974.95,0,343551.69
CUST00740,1,21266.91,1,276451.6
CUST00740,2,14200.9,1,290874.51
CUST00740,3,12803.7,0,361371.27
CUST00740,4,18115.75,0,102866.91
CUST00740,5,40547.53,1,91538.92
CUST00740,6,34136.48,1,187499.31
CUST00741,1,22623.36,0,135370.25
CUST00741,2,30568.52,1,170699.72
CUST00741,3,16462.66,1,126267.85
CUST00741,4,48493.12,1,491933.78
CUST00741,5,5147.02,0,405995.59
CUST00741,6,16466.49,1,227380.28
CUST00742,1,49588.42,1,410579.12
CUST00742,2,28000.33,1,99595.01
CUST00742,3,7294.69,1,314056.36
CUST00742,4,27030.18,1,238184.08
CUST00742,5,22409.81,1,69863.68
CUST00742,6,10531.25,1,20517.31
CUST00743,1,8162.6,1,274245.35
CUST00743,2,17078.64,1,462873.9
CUST00743,3,35902.59,0,19968.69
CUST00743,4,34713.36,1,4928.05
CUST00743,5,20192.27,1,359785.98
CUST00743,6,17788.46,0,115244.17
CUST00744,1,32824.04,1,375863.28
CUST00744,2,46753.32,1,420384.0
CUST00744,3,11826.63,1,292060.0
CUST00744,4,39305.81,0,402855.15
CUST00744,5,42130.37,0,270855.64
CUST00744,6,5784.83,0,45588.88
CUST00745,1,38320.52,1,404775.17
CUST00745,2,10605.35,0,422691.13
CUST00745,3,14943.81,1,304803.6
CUST00745,4,45134.83,0,139735.34
CUST00745,5,5142.58,0,154247.12
CUST00745,6,31083.69,1,424794.77
CUST00746,1,25077.43,0,50183.31
CUST00746,2,8689.87,0,222066.53
CUST00746,3,11767.35,1,425293.19
CUST00746,4,38781.24,1,270632.31
CUST00746,5,17227.55,0,245759.91
CUST00746,6,40531.45,1,171144.37
CUST00747,1,5932.21,1,307818.92
CUST00747,2,42719.85,1,102734.79
CUST00747,3,11503.21,1,300476.77
CUST00747,4,36451.8,1,84190.83
CUST00747,5,23180.28,0,157105.89
CUST00747,6,23229.6,0,357466.89
CUST00748,1,45430.37,1,300217.82
CUST00748,2,26137.09,1,343246.09
CUST00748,3,30348.91,0,348790.46
CUST00748,4,25351.06,1,194434.94
CUST00748,5,20533.29,1,10247.06
CUST00748,6,24633.13,1,454594.02
CUST00749,1,9025.74,1,174115.03
CUST00749,2,17110.47,1,239265.38
CUST00749,3,12584.37,1,322504.47
CUST00749,4,31959.73,0,422951.27
CUST00749,5,49062.27,1,23989.26
CUST00749,6,15286.11,0,457924.96
CUST00750,1,9156.96,0,276412.01
CUST00750,2,16267.6,1,466005.05
CUST00750,3,25389.54,1,70817.02
CUST00750,4,24615.22,0,114544.33
CUST00750,5,19021.93,1,33389.45
CUST00750,6,44231.45,1,26073.27
CUST00751,1,34457.99,0,87971.96
CUST00751,2,29657.23,1,447461.0
CUST00751,3,15631.04,0,301317.17
CUST00751,4,8467.14,1,134522.06
CUST00751,5,40241.46,1,62068.64
CUST00751,6,25814.17,1,361604.25
CUST00752,1,11872.34,0,122823.27
CUST00752,2,5393.59,0,383174.82
CUST00752,3,28096.07,1,250456.54
CUST00752,4,45267.72,1,67474.55
CUST00752,5,7175.5,0,423268.56
CUST00752,6,15886.65,1,417139.96
CUST00753,1,30823.9,1,231202.61
CUST00753,2,25472.49,0,54938.09
CUST00753,3,16169.67,0,303005.38
CUST00753,4,6902.31,1,67952.13
CUST00753,5,17924.11,1,399419.03
CUST00753,6,35488.64,1,275157.87
CUST00754,1,37680.57,1,233310.11
CUST00754,2,34130.9,1,176967.74
CUST00754,3,32248.27,0,418813.87
CUST00754,4,23233.94,1,261735.21
CUST00754,5,23345.52,1,428963.42
CUST00754,6,10680.79,1,103446.51
CUST00755,1,31990.92,1,420973.01
CUST00755,2,10199.13,1,191286.14
CUST00755,3,18478.31,1,157272.59
CUST00755,4,13941.63,1,107785.22
CUST00755,5,39878.24,0,224970.22
CUST00755,6,31569.35,0,69922.56
CUST00756,1,40719.22,1,122245.89
CUST00756,2,5737.01,0,451831.84
CUST00756,3,16381.4,1,233174.52
CUST00756,4,25934.21,0,231649.65
CUST00756,5,23711.0,1,122683.0
CUST00756,6,11549.19,0,461373.36
CUST00757,1,18293.81,1,175277.56
CUST00757,2,45922.64,0,436056.44
CUST00757,3,8515.56,1,177387.19
CUST00757,4,28065.27,1,20262.21
CUST00757,5,49161.09,1,33877.83
CUST00757,6,19915.36,1,460992.64
CUST00758,1,12467.54,1,72969.51
CUST00758,2,36999.73,1,29943.48
CUST00758,3,27927.8,0,260545.52
CUST00758,4,6086.29,1,167020.47
CUST00758,5,32581.67,1,310886.34
CUST00758,6,17821.72,1,400611.98
CUST00759,1,31352.95,1,379246.24
CUST00759,2,24503.37,1,18077.96
CUST00759,3,40068.85,0,374468.66
CUST00759,4,27767.65,0,466473.79
CUST00759,5,22006.62,0,357135.58
CUST00759,6,37915.24,0,133552.92
CUST00760,1,11399.51,0,46594.8
CUST00760,2,22275.03,1,110118.77
CUST00760,3,6980.6,1,476779.83
CUST00760,4,13752.21,1,96832.13
CUST00760,5,40976.23,0,213455.75
CUST00760,6,30568.41,0,283.49
CUST00761,1,7980.27,1,132753.84
CUST00761,2,26719.91,1,109547.23
CUST00761,3,46181.03,0,462410.89
CUST00761,4,27206.7,1,334708.57
CUST00761,5,41526.04,1,308399.18
CUST00761,6,49075.62,1,477834.21
CUST00762,1,16613.75,1,273962.68
CUST00762,2,45559.67,0,165299.93
CUST00762,3,34922.37,1,77799.16
CUST00762,4,35688.08,0,294889.79
CUST00762,5,35717.06,1,389148.06
CUST00762,6,16038.34,1,216936.68
CUST00763,1,17248.48,1,150284.47
CUST00763,2,48774.25,1,25643.29
CUST00763,3,31626.18,1,53248.4
CUST00763,4,11658.74,0,422244.1
CUST00763,5,14852.87,0,232173.79
CUST00763,6,11896.62,1,348690.86
CUST00764,1,27762.96,1,371261.78
CUST00764,2,23868.12,1,149542.26
CUST00764,3,15912.24,1,240586.84
CUST00764,4,46778.44,1,387483.02
CUST00764,5,46675.6,1,217811.71
CUST00764,6,41677.74,0,207111.45
CUST00765,1,49026.14,1,468797.01
CUST00765,2,10320.19,0,243259.98
CUST00765,3,49900.93,1,294211.61
CUST00765,4,23239.3,0,143233.8
CUST00765,5,32475.77,0,168055.64
CUST00765,6,31909.2,1,188423.82
CUST00766,1,8729.53,1,41155.13
CUST00766,2,38184.36,0,270185.23
CUST00766,3,27169.18,1,467187.13
CUST00766,4,40711.52,0,323984.88
CUST00766,5,49632.68,1,235604.07
CUST00766,6,6470.81,1,491850.53
CUST00767,1,21504.51,0,459041.78
CUST00767,2,36499.3,0,285998.63
CUST00767,3,6819.34,1,165070.87
CUST00767,4,6752.4,1,41172.9
CUST00767,5,6778.12,1,410714.89
CUST00767,6,13651.17,0,448528.07
CUST00768,1,42088.59,1,53769.24
CUST00768,2,31701.66,1,418424.91
CUST00768,3,8225.75,1,142222.43
CUST00768,4,7922.41,1,426197.72
CUST00768,5,12082.73,0,257445.73
CUST00768,6,27338.7,0,344516.01
CUST00769,1,6441.52,1,332504.29
CUST00769,2,36270.89,1,179375.96
CUST00769,3,27899.41,1,326744.71
CUST00769,4,41658.71,1,403482.93
CUST00769,5,15580.63,1,333127.68
CUST00769,6,14474.63,1,74360.46
CUST00770,1,11984.86,1,29374.04
CUST00770,2,44381.37,0,53837.25
CUST00770,3,25201.41,0,361384.87
CUST00770,4,17711.39,1,343862.9
CUST00770,5,31067.16,0,240798.38
CUST00770,6,23444.63,0,334134.67
CUST00771,1,35223.83,0,293835.4
CUST00771,2,47184.63,0,447794.82
CUST00771,3,34528.17,1,78265.48
CUST00771,4,13616.99,1,24456.09
CUST00771,5,42850.46,1,194779.53
CUST00771,6,41563.35,1,329164.72
CUST00772,1,22887.03,0,431287.2
CUST00772,2,25232.55,1,372640.63
CUST00772,3,36832.3,0,157394.19
CUST00772,4,46197.2,1,434066.93
CUST00772,5,13278.28,0,477144.79
CUST00772,6,23711.05,1,437760.48
CUST00773,1,20055.03,1,442109.56
CUST00773,2,15801.05,1,247678.82
CUST00773,3,17503.8,0,360392.19
CUST00773,4,23804.16,1,315768.98
CUST00773,5,37011.43,1,186511.95
CUST00773,6,5123.18,1,385784.01
CUST00774,1,48617.33,0,105530.88
CUST00774,2,19963.31,0,428887.04
CUST00774,3,38482.36,1,265434.55
CUST00774,4,45031.39,1,306231.89
CUST00774,5,32550.1,1,384855.92
CUST00774,6,37907.2,1,227476.25
CUST00775,1,37359.82,1,145096.64
CUST00775,2,49855.56,1,22256.83
CUST00775,3,19967.24,1,294660.13
CUST00775,4,48428.86,1,237258.78
CUST00775,5,44520.55,1,457052.6
CUST00775,6,32394.22,0,461544.76
CUST00776,1,42566.1,0,224635.67
CUST00776,2,18512.71,0,426082.36
CUST00776,3,41753.13,0,452190.22
CUST00776,4,16436.39,1,2142.51
CUST00776,5,15314.94,0,476004.29
CUST00776,6,25216.25,1,1125.21
CUST00777,1,7149.37,1,401195.59
CUST00777,2,17313.56,1,469958.45
CUST00777,3,5735.45,0,397314.86
CUST00777,4,33800.88,1,384450.43
CUST00777,5,34849.14,1,494434.19
CUST00777,6,14603.65,0,276179.63
CUST00778,1,40085.37,0,462814.58
CUST00778,2,22506.19,0,164293.69
CUST00778,3,29527.85,0,7105.68
CUST00778,4,24327.52,1,323421.49
CUST00778,5,47596.04,1,49729.97
CUST00778,6,46898.69,0,129096.61
CUST00779,1,34585.57,0,128546.24
CUST00779,2,12283.77,1,102046.66
CUST00779,3,12375.83,1,382546.35
CUST00779,4,17995.03,1,345778.75
CUST00779,5,33756.02,1,491406.8
CUST00779,6,44294.95,1,476792.76
CUST00780,1,7969.2,1,482571.84
CUST00780,2,10101.68,1,168764.92
CUST00780,3,27520.84,1,232648.61
CUST00780,4,10494.39,0,307183.0
CUST00780,5,40347.37,1,394500.01
CUST00780,6,20895.81,1,403300.95
CUST00781,1,29538.7,1,362657.62
CUST00781,2,45991.4,1,402187.67
CUST00781,3,40698.94,1,496061.49
CUST00781,4,12303.15,1,80169.91
CUST00781,5,41684.81,1,97085.22
CUST00781,6,49600.11,0,175691.29
CUST00782,1,20308.13,1,396332.66
CUST00782,2,24458.07,1,387931.09
CUST00782,3,23110.67,0,95071.84
CUST00782,4,33687.02,1,373867.17
CUST00782,5,8010.53,0,113375.6
CUST00782,6,34566.16,1,278728.88
CUST00783,1,25603.39,1,321263.69
CUST00783,2,13960.09,1,18189.74
CUST00783,3,13463.62,1,177710.73
CUST00783,4,49444.81,1,324358.41
CUST00783,5,23699.02,1,484791.86
CUST00783,6,43790.31,1,67039.81
CUST00784,1,9318.98,1,280706.14
CUST00784,2,10242.23,0,236714.91
CUST00784,3,29911.33,1,362951.84
CUST00784,4,20331.65,1,405414.65
CUST00784,5,40376.58,0,158533.45
CUST00784,6,19042.62,1,146725.66
CUST00785,1,43639.56,1,469524.31
CUST00785,2,34917.06,0,347953.39
CUST00785,3,41706.2,0,140334.04
CUST00785,4,43238.16,1,487564.78
CUST00785,5,21370.34,1,154192.57
CUST00785,6,18491.91,1,13073.89
CUST00786,1,17831.98,0,355900.15
CUST00786,2,44127.72,1,301453.21
CUST00786,3,43320.65,1,56687.09
CUST00786,4,48858.76,1,159155.86
CUST00786,5,10567.71,1,106155.23
CUST00786,6,41016.72,0,24539.35
CUST00787,1,19016.98,1,377420.32
CUST00787,2,46083.79,1,405788.55
CUST00787,3,29702.14,1,435150.21
CUST00787,4,29572.91,1,328949.85
CUST00787,5,9519.61,1,376150.97
CUST00787,6,6833.18,1,46483.74
CUST00788,1,19996.99,0,26026.73
CUST00788,2,8093.64,1,2004.72
CUST00788,3,45113.11,1,234611.56
CUST00788,4,21250.77,1,53445.47
CUST00788,5,12146.31,1,447512.26
CUST00788,6,16140.91,1,84189.9
CUST00789,1,34181.86,1,350348.73
CUST00789,2,9674.32,1,235157.84
CUST00789,3,37793.69,0,84684.79
CUST00789,4,48078.12,0,254842.23
CUST00789,5,49534.11,1,340705.6
CUST00789,6,44378.27,1,397330.51
CUST00790,1,39931.8,0,246326.4
CUST00790,2,15706.03,1,105503.76
CUST00790,3,35009.7,0,412512.69
CUST00790,4,18171.78,0,202260.3
CUST00790,5,31584.66,1,143831.38
CUST00790,6,16206.38,1,353452.18
CUST00791,1,16474.97,1,248838.62
CUST00791,2,49001.71,1,295368.68
CUST00791,3,38605.35,0,64095.52
CUST00791,4,13296.11,0,290102.06
CUST00791,5,48522.85,0,66224.29
CUST00791,6,6809.28,0,372440.07
CUST00792,1,37906.36,0,197359.38
CUST00792,2,48434.9,1,479699.91
CUST00792,3,30855.86,0,105102.48
CUST00792,4,9984.84,0,6879.96
CUST00792,5,9812.91,0,223537.25
CUST00792,6,11614.44,0,392798.74
CUST00793,1,44096.05,1,488625.0
CUST00793,2,22042.61,1,340157.26
CUST00793,3,24953.53,0,428878.12
CUST00793,4,11566.2,1,176589.09
CUST00793,5,44147.8,0,121384.25
CUST00793,6,27001.11,1,218725.41
CUST00794,1,16345.01,1,231791.25
CUST00794,2,7763.21,1,374162.16
CUST00794,3,28592.69,0,206702.17
CUST00794,4,44658.8,0,141723.09
CUST00794,5,12967.7,1,236616.98
CUST00794,6,39318.5,1,293242.23
CUST00795,1,20652.93,0,112157.87
CUST00795,2,14041.58,1,419733.98
CUST00795,3,48357.87,1,80229.15
CUST00795,4,14925.45,0,8572.89
CUST00795,5,15548.94,1,192290.82
CUST00795,6,49392.19,1,254848.86
CUST00796,1,47028.93,1,133837.9
CUST00796,2,21687.53,1,344953.92
CUST00796,3,17231.54,0,258240.26
CUST00796,4,18959.77,1,10149.78
CUST00796,5,30522.01,1,120612.89
CUST00796,6,17726.6,0,378868.46
CUST00797,1,35080.11,1,427925.08
CUST00797,2,30848.62,1,460913.74
CUST00797,3,33238.37,1,1685.42
CUST00797,4,48137.97,1,384246.56
CUST00797,5,39635.89,1,283975.53
CUST00797,6,5065.72,0,93685.93
CUST00798,1,37967.85,0,382081.11
CUST00798,2,16302.55,1,293096.18
CUST00798,3,33298.12,0,420955.01
CUST00798,4,32070.75,1,178443.75
CUST00798,5,22096.47,1,98134.37
CUST00798,6,16019.78,1,428898.22
CUST00799,1,21059.63,0,266242.99
CUST00799,2,27191.77,1,478750.9
CUST00799,3,5739.41,1,51596.21
CUST00799,4,45316.64,0,205367.65
CUST00799,5,6974.45,1,206179.94
CUST00799,6,49818.02,1,51307.58
CUST00800,1,49539.86,1,220640.59
CUST00800,2,11107.46,0,107266.87
CUST00800,3,21689.46,1,128228.27
CUST00800,4,46319.16,1,60138.73
CUST00800,5,17618.49,1,444900.78
CUST00800,6,45189.62,1,170407.14
CUST00801,1,15651.93,1,46755.08
CUST00801,2,16264.25,1,268445.54
CUST00801,3,33309.81,0,22085.28
CUST00801,4,36004.85,1,83518.87
CUST00801,5,39079.69,0,3178.3
CUST00801,6,42892.11,0,397861.14
CUST00802,1,44936.07,1,44355.09
CUST00802,2,31229.56,1,138834.98
CUST00802,3,24219.76,1,467327.41
CUST00802,4,38899.73,1,347969.5
CUST00802,5,6210.47,1,490352.45
CUST00802,6,30726.69,0,137628.97
CUST00803,1,12743.07,0,117109.78
CUST00803,2,7034.19,0,97928.03
CUST00803,3,14408.19,0,147499.98
CUST00803,4,7757.38,1,112812.59
CUST00803,5,11053.18,1,362871.92
CUST00803,6,37582.79,1,313565.28
CUST00804,1,44607.49,1,417373.2
CUST00804,2,24432.01,0,31633.99
CUST00804,3,45552.04,1,189043.07
CUST00804,4,12711.88,1,266514.83
CUST00804,5,35799.78,1,54262.21
CUST00804,6,39398.79,0,36606.51
CUST00805,1,23677.38,1,114628.56
CUST00805,2,41566.98,1,356848.51
CUST00805,3,37117.5,0,265432.9
CUST00805,4,45541.12,1,449487.53
CUST00805,5,46271.2,1,443194.1
CUST00805,6,12082.87,1,266423.89
CUST00806,1,30528.21,1,212443.16
CUST00806,2,32492.69,1,139587.69
CUST00806,3,16710.29,0,463106.56
CUST00806,4,40923.6,1,98134.82
CUST00806,5,18299.04,1,232434.19
CUST00806,6,9096.11,1,57673.76
CUST00807,1,36253.29,1,114868.91
CUST00807,2,36512.13,1,280032.42
CUST00807,3,22757.32,0,290331.17
CUST00807,4,38192.55,0,26415.85
CUST00807,5,13090.67,0,399471.45
CUST00807,6,15821.73,1,254207.99
CUST00808,1,32310.56,1,120747.37
CUST00808,2,29852.48,1,262537.94
CUST00808,3,9209.14,1,166037.93
CUST00808,4,11128.1,0,22009.28
CUST00808,5,27072.88,0,69856.21
CUST00808,6,40551.27,0,318124.69
CUST00809,1,28307.98,1,221173.82
CUST00809,2,23995.51,0,273363.14
CUST00809,3,38198.35,1,230449.6
CUST00809,4,35660.25,1,14980.06
CUST00809,5,39446.58,1,387652.13
CUST00809,6,36089.76,0,15173.7
CUST00810,1,19512.35,0,403986.07
CUST00810,2,31362.82,1,343978.2
CUST00810,3,26635.09,1,219489.53
CUST00810,4,45243.24,0,185769.75
CUST00810,5,40435.96,0,484321.83
CUST00810,6,6162.86,0,494201.45
CUST00811,1,19077.98,0,57578.78
CUST00811,2,46141.66,0,144930.9
CUST00811,3,18146.21,0,42520.22
CUST00811,4,41574.46,1,334071.78
CUST00811,5,29300.6,1,245569.59
CUST00811,6,45961.41,1,75288.62
CUST00812,1,42096.07,1,250707.71
CUST00812,2,40473.94,1,189722.63
CUST00812,3,6817.24,1,233656.39
CUST00812,4,6986.59,1,1397.79
CUST00812,5,16757.84,0,188947.87
CUST00812,6,33650.06,1,180733.37
CUST00813,1,28215.08,1,74979.3
CUST00813,2,21997.45,1,117900.89
CUST00813,3,11717.29,1,255841.29
CUST00813,4,49580.04,1,330661.95
CUST00813,5,21479.48,0,392569.95
CUST00813,6,21889.65,1,276271.66
CUST00814,1,6771.92,1,26518.36
CUST00814,2,14356.24,1,301051.26
CUST00814,3,32639.4,1,309045.55
CUST00814,4,40393.55,1,386183.24
CUST00814,5,40037.62,1,92383.21
CUST00814,6,7903.15,1,400996.86
CUST00815,1,46766.24,1,126407.56
CUST00815,2,28785.91,1,457617.46
CUST00815,3,38232.78,1,312789.2
CUST00815,4,16639.77,0,88722.54
CUST00815,5,47680.03,1,440226.99
CUST00815,6,16205.69,0,189043.96
CUST00816,1,39373.38,1,323871.28
CUST00816,2,22986.89,0,77430.47
CUST00816,3,7948.87,0,200041.32
CUST00816,4,35505.64,0,85435.57
CUST00816,5,30713.92,0,333489.48
CUST00816,6,18837.35,1,79296.43
CUST00817,1,15922.23,1,378239.73
CUST00817,2,10872.97,0,362614.27
CUST00817,3,28774.45,0,52046.45
CUST00817,4,48234.81,1,41084.14
CUST00817,5,44304.99,1,145812.66
CUST00817,6,49199.38,1,78336.01
CUST00818,1,47576.38,1,378829.0
CUST00818,2,43982.31,1,93294.54
CUST00818,3,40489.66,0,337875.45
CUST00818,4,20296.88,0,93477.66
CUST00818,5,13625.24,0,11632.05
CUST00818,6,8807.31,1,153864.74
CUST00819,1,40644.22,1,256490.07
CUST00819,2,48198.73,1,252608.17
CUST00819,3,46312.31,0,365390.04
CUST00819,4,21576.73,1,348703.08
CUST00819,5,28343.61,1,165775.61
CUST00819,6,48761.43,1,305047.62
CUST00820,1,36373.58,0,344128.65
CUST00820,2,6689.34,0,319540.64
CUST00820,3,49690.67,1,119408.55
CUST00820,4,46241.87,0,484865.95
CUST00820,5,42077.19,0,414262.79
CUST00820,6,16597.27,1,441740.12
CUST00821,1,10498.12,0,110939.41
CUST00821,2,11363.72,1,45028.81
CUST00821,3,37008.75,1,263105.71
CUST00821,4,37456.33,1,272188.96
CUST00821,5,32290.54,0,120548.16
CUST00821,6,9113.84,0,98995.08
CUST00822,1,14755.2,1,322014.12
CUST00822,2,49974.96,1,441191.39
CUST00822,3,43466.61,0,38420.31
CUST00822,4,8773.94,1,380676.79
CUST00822,5,27349.99,1,495710.98
CUST00822,6,9288.85,1,429189.23
CUST00823,1,40051.1,0,432007.94
CUST00823,2,45132.08,1,455755.45
CUST00823,3,14391.66,1,498631.55
CUST00823,4,6322.92,1,167294.24
CUST00823,5,23676.02,1,63953.51
CUST00823,6,31873.85,1,122192.92
CUST00824,1,21978.1,1,318416.72
CUST00824,2,27380.82,0,141824.59
CUST00824,3,49055.08,1,480184.29
CUST00824,4,45857.16,1,441140.64
CUST00824,5,35605.43,1,183952.42
CUST00824,6,40643.71,0,442941.97
CUST00825,1,8431.34,1,35456.34
CUST00825,2,10542.81,1,319644.24
CUST00825,3,30876.27,1,269614.66
CUST00825,4,15162.98,1,264944.26
CUST00825,5,20432.76,1,293278.54
CUST00825,6,39043.45,1,97352.96
CUST00826,1,41672.59,0,470800.07
CUST00826,2,32295.58,1,73941.16
CUST00826,3,15806.41,1,167595.63
CUST00826,4,23822.1,1,127573.66
CUST00826,5,6641.73,0,428638.64
CUST00826,6,18227.68,1,268052.52
CUST00827,1,47330.05,1,414791.54
CUST00827,2,33371.51,1,118824.33
CUST00827,3,47101.66,1,217685.62
CUST00827,4,40582.94,1,259669.63
CUST00827,5,9319.34,0,64393.22
CUST00827,6,40113.8,1,469422.61
CUST00828,1,47473.16,1,260128.28
CUST00828,2,14143.2,1,198915.16
CUST00828,3,32334.23,1,193142.06
CUST00828,4,35820.86,1,160189.11
CUST00828,5,38532.26,1,476393.35
CUST00828,6,39541.76,1,448746.81
CUST00829,1,21010.79,1,254537.91
CUST00829,2,13253.18,1,54386.84
CUST00829,3,33187.02,1,212236.78
CUST00829,4,30261.69,0,310589.33
CUST00829,5,49276.39,1,145200.41
CUST00829,6,48340.81,1,121050.06
CUST00830,1,45336.22,1,396905.68
CUST00830,2,49331.61,0,171304.64
CUST00830,3,15684.16,0,456362.14
CUST00830,4,38149.62,1,68247.64
CUST00830,5,7075.43,0,322567.79
CUST00830,6,32652.88,1,26700.17
CUST00831,1,35016.16,1,345553.89
CUST00831,2,5812.44,1,253699.74
CUST00831,3,49693.57,1,353773.61
CUST00831,4,41147.89,1,287043.75
CUST00831,5,47073.27,0,497681.76
CUST00831,6,49635.23,1,403662.43
CUST00832,1,23128.48,1,353080.82
CUST00832,2,33069.9,0,210368.96
CUST00832,3,33101.78,1,434790.0
CUST00832,4,34554.7,1,320874.66
CUST00832,5,39177.26,0,364879.07
CUST00832,6,35522.57,1,44827.34
CUST00833,1,28499.56,0,267632.3
CUST00833,2,21478.12,1,318388.5
CUST00833,3,30594.25,0,165176.9
CUST00833,4,9632.48,1,386149.75
CUST00833,5,44930.23,1,309391.81
CUST00833,6,48868.42,0,476644.24
CUST00834,1,45074.29,1,92477.3
CUST00834,2,40115.07,0,147215.83
CUST00834,3,11358.15,1,202106.09
CUST00834,4,30193.19,1,203909.55
CUST00834,5,36485.49,1,236488.77
CUST00834,6,22909.72,1,228590.75
CUST00835,1,23796.66,1,320967.98
CUST00835,2,12826.16,0,154750.88
CUST00835,3,47436.42,0,114055.18
CUST00835,4,32302.9,1,335073.28
CUST00835,5,32108.0,1,325094.79
CUST00835,6,45433.49,1,69261.53
CUST00836,1,45367.96,1,417985.62
CUST00836,2,49142.15,1,448625.4
CUST00836,3,48200.92,0,58902.64
CUST00836,4,11410.53,0,283133.92
CUST00836,5,24536.67,1,274626.1
CUST00836,6,43203.73,0,203115.47
CUST00837,1,39339.74,1,338277.09
CUST00837,2,24536.55,1,46748.7
CUST00837,3,29777.63,1,189148.05
CUST00837,4,23311.62,1,461730.71
CUST00837,5,14748.44,1,240964.54
CUST00837,6,24167.92,0,415307.09
CUST00838,1,44702.91,0,403616.23
CUST00838,2,19116.26,1,490237.06
CUST00838,3,38768.98,1,421653.92
CUST00838,4,39974.84,1,270734.04
CUST00838,5,15827.04,1,424881.77
CUST00838,6,17235.57,1,427318.46
CUST00839,1,42463.85,0,239208.66
CUST00839,2,15068.06,1,333858.17
CUST00839,3,28125.44,1,195336.49
CUST00839,4,44835.52,1,499221.75
CUST00839,5,10255.28,1,251949.66
CUST00839,6,8377.55,0,96666.45
CUST00840,1,32535.04,1,23958.08
CUST00840,2,7980.01,1,27993.13
CUST00840,3,34172.83,1,146517.29
CUST00840,4,32294.02,0,160696.39
CUST00840,5,25391.16,0,431449.25
CUST00840,6,28481.35,1,474711.86
CUST00841,1,33893.29,0,71824.06
CUST00841,2,37848.94,0,318751.44
CUST00841,3,17155.47,1,220324.77
CUST00841,4,31947.61,1,81156.14
CUST00841,5,37144.19,1,442717.76
CUST00841,6,37670.95,1,335696.71
CUST00842,1,31834.04,1,9731.24
CUST00842,2,40940.01,0,436224.17
CUST00842,3,37624.47,1,461414.45
CUST00842,4,46539.05,0,282710.69
CUST00842,5,46961.83,1,384556.57
CUST00842,6,16859.56,1,468287.24
CUST00843,1,35358.46,1,33579.05
CUST00843,2,13787.08,0,226933.22
CUST00843,3,9013.41,0,477096.62
CUST00843,4,19139.01,0,465305.52
CUST00843,5,14117.84,1,54356.64
CUST00843,6,29510.84,1,232127.52
CUST00844,1,14221.27,0,339016.35
CUST00844,2,8536.76,0,232.22
CUST00844,3,10067.9,1,118986.49
CUST00844,4,28098.25,0,158877.97
CUST00844,5,26047.75,1,286717.82
CUST00844,6,20523.44,1,95193.6
CUST00845,1,25137.02,0,272594.4
CUST00845,2,18819.42,1,24592.1
CUST00845,3,48255.7,1,161511.33
CUST00845,4,11338.3,1,147008.25
CUST00845,5,6935.06,1,215579.87
CUST00845,6,17814.23,1,118253.75
CUST00846,1,14220.06,1,416000.21
CUST00846,2,22926.18,1,54141.31
CUST00846,3,11379.8,1,370458.23
CUST00846,4,27484.62,1,85159.1
CUST00846,5,13399.17,1,416978.93
CUST00846,6,33757.81,1,447133.12
CUST00847,1,31504.69,0,51168.98
CUST00847,2,13702.34,1,465292.77
CUST00847,3,23894.05,1,273062.54
CUST00847,4,38054.66,1,392197.27
CUST00847,5,35905.07,1,116932.26
CUST00847,6,24170.92,0,437366.63
CUST00848,1,29271.2,1,424038.04
CUST00848,2,12974.75,0,497957.53
CUST00848,3,23379.13,1,114454.14
CUST00848,4,38762.21,0,11459.34
CUST00848,5,40352.35,1,272299.18
CUST00848,6,33649.26,1,340372.66
CUST00849,1,49751.05,1,239160.63
CUST00849,2,7749.0,1,117974.96
CUST00849,3,23228.81,0,430050.53
CUST00849,4,5695.78,1,188058.42
CUST00849,5,11463.33,0,420340.33
CUST00849,6,13120.2,0,174651.91
CUST00850,1,35324.74,1,496075.4
CUST00850,2,35543.62,0,183020.25
CUST00850,3,39977.9,1,494436.69
CUST00850,4,47167.64,0,132454.3
CUST00850,5,30624.43,0,36431.09
CUST00850,6,34308.58,0,36376.64
CUST00851,1,30677.82,1,283933.52
CUST00851,2,48601.24,1,477445.61
CUST00851,3,30088.69,1,386285.45
CUST00851,4,17083.29,1,311718.5
CUST00851,5,29383.59,1,434038.83
CUST00851,6,47888.91,0,446088.28
CUST00852,1,6700.47,1,399192.55
CUST00852,2,47813.0,0,364818.4
CUST00852,3,34804.11,1,216575.44
CUST00852,4,37363.5,0,345703.22
CUST00852,5,27831.26,1,324185.33
CUST00852,6,18416.18,1,168860.48
CUST00853,1,38094.11,1,276770.43
CUST00853,2,7970.78,1,141782.97
CUST00853,3,25333.86,1,253767.45
CUST00853,4,48309.35,1,347640.18
CUST00853,5,24863.25,1,461824.68
CUST00853,6,15587.64,1,200826.67
CUST00854,1,22572.33,0,269635.05
CUST00854,2,48744.93,0,13108.95
CUST00854,3,32701.23,1,190224.15
CUST00854,4,8509.63,1,31740.55
CUST00854,5,33251.85,1,247449.13
CUST00854,6,28948.88,1,270988.39
CUST00855,1,43566.07,1,457659.14
CUST00855,2,27761.25,0,422755.64
CUST00855,3,42667.03,0,160058.14
CUST00855,4,30956.19,1,497095.95
CUST00855,5,6718.1,0,266070.33
CUST00855,6,35670.32,1,199296.83
CUST00856,1,13380.67,0,396202.62
CUST00856,2,21590.64,0,134663.61
CUST00856,3,6345.4,1,377783.57
CUST00856,4,22556.95,0,309769.58
CUST00856,5,35852.56,1,19157.9
CUST00856,6,35285.51,0,139798.54
CUST00857,1,29379.65,0,171315.74
CUST00857,2,21853.82,1,91278.02
CUST00857,3,28561.32,1,296797.46
CUST00857,4,13824.83,1,413234.21
CUST00857,5,32512.43,0,319150.61
CUST00857,6,33527.71,0,341762.79
CUST00858,1,38271.22,1,394767.55
CUST00858,2,42363.88,0,433146.07
CUST00858,3,13755.55,1,467268.16
CUST00858,4,20308.37,0,130364.2
CUST00858,5,35801.12,1,93300.9
CUST00858,6,39267.42,0,494690.57
CUST00859,1,26748.63,1,194538.27
CUST00859,2,48588.26,0,201825.7
CUST00859,3,31510.59,0,111135.22
CUST00859,4,28838.34,0,185025.94
CUST00859,5,15059.91,1,53105.31
CUST00859,6,36977.69,1,182902.11
CUST00860,1,47823.28,1,259467.49
CUST00860,2,48031.65,1,162188.18
CUST00860,3,32444.77,1,386501.62
CUST00860,4,17928.71,1,112103.35
CUST00860,5,13737.18,0,311590.15
CUST00860,6,44498.75,1,412164.29
CUST00861,1,8352.93,1,456940.2
CUST00861,2,31955.05,0,23444.92
CUST00861,3,28469.42,0,166807.57
CUST00861,4,15620.81,1,43005.09
CUST00861,5,21390.07,1,153790.24
CUST00861,6,19636.07,1,53761.32
CUST00862,1,42241.97,0,53611.11
CUST00862,2,37801.96,1,309689.76
CUST00862,3,14651.04,1,237927.82
CUST00862,4,43064.39,1,48688.95
CUST00862,5,40946.17,1,425779.66
CUST00862,6,7060.65,1,132877.21
CUST00863,1,43097.23,0,432129.42
CUST00863,2,41107.21,1,475193.4
CUST00863,3,40660.44,1,388166.85
CUST00863,4,12979.61,1,307859.38
CUST00863,5,47658.88,1,348039.44
CUST00863,6,28567.44,1,30071.16
CUST00864,1,37962.58,0,378882.4
CUST00864,2,5302.69,1,64887.95
CUST00864,3,43011.6,1,278902.41
CUST00864,4,39514.37,1,81394.76
CUST00864,5,11158.24,1,278703.29
CUST00864,6,46080.18,1,208041.55
CUST00865,1,47999.57,1,253219.72
CUST00865,2,40653.3,1,269457.45
CUST00865,3,17579.21,0,69109.53
CUST00865,4,36774.57,1,168642.67
CUST00865,5,38336.08,0,139806.88
CUST00865,6,33447.76,0,294160.61
CUST00866,1,48404.09,1,393803.89
CUST00866,2,42870.94,1,88887.56
CUST00866,3,10800.36,1,455243.38
CUST00866,4,48543.55,0,214053.64
CUST00866,5,19953.26,0,466287.26
CUST00866,6,5281.59,1,21437.47
CUST00867,1,41072.97,1,319582.52
CUST00867,2,31384.91,0,36374.08
CUST00867,3,15638.96,0,438685.87
CUST00867,4,44738.78,1,399656.05
CUST00867,5,44081.83,1,104171.96
CUST00867,6,19578.95,1,16894.65
CUST00868,1,14184.11,0,212841.42
CUST00868,2,38216.98,0,50184.69
CUST00868,3,18646.81,1,262395.95
CUST00868,4,22238.04,1,309981.13
CUST00868,5,37253.19,0,249792.23
CUST00868,6,43265.39,0,211536.17
CUST00869,1,45449.09,1,359680.39
CUST00869,2,18170.07,1,74852.34
CUST00869,3,5286.44,1,422981.63
CUST00869,4,49315.55,0,83854.47
CUST00869,5,21597.55,0,474851.58
CUST00869,6,8131.69,0,402692.38
CUST00870,1,12779.33,1,403864.58
CUST00870,2,9763.75,0,95211.86
CUST00870,3,7831.2,0,303289.62
CUST00870,4,44539.88,0,3542.14
CUST00870,5,18719.13,1,29492.25
CUST00870,6,38223.34,1,259795.3
CUST00871,1,23691.56,1,80075.4
CUST00871,2,37289.51,1,172503.55
CUST00871,3,28963.09,1,202012.68
CUST00871,4,36777.5,0,228013.74
CUST00871,5,40411.53,1,240039.79
CUST00871,6,19438.2,0,486648.01
CUST00872,1,30291.86,1,241916.68
CUST00872,2,22050.93,1,471068.86
CUST00872,3,19644.54,1,45117.03
CUST00872,4,41750.06,0,370950.67
CUST00872,5,22208.58,0,276899.88
CUST00872,6,37830.03,1,26548.23
CUST00873,1,44106.37,0,219768.26
CUST00873,2,10441.84,1,87774.5
CUST00873,3,25572.5,0,99160.59
CUST00873,4,40424.52,0,108634.96
CUST00873,5,30401.82,1,483310.11
CUST00873,6,48051.1,1,162911.3
CUST00874,1,12764.47,1,477596.4
CUST00874,2,45933.87,0,370497.29
CUST00874,3,44670.14,1,366402.56
CUST00874,4,40973.13,0,426933.73
CUST00874,5,8391.33,1,118136.03
CUST00874,6,29779.65,0,448353.28
CUST00875,1,19629.61,1,351235.13
CUST00875,2,16003.45,1,427849.49
CUST00875,3,29307.36,1,277972.07
CUST00875,4,18862.76,1,61078.27
CUST00875,5,37615.37,1,368557.47
CUST00875,6,44712.79,0,80780.84
CUST00876,1,22688.68,0,470949.17
CUST00876,2,30696.97,1,432716.59
CUST00876,3,30992.4,1,305606.42
CUST00876,4,37626.34,0,446635.95
CUST00876,5,32162.33,1,219398.0
CUST00876,6,13405.76,0,220070.85
CUST00877,1,12294.03,1,123244.68
CUST00877,2,45548.27,1,379872.82
CUST00877,3,45979.86,0,56256.54
CUST00877,4,27064.74,1,69137.68
CUST00877,5,47805.62,1,121513.6
CUST00877,6,11715.78,0,376374.49
CUST00878,1,9435.04,1,198565.84
CUST00878,2,40576.36,1,273989.74
CUST00878,3,12796.98,1,132655.78
CUST00878,4,29939.45,1,405416.42
CUST00878,5,35870.65,1,259312.0
CUST00878,6,27766.19,1,219184.97
CUST00879,1,35761.88,0,369990.56
CUST00879,2,36722.88,1,333673.95
CUST00879,3,21081.39,0,318713.57
CUST00879,4,22745.56,1,399346.03
CUST00879,5,46514.63,1,100997.6
CUST00879,6,17515.86,1,118143.67
CUST00880,1,22453.3,1,407336.36
CUST00880,2,43483.35,1,160367.07
CUST00880,3,25709.66,1,417592.04
CUST00880,4,12335.21,0,436003.31
CUST00880,5,30673.23,1,11420.29
CUST00880,6,11714.69,1,83740.04
CUST00881,1,46708.78,1,374639.14
CUST00881,2,34880.38,1,151395.33
CUST00881,3,26508.59,0,433928.48
CUST00881,4,28012.14,1,306040.09
CUST00881,5,13834.97,1,288274.59
CUST00881,6,49648.03,1,105208.55
CUST00882,1,31706.82,1,304348.6
CUST00882,2,10182.66,1,24208.23
CUST00882,3,11791.93,0,57779.8
CUST00882,4,12083.2,0,461993.76
CUST00882,5,48205.13,1,233276.41
CUST00882,6,34708.23,1,57582.96
CUST00883,1,39711.96,0,44618.29
CUST00883,2,10071.93,1,52252.77
CUST00883,3,46097.84,1,60478.4
CUST00883,4,37475.18,1,67993.39
CUST00883,5,20432.25,0,462765.33
CUST00883,6,39197.84,0,98975.67
CUST00884,1,33033.83,0,107044.61
CUST00884,2,18212.55,0,215724.28
CUST00884,3,20179.09,1,6704.53
CUST00884,4,13047.7,0,438436.26
CUST00884,5,41506.66,1,51814.78
CUST00884,6,39396.2,1,88068.58
CUST00885,1,9054.52,1,394918.5
CUST00885,2,35736.88,0,262408.19
CUST00885,3,46486.8,1,288214.78
CUST00885,4,19698.77,0,75064.04
CUST00885,5,17902.08,0,8557.45
CUST00885,6,42045.72,0,350312.85
CUST00886,1,21502.72,1,360787.1
CUST00886,2,42784.07,1,405232.31
CUST00886,3,38119.25,1,402681.08
CUST00886,4,14657.82,0,284435.04
CUST00886,5,20535.74,0,291729.44
CUST00886,6,42057.21,1,114431.62
CUST00887,1,25418.04,0,137730.97
CUST00887,2,24073.8,1,274847.49
CUST00887,3,29283.77,1,153472.58
CUST00887,4,46580.9,0,423171.05
CUST00887,5,16671.08,1,444051.15
CUST00887,6,40033.45,1,70422.91
CUST00888,1,26683.36,1,211229.89
CUST00888,2,21282.02,0,239655.25
CUST00888,3,30088.78,1,30154.48
CUST00888,4,31958.01,1,221557.29
CUST00888,5,37469.64,1,215610.95
CUST00888,6,43788.39,1,206170.57
CUST00889,1,10849.44,1,265523.6
CUST00889,2,47531.86,1,171195.16
CUST00889,3,16747.78,0,413883.82
CUST00889,4,35800.19,0,3788.74
CUST00889,5,36554.05,1,16191.49
CUST00889,6,7639.15,1,308068.6
CUST00890,1,45859.12,1,478294.53
CUST00890,2,30399.27,0,225736.81
CUST00890,3,24043.51,1,311453.2
CUST00890,4,21689.96,1,338534.24
CUST00890,5,49911.78,1,142521.8
CUST00890,6,42957.74,0,125640.61
CUST00891,1,42871.04,0,418385.1
CUST00891,2,16299.48,1,1366.01
CUST00891,3,6985.56,1,384578.44
CUST00891,4,40876.66,1,61318.41
CUST00891,5,14324.88,0,396264.96
CUST00891,6,29922.95,1,224662.89
CUST00892,1,17427.65,1,244492.1
CUST00892,2,24071.24,1,272186.32
CUST00892,3,28258.34,0,335097.24
CUST00892,4,25149.25,0,296373.69
CUST00892,5,44079.47,1,487100.58
CUST00892,6,36693.67,1,42217.49
CUST00893,1,27876.34,1,226481.56
CUST00893,2,16092.64,1,356310.63
CUST00893,3,19946.27,1,406498.58
CUST00893,4,17947.64,1,476943.76
CUST00893,5,27141.49,0,400513.32
CUST00893,6,12874.13,0,98276.79
CUST00894,1,5784.33,1,90862.93
CUST00894,2,28926.13,1,338183.07
CUST00894,3,25106.89,0,214742.46
CUST00894,4,16419.23,1,102280.95
CUST00894,5,30256.6,1,99482.4
CUST00894,6,35197.28,0,303481.35
CUST00895,1,12046.3,1,460984.63
CUST00895,2,42724.88,1,218404.43
CUST00895,3,11701.11,1,292573.59
CUST00895,4,28607.72,0,349738.63
CUST00895,5,26375.15,1,28790.44
CUST00895,6,16970.2,1,212781.77
CUST00896,1,18977.06,1,313418.82
CUST00896,2,6122.0,1,397551.7
CUST00896,3,7275.99,1,242826.84
CUST00896,4,26031.14,1,18675.37
CUST00896,5,38706.02,1,292782.3
CUST00896,6,29474.51,1,33972.35
CUST00897,1,37170.62,0,428960.16
CUST00897,2,33398.36,1,287084.43
CUST00897,3,19177.11,0,498742.5
CUST00897,4,7960.05,0,21148.46
CUST00897,5,32475.13,1,18948.9
CUST00897,6,31534.06,0,415065.48
CUST00898,1,41977.02,1,391662.93
CUST00898,2,28813.46,1,319440.8
CUST00898,3,34161.21,0,231623.88
CUST00898,4,24755.78,1,406832.65
CUST00898,5,22199.96,1,374953.38
CUST00898,6,9592.49,1,477726.02
CUST00899,1,11679.79,1,143327.52
CUST00899,2,7209.69,1,285508.95
CUST00899,3,16170.88,0,381097.55
CUST00899,4,24660.22,0,368483.98
CUST00899,5,48516.84,0,295487.53
CUST00899,6,18009.76,1,455984.82
CUST00900,1,49805.18,1,403506.7
CUST00900,2,8014.8,1,82571.36
CUST00900,3,24385.42,0,69783.29
CUST00900,4,14645.4,1,257785.62
CUST00900,5,41891.62,1,422125.44
CUST00900,6,9756.1,1,27461.23
CUST00901,1,12126.13,0,329631.92
CUST00901,2,33387.11,0,313885.03
CUST00901,3,9278.51,1,471857.08
CUST00901,4,40963.36,0,184688.49
CUST00901,5,36581.76,1,285781.23
CUST00901,6,31796.33,1,224290.13
CUST00902,1,11597.27,1,41750.4
CUST00902,2,25000.56,1,365478.37
CUST00902,3,29187.58,0,293823.7
CUST00902,4,18039.5,0,254108.75
CUST00902,5,41689.35,1,485254.1
CUST00902,6,46763.41,1,152057.04
CUST00903,1,11220.83,1,225645.67
CUST00903,2,44607.98,1,260973.15
CUST00903,3,38185.05,0,285543.81
CUST00903,4,24815.91,1,186899.64
CUST00903,5,46962.81,1,86287.52
CUST00903,6,41534.16,1,270047.49
CUST00904,1,23845.44,1,236637.63
CUST00904,2,9216.37,0,421059.38
CUST00904,3,22111.25,1,149777.84
CUST00904,4,23145.33,0,333991.87
CUST00904,5,47036.69,1,445494.97
CUST00904,6,35345.32,1,135208.06
CUST00905,1,12440.72,0,211737.26
CUST00905,2,45671.52,0,231679.53
CUST00905,3,38847.05,1,471635.08
CUST00905,4,35162.43,1,332291.71
CUST00905,5,7251.14,1,294420.84
CUST00905,6,15320.18,1,129325.72
CUST00906,1,40571.19,1,211761.4
CUST00906,2,20957.45,1,247177.74
CUST00906,3,29833.16,0,88514.64
CUST00906,4,17785.29,0,276605.69
CUST00906,5,15085.88,0,188693.42
CUST00906,6,9815.4,1,290516.87
CUST00907,1,43654.7,0,335014.24
CUST00907,2,22917.12,1,319999.31
CUST00907,3,44814.54,1,351005.52
CUST00907,4,17736.8,1,188157.3
CUST00907,5,29605.93,0,132415.69
CUST00907,6,32531.18,1,132822.35
CUST00908,1,28026.53,0,32379.96
CUST00908,2,5522.69,1,169008.96
CUST00908,3,22367.08,0,490613.14
CUST00908,4,21000.71,0,412759.9
CUST00908,5,23298.39,1,273355.95
CUST00908,6,5015.45,1,480077.04
CUST00909,1,40039.94,1,267311.04
CUST00909,2,28971.65,1,113976.03
CUST00909,3,6848.96,1,68729.69
CUST00909,4,16633.92,1,75669.35
CUST00909,5,49438.54,1,222587.16
CUST00909,6,30908.76,1,11027.42
CUST00910,1,42485.93,1,149949.84
CUST00910,2,14650.33,1,293248.97
CUST00910,3,39050.99,0,124142.58
CUST00910,4,34753.15,1,320048.5
CUST00910,5,12346.03,0,357367.39
CUST00910,6,9858.22,0,237555.19
CUST00911,1,23343.46,1,170864.51
CUST00911,2,49145.57,1,459175.32
CUST00911,3,19454.79,1,47197.78
CUST00911,4,19960.28,0,10965.44
CUST00911,5,12450.8,1,375238.23
CUST00911,6,27301.64,1,62284.67
CUST00912,1,9381.27,1,325142.88
CUST00912,2,44286.89,0,144576.08
CUST00912,3,6271.47,1,208195.43
CUST00912,4,43030.76,1,377802.75
CUST00912,5,26790.78,0,32666.79
CUST00912,6,28210.42,0,129345.93
CUST00913,1,29220.81,1,315243.46
CUST00913,2,29601.7,0,1425.78
CUST00913,3,23031.71,1,72730.09
CUST00913,4,17217.44,1,135435.04
CUST00913,5,28263.72,1,393638.43
CUST00913,6,42788.06,1,92353.98
CUST00914,1,22753.38,1,473592.46
CUST00914,2,29566.18,1,331583.98
CUST00914,3,32783.3,0,349440.37
CUST00914,4,31179.63,0,309272.55
CUST00914,5,24815.6,1,190581.21
CUST00914,6,19055.76,1,163663.31
CUST00915,1,31475.85,1,401789.65
CUST00915,2,7218.52,1,306848.55
CUST00915,3,37507.17,0,90290.71
CUST00915,4,43016.83,1,497342.01
CUST00915,5,16087.84,1,444576.91
CUST00915,6,7001.98,1,35191.83
CUST00916,1,8537.28,0,364098.82
CUST00916,2,15218.12,1,268908.73
CUST00916,3,39708.16,1,103570.77
CUST00916,4,19147.46,1,487932.11
CUST00916,5,34142.83,1,257333.89
CUST00916,6,16695.74,1,299746.92
CUST00917,1,22054.23,1,24575.86
CUST00917,2,31735.28,0,286199.92
CUST00917,3,41314.71,1,265176.43
CUST00917,4,31116.38,0,23479.15
CUST00917,5,46422.88,1,341204.21
CUST00917,6,17328.73,0,430782.13
CUST00918,1,32602.57,1,248751.72
CUST00918,2,7250.11,1,131065.4
CUST00918,3,5645.98,1,157373.8
CUST00918,4,43933.03,1,378133.15
CUST00918,5,20296.25,1,285605.07
CUST00918,6,40213.26,1,384002.69
CUST00919,1,48414.1,0,390629.75
CUST00919,2,41236.91,1,212575.73
CUST00919,3,15913.25,1,129044.27
CUST00919,4,23199.65,1,391639.55
CUST00919,5,43442.97,0,385212.35
CUST00919,6,20142.83,1,27096.2
CUST00920,1,22842.07,1,301825.23
CUST00920,2,20616.06,1,4578.05
CUST00920,3,46936.19,1,80132.07
CUST00920,4,13403.21,0,76077.91
CUST00920,5,13146.98,1,214090.99
CUST00920,6,44660.94,0,328322.07
CUST00921,1,18977.73,0,381904.45
CUST00921,2,32597.29,1,13874.45
CUST00921,3,8557.93,1,354570.49
CUST00921,4,9496.16,1,455359.46
CUST00921,5,43330.41,1,266704.45
CUST00921,6,28268.13,1,496686.75
CUST00922,1,5275.37,1,7507.0
CUST00922,2,26356.34,1,490989.26
CUST00922,3,26654.02,1,495818.48
CUST00922,4,10753.35,1,86444.58
CUST00922,5,31798.6,1,222044.17
CUST00922,6,40351.71,1,465492.68
CUST00923,1,17293.87,0,497108.01
CUST00923,2,23384.69,1,426370.9
CUST00923,3,33736.73,1,38069.84
CUST00923,4,37870.11,0,26735.61
CUST00923,5,28794.28,0,367707.88
CUST00923,6,44802.41,1,113987.97
CUST00924,1,20557.37,1,364748.11
CUST00924,2,43987.93,1,24046.84
CUST00924,3,29934.84,0,84401.81
CUST00924,4,49253.05,1,87414.21
CUST00924,5,10756.25,0,278746.04
CUST00924,6,38803.03,1,162149.44
CUST00925,1,16394.8,1,23574.54
CUST00925,2,35411.93,1,127232.34
CUST00925,3,34376.96,1,326103.52
CUST00925,4,20234.26,0,434935.16
CUST00925,5,43047.95,1,55701.83
CUST00925,6,47500.9,0,467327.38
CUST00926,1,49312.65,1,384875.46
CUST00926,2,32664.95,0,365486.11
CUST00926,3,27106.41,1,366719.92
CUST00926,4,49248.02,1,219194.18
CUST00926,5,39809.91,0,121448.1
CUST00926,6,18206.14,0,339259.11
CUST00927,1,12486.09,0,15352.55
CUST00927,2,44042.44,1,269447.98
CUST00927,3,35828.73,1,448869.63
CUST00927,4,20913.36,1,327527.4
CUST00927,5,7735.02,1,303370.26
CUST00927,6,22416.12,0,413350.78
CUST00928,1,16471.85,0,317670.82
CUST00928,2,6494.01,1,497164.98
CUST00928,3,49048.74,1,359593.3
CUST00928,4,27636.86,0,133382.67
CUST00928,5,45220.74,1,423885.23
CUST00928,6,44649.35,1,17881.96
CUST00929,1,46437.46,0,393919.63
CUST00929,2,38313.78,1,34561.79
CUST00929,3,44266.41,1,237085.32
CUST00929,4,17897.26,1,421280.08
CUST00929,5,20540.32,0,139427.07
CUST00929,6,16447.7,0,477755.75
CUST00930,1,16774.37,1,26743.6
CUST00930,2,28928.16,1,439504.09
CUST00930,3,35979.53,1,301383.7
CUST00930,4,14784.92,0,392139.11
CUST00930,5,9821.89,0,343120.2
CUST00930,6,39004.33,0,334759.05
CUST00931,1,15841.56,1,61666.42
CUST00931,2,29148.39,1,256246.17
CUST00931,3,16495.55,1,367670.57
CUST00931,4,41175.73,1,289639.86
CUST00931,5,49467.74,1,257246.23
CUST00931,6,11975.16,0,299425.21
CUST00932,1,18773.38,1,240620.43
CUST00932,2,36638.49,1,52327.06
CUST00932,3,42788.56,0,68765.15
CUST00932,4,21957.9,1,405111.91
CUST00932,5,43783.16,1,270223.51
CUST00932,6,48357.81,0,126316.62
CUST00933,1,17050.98,0,415820.78
CUST00933,2,34191.39,1,224765.23
CUST00933,3,28465.86,0,284006.59
CUST00933,4,9644.15,1,492665.26
CUST00933,5,34678.89,1,15041.78
CUST00933,6,46397.78,0,471850.73
CUST00934,1,30496.16,0,258540.55
CUST00934,2,28160.78,1,355845.34
CUST00934,3,30067.06,0,83891.62
CUST00934,4,10450.7,1,7451.42
CUST00934,5,15350.87,1,8138.72
CUST00934,6,36124.92,1,230654.57
CUST00935,1,22073.11,1,455020.38
CUST00935,2,27856.54,0,298433.25
CUST00935,3,44052.61,0,240423.22
CUST00935,4,22380.52,1,273870.51
CUST00935,5,41802.34,0,186335.67
CUST00935,6,40858.68,1,30855.91
CUST00936,1,37602.77,1,144681.5
CUST00936,2,19369.61,0,320576.64
CUST00936,3,8827.36,1,377558.57
CUST00936,4,40377.6,1,210570.08
CUST00936,5,38798.38,1,320757.26
CUST00936,6,13774.43,1,204334.02
CUST00937,1,49209.89,1,416028.76
CUST00937,2,40554.75,1,1824.96
CUST00937,3,38000.09,1,228522.03
CUST00937,4,38821.86,0,1754.15
CUST00937,5,41781.64,1,471729.21
CUST00937,6,47862.36,1,189594.7
CUST00938,1,42534.1,1,9772.58
CUST00938,2,36006.42,1,216425.42
CUST00938,3,45359.91,1,211040.9
CUST00938,4,9141.24,1,452493.55
CUST00938,5,22684.43,1,149545.41
CUST00938,6,8894.38,1,352039.83
CUST00939,1,45131.41,0,493390.78
CUST00939,2,5071.35,1,270826.92
CUST00939,3,9525.72,1,408972.45
CUST00939,4,46233.85,1,386212.96
CUST00939,5,26124.52,1,307587.77
CUST00939,6,21527.79,1,380104.39
CUST00940,1,24345.34,1,101151.05
CUST00940,2,29928.25,1,267147.92
CUST00940,3,30536.06,1,202628.21
CUST00940,4,22478.64,1,392455.82
CUST00940,5,28757.95,1,216724.52
CUST00940,6,29993.94,0,282876.36
CUST00941,1,26261.53,0,330205.92
CUST00941,2,26838.28,1,36323.92
CUST00941,3,6378.57,1,214377.16
CUST00941,4,21335.96,1,284674.85
CUST00941,5,45355.65,1,346606.73
CUST00941,6,15653.64,1,471634.01
CUST00942,1,10971.55,0,382000.26
CUST00942,2,21132.8,0,260988.31
CUST00942,3,30158.05,0,190070.21
CUST00942,4,18622.66,1,276648.01
CUST00942,5,5263.0,1,184271.89
CUST00942,6,11264.01,1,391982.54
CUST00943,1,21254.31,1,157177.29
CUST00943,2,48080.16,1,243328.95
CUST00943,3,18085.43,1,335482.1
CUST00943,4,11208.64,1,192548.28
CUST00943,5,13319.52,1,48286.0
CUST00943,6,35283.84,0,275712.91
CUST00944,1,17614.89,1,356385.05
CUST00944,2,23126.58,0,217871.23
CUST00944,3,12966.18,0,301579.27
CUST00944,4,26488.76,1,293817.44
CUST00944,5,25217.56,0,440820.72
CUST00944,6,46103.58,1,360503.05
CUST00945,1,21489.86,0,52617.9
CUST00945,2,29909.84,0,146824.24
CUST00945,3,26874.8,1,159480.22
CUST00945,4,40077.6,0,1443.07
CUST00945,5,31009.0,0,422282.04
CUST00945,6,21522.6,1,355153.31
CUST00946,1,5812.78,0,24890.52
CUST00946,2,33445.32,0,462670.38
CUST00946,3,45431.44,1,137554.49
CUST00946,4,7377.85,0,105636.06
CUST00946,5,11120.56,1,495939.74
CUST00946,6,27639.44,1,305513.27
CUST00947,1,44934.09,1,2528.43
CUST00947,2,9003.17,1,325974.83
CUST00947,3,46058.63,1,91384.11
CUST00947,4,35998.13,0,226311.98
CUST00947,5,9054.03,1,36244.0
CUST00947,6,47371.89,1,462097.99
CUST00948,1,40767.86,1,3123.5
CUST00948,2,7966.0,1,471485.57
CUST00948,3,33866.62,1,45733.41
CUST00948,4,30846.24,1,305209.21
CUST00948,5,42972.82,1,490527.44
CUST00948,6,34562.18,1,92964.89
CUST00949,1,8639.19,1,371934.09
CUST00949,2,15233.57,1,26620.06
CUST00949,3,30628.03,0,21925.07
CUST00949,4,25806.9,1,296824.22
CUST00949,5,35621.84,1,478490.55
CUST00949,6,16539.16,0,414988.55
CUST00950,1,34414.06,1,287001.25
CUST00950,2,19051.63,0,163614.4
CUST00950,3,18186.6,0,70424.62
CUST00950,4,30536.91,1,206602.18
CUST00950,5,29989.98,0,432602.26
CUST00950,6,23545.63,0,297588.97
CUST00951,1,17556.28,1,382995.55
CUST00951,2,23603.88,0,44045.39
CUST00951,3,33098.24,0,257335.2
CUST00951,4,11356.28,1,101092.29
CUST00951,5,18988.46,1,41321.23
CUST00951,6,45576.34,0,386723.07
CUST00952,1,6598.48,1,22701.97
CUST00952,2,20830.78,1,331993.92
CUST00952,3,23147.68,0,91587.94
CUST00952,4,26072.24,1,106667.88
CUST00952,5,44674.19,0,179971.53
CUST00952,6,16521.51,0,168697.55
CUST00953,1,46327.83,1,264969.84
CUST00953,2,23253.42,1,489506.8
CUST00953,3,24593.98,0,214633.46
CUST00953,4,13719.03,1,109514.7
CUST00953,5,37298.65,1,445497.88
CUST00953,6,46892.7,1,97615.97
CUST00954,1,18663.79,0,158959.75
CUST00954,2,15253.32,0,484523.59
CUST00954,3,18406.19,0,270096.06
CUST00954,4,19888.17,1,222758.04
CUST00954,5,24995.01,1,352343.96
CUST00954,6,22706.31,1,309937.31
CUST00955,1,20859.76,1,480460.47
CUST00955,2,12175.51,1,91386.13
CUST00955,3,42109.34,1,17007.15
CUST00955,4,47161.28,1,53570.07
CUST00955,5,27202.3,0,154736.65
CUST00955,6,6240.04,1,50858.35
CUST00956,1,15510.7,1,498390.7
CUST00956,2,25821.49,1,470701.89
CUST00956,3,9263.96,0,9548.3
CUST00956,4,19784.03,1,352079.8
CUST00956,5,25033.33,1,26991.71
CUST00956,6,36621.37,0,316922.95
CUST00957,1,23275.53,1,185474.52
CUST00957,2,15521.35,1,349316.3
CUST00957,3,8742.1,0,499105.45
CUST00957,4,45183.6,0,67616.58
CUST00957,5,24698.18,1,392466.79
CUST00957,6,45504.4,1,435961.47
CUST00958,1,7678.45,0,429965.8
CUST00958,2,39179.59,0,459486.43
CUST00958,3,8552.3,1,168630.3
CUST00958,4,43827.06,0,453252.8
CUST00958,5,20616.1,0,343192.69
CUST00958,6,31469.02,1,316858.26
CUST00959,1,32793.58,1,219030.84
CUST00959,2,6972.16,1,49946.53
CUST00959,3,24932.4,0,422262.4
CUST00959,4,25866.3,1,24758.74
CUST00959,5,20923.95,0,294943.6
CUST00959,6,21477.09,1,456727.64
CUST00960,1,34989.22,1,24072.25
CUST00960,2,49215.52,1,478696.31
CUST00960,3,32991.83,1,386430.68
CUST00960,4,5549.22,0,448631.21
CUST00960,5,10333.29,1,174104.9
CUST00960,6,47195.95,0,214204.12
CUST00961,1,27791.7,0,486151.97
CUST00961,2,17789.51,1,271380.53
CUST00961,3,33208.74,1,477705.88
CUST00961,4,49571.85,1,440250.06
CUST00961,5,32746.98,0,479922.18
CUST00961,6,21162.84,0,454651.28
CUST00962,1,35871.11,1,73253.96
CUST00962,2,21260.57,1,16628.83
CUST00962,3,23340.07,1,284697.24
CUST00962,4,30992.41,0,9610.79
CUST00962,5,30703.68,1,29394.91
CUST00962,6,29603.09,0,219616.16
CUST00963,1,16824.56,0,447719.31
CUST00963,2,49825.22,1,133527.94
CUST00963,3,35609.81,0,444881.72
CUST00963,4,14801.18,0,285138.0
CUST00963,5,18003.92,1,349444.64
CUST00963,6,49394.77,0,10255.6
CUST00964,1,22668.37,1,188488.48
CUST00964,2,43162.98,0,167087.14
CUST00964,3,5362.25,0,316441.55
CUST00964,4,42279.9,1,246615.13
CUST00964,5,49341.57,1,127551.94
CUST00964,6,45447.98,0,142934.53
CUST00965,1,25672.03,1,91885.13
CUST00965,2,7751.67,0,330745.73
CUST00965,3,30770.7,0,109417.57
CUST00965,4,14959.51,1,428005.73
CUST00965,5,8138.48,0,393727.46
CUST00965,6,30709.3,0,447515.11
CUST00966,1,23978.97,0,23197.42
CUST00966,2,15992.84,0,382152.71
CUST00966,3,29345.62,1,255218.37
CUST00966,4,15933.91,0,443199.22
CUST00966,5,10249.17,1,196291.04
CUST00966,6,14897.48,0,308133.15
CUST00967,1,5292.29,0,167255.87
CUST00967,2,48887.43,1,167041.5
CUST00967,3,44440.58,1,278241.78
CUST00967,4,49190.97,1,161638.81
CUST00967,5,30451.71,0,43863.42
CUST00967,6,31703.86,1,385533.02
CUST00968,1,19025.82,1,23213.1
CUST00968,2,47896.31,0,209540.13
CUST00968,3,41184.81,0,398669.75
CUST00968,4,44813.49,0,228786.56
CUST00968,5,20917.54,0,38868.84
CUST00968,6,25787.47,1,444964.07
CUST00969,1,36270.64,0,548.69
CUST00969,2,25021.29,1,400576.55
CUST00969,3,42883.42,0,356847.13
CUST00969,4,29782.88,0,94522.56
CUST00969,5,36519.08,0,49487.33
CUST00969,6,40786.78,0,330126.62
CUST00970,1,8038.63,1,392838.17
CUST00970,2,28501.43,1,361394.7
CUST00970,3,35887.8,1,47231.67
CUST00970,4,9788.72,1,251566.45
CUST00970,5,14514.62,1,166157.87
CUST00970,6,29777.05,0,294270.63
CUST00971,1,19082.63,0,231875.0
CUST00971,2,48776.54,0,351988.85
CUST00971,3,9238.84,1,258382.02
CUST00971,4,36897.34,1,458583.93
CUST00971,5,26543.76,0,301936.94
CUST00971,6,14717.63,1,489544.72
CUST00972,1,32389.54,0,254260.16
CUST00972,2,31184.8,0,401852.91
CUST00972,3,17424.99,1,433116.32
CUST00972,4,34581.04,1,69051.05
CUST00972,5,37507.21,1,81256.79
CUST00972,6,7428.85,1,106875.72
CUST00973,1,18254.55,0,312636.03
CUST00973,2,42740.72,0,67635.14
CUST00973,3,47548.15,1,125981.01
CUST00973,4,17484.09,1,493701.49
CUST00973,5,34467.52,0,65839.55
CUST00973,6,38718.77,1,373886.32
CUST00974,1,7971.75,1,288637.16
CUST00974,2,36974.31,0,5103.94
CUST00974,3,10693.98,0,367393.21
CUST00974,4,10741.13,0,103928.82
CUST00974,5,7281.85,0,347939.28
CUST00974,6,14855.79,0,65292.25
CUST00975,1,24750.8,1,425243.24
CUST00975,2,10723.65,1,121849.63
CUST00975,3,37303.35,1,449255.57
CUST00975,4,39168.68,1,46768.53
CUST00975,5,20095.93,1,203579.0
CUST00975,6,22814.28,1,341090.97
CUST00976,1,42119.53,1,357623.66
CUST00976,2,31769.19,1,228459.03
CUST00976,3,21013.65,1,47976.9
CUST00976,4,29177.11,0,383952.57
CUST00976,5,35770.41,0,80949.56
CUST00976,6,31919.67,1,341318.12
CUST00977,1,41582.96,0,37013.77
CUST00977,2,18434.21,1,20438.32
CUST00977,3,47520.06,1,374537.09
CUST00977,4,28889.87,1,472056.2
CUST00977,5,6312.72,0,421073.43
CUST00977,6,38384.33,1,33440.42
CUST00978,1,22419.47,0,75417.88
CUST00978,2,8652.19,0,469442.99
CUST00978,3,23890.98,1,250543.61
CUST00978,4,21510.16,1,442399.05
CUST00978,5,48597.76,1,420717.3
CUST00978,6,45833.5,1,477023.35
CUST00979,1,44465.58,1,191582.36
CUST00979,2,36519.18,0,42056.34
CUST00979,3,28046.52,1,181025.4
CUST00979,4,7720.01,1,143469.86
CUST00979,5,39338.02,1,150251.55
CUST00979,6,6628.0,1,195758.12
CUST00980,1,13835.62,1,302329.58
CUST00980,2,13485.4,0,283776.44
CUST00980,3,20470.55,1,323611.62
CUST00980,4,21961.8,1,94886.37
CUST00980,5,43092.92,1,67344.82
CUST00980,6,44692.89,1,44229.83
CUST00981,1,48589.59,1,108221.07
CUST00981,2,23492.1,0,459817.58
CUST00981,3,38247.98,0,277402.63
CUST00981,4,19425.26,0,75652.79
CUST00981,5,35563.0,1,318116.11
CUST00981,6,47973.19,1,367476.1
CUST00982,1,47711.46,1,475185.5
CUST00982,2,32796.47,0,311387.34
CUST00982,3,23340.38,0,120051.04
CUST00982,4,19001.07,0,42317.69
CUST00982,5,32035.33,0,190133.13
CUST00982,6,14927.14,1,169417.74
CUST00983,1,15773.99,0,360082.71
CUST00983,2,48308.26,1,473617.35
CUST00983,3,48834.87,0,444481.71
CUST00983,4,35001.97,1,265814.38
CUST00983,5,15121.08,1,474617.6
CUST00983,6,47721.37,1,404458.41
CUST00984,1,15839.85,1,353202.92
CUST00984,2,21463.0,0,264501.0
CUST00984,3,23255.05,1,490068.92
CUST00984,4,17018.43,1,389181.01
CUST00984,5,22568.19,0,281857.74
CUST00984,6,17085.33,1,398033.02
CUST00985,1,23061.95,0,447457.25
CUST00985,2,40886.94,1,360872.85
CUST00985,3,47423.36,0,167751.78
CUST00985,4,13971.57,0,218293.07
CUST00985,5,30394.3,1,196513.73
CUST00985,6,46903.7,1,388460.37
CUST00986,1,22203.85,1,215454.01
CUST00986,2,45767.51,0,39539.33
CUST00986,3,20446.59,1,11063.0
CUST00986,4,36398.36,1,286343.26
CUST00986,5,46638.19,1,458532.52
CUST00986,6,18785.73,1,407382.97
CUST00987,1,13341.41,1,297972.27
CUST00987,2,19539.34,1,287858.29
CUST00987,3,22868.37,1,90861.93
CUST00987,4,43405.19,0,6773.12
CUST00987,5,44155.21,1,68354.43
CUST00987,6,21557.42,0,294250.66
CUST00988,1,10339.85,0,192402.98
CUST00988,2,46990.63,1,26319.57
CUST00988,3,35046.4,1,325332.58
CUST00988,4,31258.45,0,396319.27
CUST00988,5,12083.59,1,408289.01
CUST00988,6,18544.88,1,443065.45
CUST00989,1,14607.09,1,226402.59
CUST00989,2,23569.22,0,385159.94
CUST00989,3,15170.25,0,451833.46
CUST00989,4,6349.45,0,343129.22
CUST00989,5,10489.19,1,410975.82
CUST00989,6,46388.86,0,465960.6
CUST00990,1,8573.04,0,274491.4
CUST00990,2,9157.01,1,140425.66
CUST00990,3,12038.83,1,407822.74
CUST00990,4,34607.37,0,448130.58
CUST00990,5,24482.55,1,398755.24
CUST00990,6,16689.27,0,325243.42
CUST00991,1,35542.07,1,56214.31
CUST00991,2,13729.8,0,434846.82
CUST00991,3,47019.15,0,12657.54
CUST00991,4,28806.65,1,437656.04
CUST00991,5,41916.01,0,452468.65
CUST00991,6,25825.96,0,288652.36
CUST00992,1,23013.73,1,203368.82
CUST00992,2,13774.06,1,55737.56
CUST00992,3,45996.2,0,413707.47
CUST00992,4,46625.02,0,350132.98
CUST00992,5,41688.1,1,466214.51
CUST00992,6,7829.68,1,162741.82
CUST00993,1,28361.48,1,18183.27
CUST00993,2,46434.87,1,428167.43
CUST00993,3,13018.16,0,32856.29
CUST00993,4,13383.89,1,331284.03
CUST00993,5,47541.34,1,212711.31
CUST00993,6,32189.69,0,483829.78
CUST00994,1,36153.49,1,384619.69
CUST00994,2,14792.75,1,264543.3
CUST00994,3,33239.59,1,247188.57
CUST00994,4,12401.53,1,99229.74
CUST00994,5,13915.2,1,172931.61
CUST00994,6,36913.43,1,387782.72
CUST00995,1,12920.46,0,13394.49
CUST00995,2,34019.39,1,363127.17
CUST00995,3,43517.53,0,171984.7
CUST00995,4,37361.14,1,176124.45
CUST00995,5,45196.31,0,341442.76
CUST00995,6,45929.51,0,84487.98
CUST00996,1,33797.15,1,113419.72
CUST00996,2,32717.69,1,301694.87
CUST00996,3,12843.78,1,181795.29
CUST00996,4,26315.66,0,414152.76
CUST00996,5,40177.05,0,390929.35
CUST00996,6,15147.58,0,211613.42
CUST00997,1,8919.84,1,485996.44
CUST00997,2,26129.41,1,453699.0
CUST00997,3,29805.22,1,22780.84
CUST00997,4,13434.69,1,248917.1
CUST00997,5,48182.4,1,403462.89
CUST00997,6,42339.42,0,190566.49
CUST00998,1,9440.16,1,62340.64
CUST00998,2,22839.16,1,322403.08
CUST00998,3,47846.76,1,111130.69
CUST00998,4,48323.56,0,280110.33
CUST00998,5,48285.89,0,44820.28
CUST00998,6,43656.36,0,396877.91
CUST00999,1,33362.01,0,381022.4
CUST00999,2,29035.96,1,389675.35
CUST00999,3,26531.44,1,221308.11
CUST00999,4,16819.5,0,104910.09
CUST00999,5,48643.91,0,491076.15
CUST00999,6,49211.22,0,476142.02
CUST01000,1,46383.92,1,8443.66
CUST01000,2,9775.88,1,146018.46
CUST01000,3,49871.22,1,280106.55
CUST01000,4,35165.88,0,283036.76
CUST01000,5,37280.97,0,495406.21
CUST01000,6,33410.09,0,89319.11
